"profile_id","username","display_name","avatar_url","total_xp","season_id","week","weekly_xp","cumulative_xp","rank"
"298","dragossden","dragos","https://pbs.twimg.com/profile_images/1950697049021685762/K3QtZbzt.jpg","12245593","1","13","243019","7914797","1"
"17","eskacie","sketch","https://pbs.twimg.com/profile_images/1963243355426463744/NWwcxwG_.jpg","11796562","1","13","188222","5345877","2"
"6680","0xJohannes_","Johannes (4, 4)","https://pbs.twimg.com/profile_images/1742628395777703936/l7ZAK6rG.jpg","6208367","1","13","174130","6001940","3"
"124","quadwitch","quadwitch","https://pbs.twimg.com/profile_images/1958913025525600256/l7rsTRs4.jpg","3694575","1","13","154093","2358421","4"
"11813","0xGeeGee","0xGeeGee","https://pbs.twimg.com/profile_images/1740692351192879104/BGQ3LNVS.jpg","2409635","1","13","153245","2319763","5"
"18989","MrNeverPullsOut","Mr.NeverPullsOut","https://pbs.twimg.com/profile_images/1946962074048798720/GnMFEoku.jpg","1344479","1","13","102438","1262097","6"
"2","porkbus","porkbus (??, ??)","https://pbs.twimg.com/profile_images/1963288313244389377/Ya3g2Qy-.jpg","6851973","1","13","92063","2217930","7"
"2357","cnig69","cnig","https://pbs.twimg.com/profile_images/1904723577322213376/RFbvYokC.jpg","454951","1","13","87538","454951","8"
"1150","peceka","Cristian P.","https://pbs.twimg.com/profile_images/1922429499892744192/Mo8Q5M7s.jpg","2691399","1","13","87333","1611378","9"
"9","0xak_","ak","https://pbs.twimg.com/profile_images/1905740871909400576/Xp9Dzf84.jpg","4274280","1","13","83377","1572730","10"
"2187","MutantMatt0x","MMatt ??","https://pbs.twimg.com/profile_images/1873019054111268864/WXjvNSqK.jpg","1297058","1","13","80734","950029","11"
"3630","stellarobject1","stellarobject","https://pbs.twimg.com/profile_images/1952704983905775616/2d_NVQpT.jpg","3247881","1","13","75761","1998632","12"
"15172","0xCragHack","CragHack | GoH","https://pbs.twimg.com/profile_images/1956465076631666688/BKQSM4hf.jpg","688367","1","13","72572","597420","13"
"8846","mrseven_1","Mrseven.eth","https://pbs.twimg.com/profile_images/1951543112465272832/2NNSLKzJ.jpg","2235719","1","13","71977","1762013","14"
"1942","huntersolaire_","Hunter Solaire ??","https://pbs.twimg.com/profile_images/1932423437634449408/S-uWTWZ4.jpg","2642101","1","13","71140","1151796","15"
"730","miro_kirov","miroki.eth","https://pbs.twimg.com/profile_images/1957807951319621633/pmOS8hrE.jpg","884764","1","13","66999","661847","16"
"288","thegolden_eel","eel","https://pbs.twimg.com/profile_images/1940508138710409216/XBJ0Jmqu.jpg","1991831","1","13","63897","982149","17"
"1557","CrypSaf","SafZ","https://pbs.twimg.com/profile_images/1683213602013036544/GuQn2-Ig.jpg","3964847","1","13","58237","954540","18"
"5735","casperdefi","Casper ????","https://pbs.twimg.com/profile_images/1923065290771902464/b3AAxVMw.jpg","1563053","1","13","57647","1181887","19"
"14169","ggmxbt","ggmxbt","https://pbs.twimg.com/profile_images/1934939904355840000/Vnzw1mXj.jpg","479526","1","13","57421","435915","20"
"2282","chosta_eth","chosta.eth","https://pbs.twimg.com/profile_images/1828032209992749056/FcDBmabB.jpg","945763","1","13","56583","650056","21"
"6282","OlAndrus6","andrusiak","https://pbs.twimg.com/profile_images/1957437055862009857/2Yb3HD3j.jpg","617397","1","13","54199","448076","22"
"5","yukokosaka","colorblock","https://pbs.twimg.com/profile_images/1969075284671426560/L51FxplT.jpg","3437661","1","13","52975","1071877","23"
"1778","legendarygainz_","Legendary","https://pbs.twimg.com/profile_images/1931964302065356800/uVnG_yqH.jpg","1635728","1","13","52602","295354","24"
"15530","onderyazici","onderyazici","https://pbs.twimg.com/profile_images/1875107800910540800/6k6f2FxA.jpg","498380","1","13","52328","447760","25"
"2697","Denisek45732140","Denise kim","https://pbs.twimg.com/profile_images/1961541275104002049/t6j0Earo.jpg","1856403","1","13","51355","1151958","26"
"19839","Airwaxim","airwaxim | GoH","https://pbs.twimg.com/profile_images/1955368963476504576/NwOafRku.jpg","359603","1","13","50981","340853","27"
"7883","yueya_eth","Yueya.eth????","https://pbs.twimg.com/profile_images/1962185226358300672/yLrZaYq5.jpg","2794194","1","13","50569","1603671","28"
"24280","VovkaTheGreat","Vovka.base","https://pbs.twimg.com/profile_images/1949684335025545216/Rj2xQcKJ.jpg","501203","1","13","50092","473116","29"
"4097","Sk0rpETH","Sk0rp.eth","https://pbs.twimg.com/profile_images/1959006008329527296/hL6HNlL2.jpg","923457","1","13","49700","789659","30"
"1432","PremiumSaltine_","Premium_Saltine","https://pbs.twimg.com/profile_images/1922516577506713600/xBQ4VvrJ.jpg","1939347","1","13","49297","924572","31"
"2031","S4mmyEth","s4mmy","https://pbs.twimg.com/profile_images/1899434260903161856/WJoBQyLi.jpg","3199123","1","13","47367","1182405","32"
"10297","AHS_fansy","AHS | GoH","https://pbs.twimg.com/profile_images/1960620872982536192/07rsJbfI.jpg","372509","1","13","47063","329431","33"
"4290","rickcoindoctor","Rick Coin Doctor","https://pbs.twimg.com/profile_images/1886073768256090112/2DB1Sha9.jpg","560200","1","13","47020","430436","34"
"20","zp_land","ZpLand ??","https://pbs.twimg.com/profile_images/1884955278233251840/jgDwgN-0.jpg","3238233","1","13","46698","1006610","35"
"133","BdgeScott","scottco","https://pbs.twimg.com/profile_images/1957841901123481604/ZKpka0gJ.jpg","1607259","1","13","46639","878777","36"
"4020","JPEG_Yakuza_","JPEG Yakuza","https://pbs.twimg.com/profile_images/1918929674195079168/Xhh1UYq0.jpg","2076158","1","13","46435","1194572","37"
"19404","Rencrypta","Rencrypta.eth","https://pbs.twimg.com/profile_images/1576954042500120576/L6r5P7Lh.jpg","426564","1","13","46400","405174","38"
"28294","Dim20132","Web3now","https://pbs.twimg.com/profile_images/1955961977928372224/liSBgJL7.jpg","78856","1","13","46167","65423","39"
"896","djDriverless","Beamish","https://pbs.twimg.com/profile_images/1967008054911586304/p8zrC2SJ.jpg","1610973","1","13","46160","930354","40"
"13830","0xAybars","Ayvaras","https://pbs.twimg.com/profile_images/1961145702756601856/ToksOnJf.png","409848","1","13","45506","363981","41"
"1126","__MLO_","MLO","https://pbs.twimg.com/profile_images/1925205409649856512/_bFph13z.jpg","2668733","1","13","45421","968404","42"
"464","zimmerallday","ZimmerAllDay??","https://pbs.twimg.com/profile_images/1753068660023803904/WQE8Sj71.jpg","1705982","1","13","44948","670902","43"
"19","beast_ico","IcoBeast.eth????","https://pbs.twimg.com/profile_images/1610827135978987522/qGWbuvec.jpg","843325","1","13","44447","413384","44"
"3029","SanjayWeb3","Sanjay","https://pbs.twimg.com/profile_images/1808961844045910016/145Ib6Vs.jpg","4023509","1","13","43843","1237581","45"
"5270","Gandhi_Strategy","Gandhi","https://pbs.twimg.com/profile_images/1961552229795500032/uwR498Pw.jpg","1670009","1","13","43083","845278","46"
"23609","yichuan_drive","??drive ?? ?? ??","https://pbs.twimg.com/profile_images/1962378482224177152/aewrdxjG.jpg","317916","1","13","42861","275846","47"
"28269","Wartask1","Wartask","https://pbs.twimg.com/profile_images/1941424229951348738/i76lQUOR.jpg","150900","1","13","42546","124565","48"
"13517","kriptobi","Kriptobi","https://pbs.twimg.com/profile_images/1856396220815548416/TD2TwGj-.jpg","164190","1","13","40312","127158","49"
"27129","kar4arodon","karcharodon","https://pbs.twimg.com/profile_images/1440364289836023808/vuG-FCV6.jpg","165571","1","13","39785","119815","50"
"22568","doxe_0x","doxe","https://pbs.twimg.com/profile_images/1964791400144281600/OfjbbQqW.jpg","352900","1","13","39554","306039","51"
"26094","dory_riley","Riley Dory (?,?)","https://pbs.twimg.com/profile_images/1964987006947110912/Q0lS9r0N.jpg","226295","1","13","39395","201194","52"
"3456","zera_chielo","Zera","https://pbs.twimg.com/profile_images/1943575742530433024/B2Tfe9o6.jpg","1909807","1","13","39293","890689","53"
"2116","0xAbhiP","Abhi","https://pbs.twimg.com/profile_images/1862162587976445952/30wBtaB0.jpg","5058050","1","13","38968","1664758","54"
"3713","ivan_nomadz","Ivan","https://pbs.twimg.com/profile_images/1907996869554483202/okroEniR.jpg","1017940","1","13","38616","630643","55"
"7421","dremondeth","dremond.eth ??","https://pbs.twimg.com/profile_images/1916370757502046209/qy_5-bNU.jpg","1154115","1","13","37700","651688","56"
"22299","nata_cryptogirl","Cryptogirl??","https://pbs.twimg.com/profile_images/1921606890762485760/ZrNQjXLK.jpg","306485","1","13","37413","272834","57"
"23839","CryptoTruthhh","Crypto.truth","https://pbs.twimg.com/profile_images/1945149964792823808/E4fTg2Zo.jpg","275572","1","13","37365","261219","58"
"15961","HakanWinners","Hakan","https://pbs.twimg.com/profile_images/1941437255832207360/uI5Au7wL.jpg","167823","1","13","37122","130475","59"
"25170","pekkahcu","furkaneth","https://pbs.twimg.com/profile_images/1959340305917804544/4FciTyUW.jpg","134668","1","13","37074","103693","60"
"450","resaang","Resaang","https://pbs.twimg.com/profile_images/1954353401619509248/YD3RW9Gu.jpg","2638607","1","13","36906","528443","61"
"11354","isnotberlin","Berlin??.ink ?????,?????","https://pbs.twimg.com/profile_images/1960073323301249024/N8yHpxnY.jpg","174671","1","13","36682","140757","62"
"25389","Belialoglu","Belial ?????,????? Anomage ?????,???","https://pbs.twimg.com/profile_images/1957319917071409152/_XN4J0VR.jpg","142604","1","13","36036","127406","63"
"26759","sakhavat1659570","sakhavat (?,G)","https://pbs.twimg.com/profile_images/1897573927884341248/enlhdmaw.jpg","43222","1","13","35890","38840","64"
"10115","arshiaxbt","arshia | ?:","https://pbs.twimg.com/profile_images/1959675374754754560/0Js7NPus.jpg","292389","1","13","35864","224326","65"
"25826","TinaPalesha","tina palesha ??","https://pbs.twimg.com/profile_images/1949845014902681600/suF0-Ylv.jpg","254135","1","13","35701","236443","66"
"27823","franborrajo","Mr. Phanter","https://pbs.twimg.com/profile_images/1959308252396572672/QxVRZPwp.jpg","109951","1","13","35655","89890","67"
"24657","AmirsadeghEth","Amirsadegh","https://pbs.twimg.com/profile_images/1956872470201307136/MwAT-ZWJ.jpg","93460","1","13","35433","44206","68"
"28492","Kilavv_","Kilavv","https://pbs.twimg.com/profile_images/1738207073614061568/qkm7sbVg.jpg","180415","1","13","35374","160503","69"
"5273","Jampzey","Jampzey.hl","https://pbs.twimg.com/profile_images/1944970434853920771/JzL2woNp.jpg","1891166","1","13","35317","1012818","70"
"31394","ruzgardmrglu","Mrt.eth","https://pbs.twimg.com/profile_images/1954978913634942976/awww1fpb.jpg","73104","1","13","35137","36543","71"
"28682","cheonchain","?he Onchain","https://pbs.twimg.com/profile_images/1731800310903914497/tHx5-9lY.jpg","51923","1","13","35044","39831","72"
"28686","UrsulaAnino2","Surfing experience","https://pbs.twimg.com/profile_images/1717683758369775617/VIb8RKlk.jpg","57407","1","13","34948","45463","73"
"17667","EshiFromForest_","Forest | GoH","https://pbs.twimg.com/profile_images/1832737297277587457/ZN0E4kRe.jpg","205579","1","13","34902","193778","74"
"22985","_Ehsan_96","Ehsan | ?????","https://pbs.twimg.com/profile_images/1965727067955232768/bCe_5G0I.jpg","152380","1","13","34697","134601","75"
"26922","ofwassupp","budekk (?,?)","https://pbs.twimg.com/profile_images/1956486186744139776/7kCLqdUb.jpg","111618","1","13","34681","102873","76"
"26591","0xdarkkk","0xdarkkk.eth","https://pbs.twimg.com/profile_images/1890104958168473600/etjbjZkO.jpg","102042","1","13","33896","93437","77"
"6011","DogMoonTrader","MoonTrader","https://pbs.twimg.com/profile_images/1961721247324078084/Z-dAR8w1.jpg","1317769","1","13","33417","748338","78"
"28241","gryazintweets","Gryazin","https://pbs.twimg.com/profile_images/1964350738424881152/iEMlLHJF.jpg","140587","1","13","33302","91841","79"
"3668","publius_val","Publius","https://pbs.twimg.com/profile_images/1947272688956743680/JzeBWLZr.jpg","595938","1","13","33266","450307","80"
"21853","0xHaciyatmaz","haciyatmaz","https://pbs.twimg.com/profile_images/1260642653445722113/FNc66_sv.jpg","232931","1","13","33254","171784","81"
"19749","s2k74","?SAJJAD?","https://pbs.twimg.com/profile_images/1934872308163739648/X5Qv6gr-.jpg","93289","1","13","32769","70152","82"
"1388","deejayrips","deejayrips","https://pbs.twimg.com/profile_images/1922490437270482944/3vDTvNIK.jpg","1091606","1","13","32731","662564","83"
"23555","zohrehfakhri","ZOHRE (???)","https://pbs.twimg.com/profile_images/1920203982183567360/VIGauRBE.jpg","91014","1","13","32154","74635","84"
"20210","selim_jpeg","Selim C ????","https://pbs.twimg.com/profile_images/1923710643619635200/pYdAE9gZ.jpg","90972","1","13","32063","76842","85"
"12723","UTDsDad","nobody","https://pbs.twimg.com/profile_images/1757597241097781248/IYNjnuEb.jpg","446616","1","13","32042","434142","86"
"2309","ironsidecrypto","Mush","https://pbs.twimg.com/profile_images/1905279730963959808/A5NJwczs.jpg","735324","1","13","31954","413843","87"
"21071","Marina_1992x","Marina | GoH","https://pbs.twimg.com/profile_images/1819294520447524865/4jnL2OBR.jpg","295641","1","13","31867","274136","88"
"23612","stoicbedo","Stoic Bedo","https://pbs.twimg.com/profile_images/1907807718762541056/lv8CPEgR.jpg","83022","1","13","31830","70875","89"
"30461","byeibo2","byeibo","https://pbs.twimg.com/profile_images/1947919133296791552/4HvduTfk.jpg","43846","1","13","31815","31815","90"
"1167","zacxbt","zac.eth ?????????","https://pbs.twimg.com/profile_images/1760942755545800704/wFBpdSgp.jpg","894615","1","13","31720","348655","91"
"20887","CryptoRaho","Raho","https://pbs.twimg.com/profile_images/1931254169832181760/bwPPVNS7.jpg","160614","1","13","31605","151283","92"
"26712","raketa2022","Raketa??","https://pbs.twimg.com/profile_images/1953058990675435520/E2uppmH1.jpg","177088","1","13","31249","160745","93"
"8519","TAhmed93","Tanveer ? ??","https://pbs.twimg.com/profile_images/1885213033875857408/ETixLD-z.jpg","275189","1","13","31236","199003","94"
"29087","vladski29","Vladski","https://pbs.twimg.com/profile_images/1919602667141156864/-o63X8I5.jpg","87489","1","13","31143","74914","95"
"7499","WY_mask","??","https://pbs.twimg.com/profile_images/1946141372907712512/AyEwDt49.png","1065263","1","13","31131","742233","96"
"12479","lowbross","Inob.ink","https://pbs.twimg.com/profile_images/1953873030481883136/judk9vQ_.jpg","267786","1","13","30887","238068","97"
"28228","Kruz_Uzdyak","Kruz Uzdyak","https://pbs.twimg.com/profile_images/1941006611025162240/vxXBJUvo.jpg","240511","1","13","30740","235561","98"
"15227","SmartDropFarmer","Smart Drop Farmer","https://pbs.twimg.com/profile_images/1760586540940505088/ejwcSOvg.jpg","293804","1","13","30719","249238","99"
"2734","Pinkz2903","Pinkz | Wolves DAO","https://pbs.twimg.com/profile_images/1820406154520047616/eB4XxoVE.jpg","673877","1","13","30594","342386","100"
"28770","cryptopenguen","BTY16 ?????,????? ??","https://pbs.twimg.com/profile_images/1964904846835802113/XLi61qi0.jpg","148700","1","13","30515","121494","101"
"25916","0xsalty2755","salty ????","https://pbs.twimg.com/profile_images/1958075835497295873/lC6RmjgG.jpg","213541","1","13","30145","197165","102"
"2034","katexbt","katexbt.hl","https://pbs.twimg.com/profile_images/1965699098688073728/qNcfLt8a.jpg","1207097","1","13","30104","813230","103"
"29130","ford_mikhail","Mikhail | BigBr? ??","https://pbs.twimg.com/profile_images/1964996089246793728/4WrB9Ydf.jpg","61562","1","13","29890","32764","104"
"2003","KeepCalmNdChill","KeepCalmNChill","https://pbs.twimg.com/profile_images/1927771983975964672/7ht6fOGf.jpg","588673","1","13","29798","269427","105"
"2518","Evan_ss6","Evanss","https://pbs.twimg.com/profile_images/1544887512455188480/NTlA57Iu.jpg","698785","1","13","29776","486880","106"
"18895","BlueGirl_NFT","Blue Girl","https://pbs.twimg.com/profile_images/1955702527862755328/VZA8OO5w.jpg","179444","1","13","29603","156258","107"
"10","zetaonchain","zeta","https://pbs.twimg.com/profile_images/1330879164698783744/h2D2JJJl.jpg","1461889","1","13","29082","766809","108"
"13","fillip_g","FillipGumbottom","https://pbs.twimg.com/profile_images/1922455858862055424/37Scm0Dc.jpg","1466499","1","13","29080","487721","109"
"15793","0x_rizz","rizzzz.eth","https://pbs.twimg.com/profile_images/1943552485064343553/VqdEBuWJ.jpg","238687","1","13","29009","223995","110"
"26975","CyberPunk221122","Samorityanin??","https://pbs.twimg.com/profile_images/1912888066936565760/sYiQsYPx.jpg","305590","1","13","28916","285268","111"
"2073","0xGedis","Gedis","https://pbs.twimg.com/profile_images/1962164452540788736/Jvowtnip.jpg","956991","1","13","28664","607567","112"
"16574","coinkritik","CoinKritik","https://pbs.twimg.com/profile_images/1375968892137439234/vmLgrSrT.jpg","134710","1","13","28462","99659","113"
"20356","ElinTekin5","Eliiin ??","https://pbs.twimg.com/profile_images/1945749126999580672/NbW2KlQv.jpg","234610","1","13","28432","202732","114"
"14281","WhoYKK","Yash","https://pbs.twimg.com/profile_images/1966253450985091073/KoFb5YFK.jpg","93903","1","13","28422","77785","115"
"1834","SethA1982","Kuruptshun","https://pbs.twimg.com/profile_images/1922761242554335232/vWTAiQ6j.jpg","1136737","1","13","27989","574690","116"
"1576","_CryptoPhoenix_","Phoenix ?????","https://pbs.twimg.com/profile_images/1781314898808442882/gB-HM7Kc.jpg","668393","1","13","27865","381079","117"
"28985","ggwp_easyy","SeRG| ???? | ??rAI ?,?","https://pbs.twimg.com/profile_images/1957708896044478467/oHZawmH9.jpg","70011","1","13","27738","50096","118"
"23739","Pencha7777","Pencha","https://pbs.twimg.com/profile_images/1949565273603735552/qbbcY0wf.jpg","395773","1","13","27701","393052","119"
"28038","0xDruuu","0xDruuu ?? ????","https://pbs.twimg.com/profile_images/1726209492357156864/uk5g2jTd.jpg","56436","1","13","27608","35083","120"
"20979","1108Kendo","AtikinOnHL | GoH","https://pbs.twimg.com/profile_images/1920219571438358528/ohicT3Ud.png","220200","1","13","27604","214695","121"
"21055","simbiryakov","evsim","https://pbs.twimg.com/profile_images/1965625720002023424/9juIM4Ka.jpg","267075","1","13","27524","245593","122"
"13211","S_memek","Dimple??????","https://pbs.twimg.com/profile_images/1928352388391522304/r_xt9RFO.jpg","92890","1","13","27498","92124","123"
"21850","ledi_de_","Ledi_DE","https://pbs.twimg.com/profile_images/1965689480062414848/esx-hOen.jpg","145039","1","13","27402","143569","124"
"30521","Alexgoldpack","Alexgoldpack","https://pbs.twimg.com/profile_images/1954158790913282048/R0dv96fZ.jpg","65476","1","13","27179","37880","125"
"30542","Nook383838","Vladimir","https://pbs.twimg.com/profile_images/1867554083860533248/pj3tRdJr.jpg","56179","1","13","27106","40270","126"
"20833","bullrungenius","suckmydiscoteque.eth","https://pbs.twimg.com/profile_images/1945809486947463168/eD_Y9LDv.jpg","250081","1","13","27009","240824","127"
"3164","freaz7","Freaz","https://pbs.twimg.com/profile_images/1700619499475480576/Krz2rRF8.jpg","746106","1","13","27005","446099","128"
"3611","MaskiDLuffy","MaskiDLuffy","https://pbs.twimg.com/profile_images/1799477370383925250/daCvZPzg.jpg","858941","1","13","26996","478822","129"
"22064","slntpkra36838","serkan","https://pbs.twimg.com/profile_images/1965026719963676672/2d_12k81.jpg","44420","1","13","26879","36975","130"
"1711","Shaggy8627","Shaggy","https://pbs.twimg.com/profile_images/1964304243751313408/yZOFNJqG.jpg","1254315","1","13","26848","570231","131"
"15627","0x3aeed","0x3aeed.eth??","https://pbs.twimg.com/profile_images/1946344642229710848/b0vBqEMW.jpg","217600","1","13","26722","174710","132"
"16098","vahidnfcc","????????? ?:","https://pbs.twimg.com/profile_images/1965648714732621824/fMLybzjB.jpg","178348","1","13","26624","148352","133"
"23425","solmir82","Solmir.eth | GoH","https://pbs.twimg.com/profile_images/1721179103032696832/0gQDJBi6.jpg","220727","1","13","26464","181953","134"
"9689","0xaida6","0xaida","https://pbs.twimg.com/profile_images/1963921690892570624/Av81xaJD.jpg","144055","1","13","26450","134033","135"
"26433","Fatih8282174527","Fatih (?,G) |HUDL ? ?????,?????","https://pbs.twimg.com/profile_images/1835965742669352960/a6-YYJXE.jpg","44896","1","13","26381","36434","136"
"20473","pheonixscribe","phoenixscribe","https://pbs.twimg.com/profile_images/1966235713910771712/7q6n4XbU.jpg","183561","1","13","26256","171130","137"
"23560","sterhcrypto","Sterh","https://pbs.twimg.com/profile_images/1879174556537004032/tGFV00N7.jpg","160694","1","13","25982","125130","138"
"2527","RaAr3s","RaAr?s ??","https://pbs.twimg.com/profile_images/1944716390566338561/SkeGuWj5.jpg","7716938","1","13","25891","1816447","139"
"2047","nftboi_","NFTboi ??","https://pbs.twimg.com/profile_images/1875033362227949569/JEFnzRdp.jpg","1093435","1","13","25822","424002","140"
"443","iamdiarrhoea","Iamdiarrhoea","https://pbs.twimg.com/profile_images/1922887875864977408/b1A81JaW.jpg","1707790","1","13","25590","480791","141"
"18967","IamPiratushka","Piratushka|GOH","https://pbs.twimg.com/profile_images/1930270598103511040/9mUEj7Hy.jpg","273388","1","13","25153","262158","142"
"29121","JVeselka","Jonny Veselka","https://pbs.twimg.com/profile_images/1956903376433655808/7RaxNH8A.jpg","116376","1","13","25111","100647","143"
"2377","WillisP90","WillisP90, MBA","https://pbs.twimg.com/profile_images/1877818526943035392/VhaUwvZr.png","689710","1","13","25067","265326","144"
"24395","vadim1602_eth","Vadim","https://pbs.twimg.com/profile_images/1960996848912433152/z5exmG3e.jpg","245033","1","13","25000","232934","145"
"5260","Hydraze420","Hydraze ?????","https://pbs.twimg.com/profile_images/1931474104684605440/TLMLjVgj.jpg","1824067","1","13","24908","929154","146"
"29122","Jull998","Juli","https://pbs.twimg.com/profile_images/1964765862419632129/sM5iXdF-.jpg","33272","1","13","24562","28860","147"
"30671","Prorok_G","Prorok","https://pbs.twimg.com/profile_images/1953151899433041920/Q44mJHj3.jpg","104440","1","13","24543","70960","148"
"9429","splinter0n","Splin Teron","https://pbs.twimg.com/profile_images/1910670964641456131/Rn-5okFd.jpg","500971","1","13","24429","442775","149"
"24836","CepodKripto","Cepod.base.eth","https://pbs.twimg.com/profile_images/1811736954092081152/HULA0J2D.jpg","43945","1","13","24420","32794","150"
"28496","ghosterbycpitm","GhOsTeR","https://pbs.twimg.com/profile_images/1944231381254426624/8FBkmgb3.jpg","209727","1","13","24041","187061","151"
"9718","cutemoon66","cutemoon?","https://pbs.twimg.com/profile_images/1942929356872912897/VGVnVO9o.jpg","164445","1","13","23938","112998","152"
"4627","PlaceholderKey","Placeholder.hl","https://pbs.twimg.com/profile_images/1928433575847710720/hjyOaQ_R.jpg","546077","1","13","23544","411357","153"
"23189","kttaang","tung I Sahara (?,G) (?,?)","https://pbs.twimg.com/profile_images/1965082338808954880/bIrjvgtx.jpg","118485","1","13","23540","94264","154"
"2048","turkxbt","turk","https://pbs.twimg.com/profile_images/1796203589376806912/3FwZpYJW.jpg","374126","1","13","23439","168501","155"
"15188","lizard_capital","LizardCapital","https://pbs.twimg.com/profile_images/1932478172651810816/B38UR13d.jpg","413388","1","13","23383","390871","156"
"3874","nayverfayver","nayver","https://pbs.twimg.com/profile_images/1958982156514205697/gO9eBjsB.jpg","720274","1","13","23271","426400","157"
"7626","dude_its_ritik","hrithik ( ??? ) ??","https://pbs.twimg.com/profile_images/1963529629983178752/-LsER1N6.jpg","866337","1","13","23199","719476","158"
"22579","kirrillius","Kirill (?,?)","https://pbs.twimg.com/profile_images/1853801660184756224/pKexwJTO.jpg","60120","1","13","23165","50373","159"
"11983","ValarDoh3eris","AdeXBT","https://pbs.twimg.com/profile_images/1943207281740357632/0vyRrCRB.jpg","188634","1","13","23151","182086","160"
"28975","0xNapalm","Napalm.hl","https://pbs.twimg.com/profile_images/1956694002788409344/fKc67_nK.jpg","203040","1","13","22969","183396","161"
"444","smed_b","becket.eth","https://pbs.twimg.com/profile_images/1922658913008181248/ZdyYfqjK.jpg","801343","1","13","22784","382204","162"
"19196","krajekis","krajekis","https://pbs.twimg.com/profile_images/1939724039926222849/WN1HMscW.jpg","237651","1","13","22709","224892","163"
"2297","Julianito_US","Julianito ????","https://pbs.twimg.com/profile_images/1931232323464523776/EJkY4bJt.jpg","738969","1","13","22564","422927","164"
"28869","__Sane4ek__","Sane4ek","https://pbs.twimg.com/profile_images/1943374470883786752/cAtDIcgk.jpg","73892","1","13","22453","57646","165"
"6683","0xmazyar","ANON","https://pbs.twimg.com/profile_images/1923011198116581376/TgA7sK2X.jpg","94338","1","13","22416","72096","166"
"28124","Sercan0x","Sercan base.eth","https://pbs.twimg.com/profile_images/1949128410682318848/AyFNqQR6.jpg","82412","1","13","22143","66415","167"
"579","RonnieDcky","Ronnie","https://pbs.twimg.com/profile_images/1704981181702283264/GlWbCXMJ.jpg","938696","1","13","22124","191982","168"
"49","camargitron","camargitron","https://pbs.twimg.com/profile_images/1922464463417978880/7RKHzY-9.jpg","632696","1","13","22105","352790","169"
"29932","0xSn0wMan","Sn0w(??,??) ???????","https://pbs.twimg.com/profile_images/1955621823787245568/px1p2WbT.jpg","60982","1","13","22086","34192","170"
"30736","55hakan_yvzsln","Hakan","https://pbs.twimg.com/profile_images/1717478948659924992/6tY_1vvI.jpg","49573","1","13","22015","49198","171"
"4679","0xSpop","0xSodapop","https://pbs.twimg.com/profile_images/1889775609250750464/SVv75b1p.jpg","769809","1","13","21934","439733","172"
"16084","alamaluu","Alamalu","https://pbs.twimg.com/profile_images/1963539868094550016/iLJ1zXuY.jpg","32884","1","13","21925","32672","173"
"21193","_incept1on","incept1oN ??","https://pbs.twimg.com/profile_images/1936445467212070914/NCdc-UKN.jpg","22029","1","13","21828","21838","174"
"14905","Guezito1","guezit","https://pbs.twimg.com/profile_images/1938378775588167680/Xl0f6cVg.jpg","215204","1","13","21760","189320","175"
"27385","Pashus07","Crypto-Kucherov","https://pbs.twimg.com/profile_images/1948737612849496064/owgkOWQD.jpg","81105","1","13","21562","76685","176"
"1958","what3verman","?whateverman????","https://pbs.twimg.com/profile_images/1967024349073817600/F9DkNacX.jpg","504986","1","13","21496","146700","177"
"29197","kenv1t","Kenvito Scaletto ??","https://pbs.twimg.com/profile_images/1876277298501931008/Q9b78pmU.jpg","39804","1","13","21490","27670","178"
"26507","QavurDaglii","QavurDagli??","https://pbs.twimg.com/profile_images/1962679534815170560/jF1masIw.jpg","38118","1","13","21478","33486","179"
"27848","srhairdrop","Sr. H ??","https://pbs.twimg.com/profile_images/1950259658049896448/qRL-qaL5.jpg","77037","1","13","21367","75656","180"
"16576","NatChittamai","Nat ????","https://pbs.twimg.com/profile_images/1942402554907795456/ZzM3D7KO.png","205679","1","13","21206","174264","181"
"2108","TheGodMurdoch","Murdoch","https://pbs.twimg.com/profile_images/1874306422961262592/12BBV5yk.jpg","1103256","1","13","21122","630661","182"
"3670","DiaHands2021","Mamba4Ever ??","https://pbs.twimg.com/profile_images/1927558978403274752/_4mKQv4x.jpg","837110","1","13","21020","540547","183"
"27869","2fast2lucky","Wealthy ???? Pasha","https://pbs.twimg.com/profile_images/1925912433543049216/e_5Wb-Ja.jpg","113339","1","13","20826","99977","184"
"1166","Mr_Meridian","MrMeridian.eth","https://pbs.twimg.com/profile_images/1920852434110324737/8qzx5FoC.jpg","830327","1","13","20792","417391","185"
"10311","0xZayfer","Zayfer","https://pbs.twimg.com/profile_images/1957858309391704064/1xuYkD_R.jpg","252768","1","13","20767","213435","186"
"2193","yelownft","Yelow","https://pbs.twimg.com/profile_images/1857612227572019200/gS52eJ7H.jpg","745413","1","13","20655","404052","187"
"1423","pacificpelago","Pelago ????","https://pbs.twimg.com/profile_images/1963849532762177538/lE8BJ8WX.jpg","904975","1","13","20623","493625","188"
"19879","deTEfabulaNar_","dTfN.bob?","https://pbs.twimg.com/profile_images/1880080564029374464/uigW0psl.jpg","165673","1","13","20386","142758","189"
"27053","vadim_kesha1","VADYM MATVIICHUK","https://pbs.twimg.com/profile_images/1954569966079852544/odw1WbTZ.jpg","50203","1","13","20377","24548","190"
"3482","tulipxbt","tulip ?","https://pbs.twimg.com/profile_images/1934290546438053888/mCQvumh3.jpg","1060115","1","13","20352","475006","191"
"16135","ScreenBooy","ScreenBooy","https://pbs.twimg.com/profile_images/1950468200606347264/vmlAyHWy.jpg","171457","1","13","20114","153519","192"
"22290","roshansanghai","Whaley Forksalot ????","https://pbs.twimg.com/profile_images/1376753863550586880/K9hTJYMy.jpg","176575","1","13","19986","163977","193"
"10452","__HBB__","HBB","https://pbs.twimg.com/profile_images/1910383875865432064/4TKt37U1.jpg","557281","1","13","19955","507019","194"
"2799","LowLightSniper","LowLight ????","https://pbs.twimg.com/profile_images/1827550370945757188/m_BRitDM.jpg","465668","1","13","19948","172182","195"
"15540","shela_tw","Dilek","https://pbs.twimg.com/profile_images/1915723381242036224/vqglSlZh.jpg","92371","1","13","19912","68152","196"
"9687","mhrddmrd","mhrdd","https://pbs.twimg.com/profile_images/1967822328055595008/vScej1V-.jpg","270168","1","13","19809","240308","197"
"480","pman555","Perilous","https://pbs.twimg.com/profile_images/1948401384253956096/U2ULP2qG.jpg","730440","1","13","19778","399990","198"
"1998","verabera_","vera","https://pbs.twimg.com/profile_images/1868325566199271425/fjt2e-ld.jpg","1252641","1","13","19725","549210","199"
"7939","gulo_research","gulo","https://pbs.twimg.com/profile_images/1801748353694449665/2324__0h.jpg","152345","1","13","19627","112177","200"
"25911","Sneba0","SNEBA","https://pbs.twimg.com/profile_images/1856954909830049792/S6HZPRS5.jpg","135050","1","13","19401","113632","201"
"26490","ugurockz","Ugurockz","https://pbs.twimg.com/profile_images/1911525003675201536/UaDoegUD.jpg","139295","1","13","19379","101355","202"
"791","0xDith","Dith","https://pbs.twimg.com/profile_images/1899909250731720704/XnNtG1gL.jpg","565371","1","13","19356","244242","203"
"19551","6Ch1ef9","Ch1ef9 | $LIZ$ | GoH","https://pbs.twimg.com/profile_images/1937126234820952064/LR0_OO9M.jpg","104372","1","13","19168","98914","204"
"1820","pointmash","Gyara(dos)","https://pbs.twimg.com/profile_images/1910275390037540864/Ob4N_fic.jpg","651852","1","13","19158","285854","205"
"13845","DeathStrokeOO","????????.ink","https://pbs.twimg.com/profile_images/1951319392639180800/ugw1N3MF.jpg","62126","1","13","19065","56649","206"
"26509","HeisenbergYC","HeisenbergYC ?????,???Anomage ?????,?????","https://pbs.twimg.com/profile_images/1949744859432050688/Zy0t_lND.jpg","68229","1","13","18965","67539","207"
"15498","HeathleyETH","Heathley ??","https://pbs.twimg.com/profile_images/1963581204017385472/3ruOtyBf.jpg","225259","1","13","18950","205968","208"
"3593","0xCinimini","Cini????","https://pbs.twimg.com/profile_images/1860796144604897280/XU9UHdla.jpg","664651","1","13","18898","340041","209"
"26563","kr4toss2","kratos2.bob","https://pbs.twimg.com/profile_images/1675117361504964609/GXyyHy0Q.jpg","33022","1","13","18880","28546","210"
"1213","aibra","Aibra","https://pbs.twimg.com/profile_images/1961587710784679936/6T_UqkoO.jpg","601280","1","13","18850","272803","211"
"22673","lil_not_baby","LiL not baby","https://pbs.twimg.com/profile_images/1958459105384767491/iNTvYt0o.jpg","51177","1","13","18716","43114","212"
"1914","spencerXsays","spencerXsmith.eth","https://pbs.twimg.com/profile_images/1756671451254407168/t5N935iV.jpg","691722","1","13","18695","335527","213"
"6","BlueChilliZero","BlueChilliZero","https://pbs.twimg.com/profile_images/1922753130673864704/nTSOr3n5.jpg","511734","1","13","18671","100466","214"
"27855","notfix12","lazykoala","https://pbs.twimg.com/profile_images/1927370078917427200/_IGJ07kv.jpg","49711","1","13","18577","31845","215"
"7053","tesnguyeneth","tesnguyen.eth ??","https://pbs.twimg.com/profile_images/1957278941234049024/c8paT4L7.jpg","501815","1","13","18545","405766","216"
"7374","tokenbrother","TokenBrother?????","https://pbs.twimg.com/profile_images/1387605158436036611/0yZFrF2-.jpg","639033","1","13","18450","350879","217"
"11305","blackmamba1923","Topli","https://pbs.twimg.com/profile_images/1941144640201097216/hSGciZbG.jpg","294532","1","13","18323","277756","218"
"28581","n3m3s1sq","Nemesis","https://pbs.twimg.com/profile_images/1962087125077151744/NC-OcUyb.jpg","54099","1","13","18298","36496","219"
"3707","naskaaeth","Naskaa","https://pbs.twimg.com/profile_images/1826878867199426560/4vx50l21.jpg","236183","1","13","18018","107554","220"
"1981","Flaera_","Flaera ?????","https://pbs.twimg.com/profile_images/1956519797044412416/s9DEhbjq.jpg","951777","1","13","17771","399637","221"
"7751","bv99z","bthd","https://pbs.twimg.com/profile_images/1935445563131973632/Sc3l19UM.jpg","611576","1","13","17730","499916","222"
"647","nameatlas","atlas","https://pbs.twimg.com/profile_images/1587930312826290176/jGoKdVLF.jpg","671104","1","13","17539","412621","223"
"1706","GreenMan13XYZ","GreenMan","https://pbs.twimg.com/profile_images/1745576587846701058/0TIHdxEw.jpg","609026","1","13","17525","186537","224"
"3440","DragoXBT","Drago","https://pbs.twimg.com/profile_images/1964278717187784704/yCOUlsnG.jpg","364675","1","13","17515","141861","225"
"189","gremplin","gunk in the machine","https://pbs.twimg.com/profile_images/1925600678975516673/0DyFSaBu.jpg","1246002","1","13","17435","239023","226"
"15736","shanks_sg","ShankS ??","https://pbs.twimg.com/profile_images/1965771155530514433/V-Uj4FLX.jpg","65252","1","13","17433","55077","227"
"2583","Neil_from_MNL","Neil_from_Manila","https://pbs.twimg.com/profile_images/1935387572118728704/66elmVhD.jpg","795627","1","13","17369","450859","228"
"15","buz_eth","buz","https://pbs.twimg.com/profile_images/1930553588297629696/01_8nRBg.jpg","1846247","1","13","17356","906425","229"
"18990","SendMyBags","Capi ???? (mog/acc)","https://pbs.twimg.com/profile_images/1957854606987276288/ii-exJQQ.jpg","294390","1","13","17291","269867","230"
"28783","uspih_eth","Uspih.eth","https://pbs.twimg.com/profile_images/1966444797511503872/0EfKFU1I.jpg","117412","1","13","17204","91212","231"
"8684","agungkzn","zuruyu.eth","https://pbs.twimg.com/profile_images/1963720155521036288/Fg2PoSmz.jpg","155457","1","13","17105","99211","232"
"3110","thegreatola","Ola ?lixir","https://pbs.twimg.com/profile_images/1945817318388305920/hrVc8K5f.jpg","705890","1","13","17072","328836","233"
"2097","eddys_eth","Gladiator | MVHQ","https://pbs.twimg.com/profile_images/1926241809736331264/nSw2oxiC.jpg","918785","1","13","16925","427447","234"
"9237","valhist","Valhist","https://pbs.twimg.com/profile_images/1597528342152069122/tMMDzgJ2.jpg","149241","1","13","16875","131865","235"
"3561","Xai_eth","Xai.eth","https://pbs.twimg.com/profile_images/1924350743340806144/xfl20jYn.jpg","787394","1","13","16856","437210","236"
"8206","CalmanBTC","Calman.eth?? ??????","https://pbs.twimg.com/profile_images/1920104563128107008/Q3BmunOh.jpg","739715","1","13","16805","565240","237"
"8685","spicycandy01","???????????","https://pbs.twimg.com/profile_images/1957446611585691648/GdLmQtwT.jpg","267903","1","13","16762","197107","238"
"26157","AIRewardrop","AIR3 Agent","https://pbs.twimg.com/profile_images/1867075641549459456/t1OZQzz6.jpg","80854","1","13","16669","53498","239"
"4955","0xStarny","Starny.eth.patron","https://pbs.twimg.com/profile_images/1689254186683183104/N_hb2c8C.jpg","201352","1","13","16659","197013","240"
"20491","Katyboo_17","Katy ?","https://pbs.twimg.com/profile_images/1925128652091478016/nlYJ1QM8.jpg","70399","1","13","16648","55613","241"
"864","CryptonGoBoom","cap","https://pbs.twimg.com/profile_images/1481717296246640640/H9joTvB8.jpg","869461","1","13","16633","256646","242"
"30309","IntelPocik","intelpocik.base.eth (?,?)","https://pbs.twimg.com/profile_images/1954938732672581632/3fcaiqID.jpg","88171","1","13","16616","86753","243"
"26055","0xZaycheZ","ZaycheZ ??","https://pbs.twimg.com/profile_images/1952206838721634304/zAQWtnFJ.jpg","196409","1","13","16571","162167","244"
"4612","IamAqsaShaikh","Aqsa","https://pbs.twimg.com/profile_images/1938248949602861056/YBi2oeQA.jpg","598656","1","13","16544","65353","245"
"2823","Lamboland_","Lamboland","https://pbs.twimg.com/profile_images/1847680828144312320/QUJ4DEmp.png","1179926","1","13","16431","145869","246"
"27214","CryptoKate11","Katrinka","https://pbs.twimg.com/profile_images/1947461434222514180/3Ou55hJi.jpg","58834","1","13","16419","53142","247"
"20872","NQCiao","ciao","https://pbs.twimg.com/profile_images/1964419886911746048/0calEQRJ.jpg","296694","1","13","16393","252660","248"
"61","n0dedata","node","https://pbs.twimg.com/profile_images/1927248670933516288/orjQsnq9.jpg","834798","1","13","16371","361303","249"
"13028","nauhcner","N????????a??????u???????h?????c?????????????","https://pbs.twimg.com/profile_images/1628056463947206657/_oK4T4AY.jpg","259490","1","13","16340","242933","250"
"17224","k1rallik","BuBBliK","https://pbs.twimg.com/profile_images/1957215896788717568/DleHEDIC.jpg","87598","1","13","16302","86496","251"
"16516","Whitelist1Media","Whitelist Media","https://pbs.twimg.com/profile_images/1849052328667533312/wOEdphde.jpg","284898","1","13","16296","268768","252"
"2563","FFVV1211","FFV","https://pbs.twimg.com/profile_images/1921885812863479808/yKrTu_QK.jpg","550499","1","13","16245","316836","253"
"16710","ShahinGh11","Shahin","https://pbs.twimg.com/profile_images/1945429638949335041/h5W_DC71.jpg","68967","1","13","16168","56350","254"
"19866","jupiterbaz","Amir( ?,G)?? ?","https://pbs.twimg.com/profile_images/1945569611555975168/fAx8V1ec.jpg","108203","1","13","16001","82684","255"
"19539","OgThanyr","0xumut","https://pbs.twimg.com/profile_images/1946959034424152064/dhLEtczt.jpg","76476","1","13","15966","51669","256"
"26104","0xFarlight","Farlight?? (mainnet arc)","https://pbs.twimg.com/profile_images/1942574294824783873/sT7Rg4fM.jpg","100497","1","13","15877","84361","257"
"8757","ngocphat0907","ngocphat.eth","https://pbs.twimg.com/profile_images/1960233057547624448/T2J4LiRK.jpg","468437","1","13","15801","433823","258"
"27880","silvaprz1998","vitalik1.inK????base.eth","https://pbs.twimg.com/profile_images/1721138719887851521/0E-JXeZK.jpg","44463","1","13","15747","36034","259"
"26411","elmidar996801","Lamiya?????,?????","https://pbs.twimg.com/profile_images/1961317737227284480/lJLuR4yE.jpg","16720","1","13","15720","16238","260"
"27611","ReasoN_monad","ReasoN (mainnet arc)","https://pbs.twimg.com/profile_images/1943325442921881600/L6pi-AJj.jpg","16819","1","13","15665","16365","261"
"28368","0xOG13CRPTO","0xOG.13CRPTO | OG.Retro","https://pbs.twimg.com/profile_images/1961783535125090304/nRuOkC1Y.jpg","77042","1","13","15662","71999","262"
"26937","vssema11","vssema","https://pbs.twimg.com/profile_images/1956454586262097920/kkvYS4e1.jpg","18456","1","13","15643","18026","263"
"17137","degendreamers","PixelPirate","https://pbs.twimg.com/profile_images/1928868087853441024/fnJFIHFT.jpg","106162","1","13","15603","73334","264"
"3541","mrbeardjo","bejo??","https://pbs.twimg.com/profile_images/1953896290770907136/CzZWAqhe.jpg","40814","1","13","15565","24674","265"
"26544","valenti22592160","Akela(??, ??) ?. nad","https://pbs.twimg.com/profile_images/1781014406559670272/tkQNoYoD.jpg","67135","1","13","15544","55238","266"
"30805","Crypto777G","MG-CRYPTO","https://pbs.twimg.com/profile_images/1898145133775802368/mzub1wrM.jpg","22183","1","13","15519","17972","267"
"27030","lazer_eyezz","Laser ?","https://pbs.twimg.com/profile_images/1954900301703528448/2jDX1eUM.jpg","140711","1","13","15515","126644","268"
"28617","sea_bnb","Sea?????,?????","https://pbs.twimg.com/profile_images/1961695291783999488/zwP4rdYy.jpg","22910","1","13","15507","22697","269"
"21262","somayememar","somi1 base.eth ??","https://pbs.twimg.com/profile_images/1939750710754541568/cUFb-WxX.jpg","26457","1","13","15485","26296","270"
"31388","Rufat31947337","Rufat (?,?)","https://pbs.twimg.com/profile_images/1966584678929874944/gDBlmHXe.jpg","15735","1","13","15477","15477","271"
"20669","Shtihmas11","Shtihmas ?? | Endless ??","https://pbs.twimg.com/profile_images/1747508156102557696/nT1e5OLh.jpg","37527","1","13","15473","29173","272"
"21479","InvestingDams","investingdams.ip ???","https://pbs.twimg.com/profile_images/1968216488080220160/ojiDAxDo.jpg","55942","1","13","15461","47834","273"
"29351","PersikPerseus","Persik","https://pbs.twimg.com/profile_images/1958350871667884034/yx8dz3ig.jpg","71119","1","13","15458","55489","274"
"6846","Crypto_Zh0u","Zh0u ??","https://pbs.twimg.com/profile_images/1887692699731636224/U2zFHLv_.jpg","220183","1","13","15418","130554","275"
"24620","77Andreus","Andreus","https://pbs.twimg.com/profile_images/1643180275269025792/IwuRIc67.jpg","84342","1","13","15405","78608","276"
"21357","DevVet","Dev ? ?? $BNB $VET $TWT","https://pbs.twimg.com/profile_images/1739680349704110082/pBCqeaUe.jpg","113727","1","13","15182","95661","277"
"13962","Iam_MrJudge","MrJudge","https://pbs.twimg.com/profile_images/1698777642357391360/_QV02DOC.jpg","180064","1","13","15120","136895","278"
"18739","0x_aora","Zara","https://pbs.twimg.com/profile_images/1938176192172961792/npgsnMqV.jpg","164552","1","13","15120","144585","279"
"25507","ProMint_X","ProMint","https://pbs.twimg.com/profile_images/1952273379555201024/qTQjQwRZ.jpg","219346","1","13","14975","204511","280"
"5476","hashvalue","daybot","https://pbs.twimg.com/profile_images/1948369424546963457/MwnNGwO6.jpg","253692","1","13","14868","159100","281"
"11866","erfan_xyz","erfan","https://pbs.twimg.com/profile_images/1917662703209877504/WzqmrS3X.jpg","207864","1","13","14834","201667","282"
"12531","0xRodo","Rodo","https://pbs.twimg.com/profile_images/1600819624890830850/NboZpHrd.jpg","232679","1","13","14799","217667","283"
"12702","Elminselimov5","el1000.moca | ?:","https://pbs.twimg.com/profile_images/1949837550593441792/qLrlMd5P.jpg","89580","1","13","14698","78679","284"
"28338","nodrogelo","Nodrogelo.hl","https://pbs.twimg.com/profile_images/1944485951486525440/0BNw4ieH.jpg","182976","1","13","14655","156494","285"
"995","adinalini","Adinalini.eth ?:????","https://pbs.twimg.com/profile_images/1967642177355251712/z-u1omOd.jpg","697178","1","13","14642","317140","286"
"23355","imahyar1","Mahyar (???)","https://pbs.twimg.com/profile_images/1962471257288404992/nhs9pQOe.jpg","52728","1","13","14610","51334","287"
"744","blindsquirrelx","BlindSquirrel","https://pbs.twimg.com/profile_images/1497076644149874691/pCon0yoK.jpg","759026","1","13","14603","302451","288"
"5049","AnatoliKopadze","Anatoli Kopadze??","https://pbs.twimg.com/profile_images/1634313760444751873/QfwY91Hp.jpg","179380","1","13","14472","146606","289"
"15196","0xGuildofheroes","Guild of Heroes","https://pbs.twimg.com/profile_images/1899495356871634950/-hSkeyGe.jpg","108307","1","13","14384","97704","290"
"14891","0xacryptoverse","Ashish Cryptoverse","https://pbs.twimg.com/profile_images/1750414595817414656/7etfIhH9.jpg","33796","1","13","14357","27012","291"
"1075","Cryptodelphian","Cryptodelphia","https://pbs.twimg.com/profile_images/1766271899124813825/7Q3D3KTB.jpg","720668","1","13","14290","268973","292"
"1963","lorepunkdoteth","lorepunk.eth (and .tez!)","https://pbs.twimg.com/profile_images/1597384819218022405/mwzoZV15.jpg","554387","1","13","14200","327300","293"
"930","BiggiePoppins","Biggie Poppins","https://pbs.twimg.com/profile_images/1944107606923993088/Xk1MdFAk.jpg","799924","1","13","14178","336724","294"
"950","memoJG_","memojg.eth","https://pbs.twimg.com/profile_images/1862714959328653312/H8u94kw9.jpg","837424","1","13","14003","423789","295"
"23423","brelgino","Mak","https://pbs.twimg.com/profile_images/1889221702984298496/0g1JSNty.jpg","144973","1","13","13964","140375","296"
"2539","Sbreezy_88","sbreezy ??","https://pbs.twimg.com/profile_images/1742685083595661312/X_Mol8Yo.jpg","196552","1","13","13850","168394","297"
"23591","batef4380","Batu ??","https://pbs.twimg.com/profile_images/1955347543656747009/kRQdOu-w.jpg","93649","1","13","13799","89429","298"
"2265","BoltXBT","Bolt??","https://pbs.twimg.com/profile_images/1784709529554300928/9LCeQ3DO.jpg","700825","1","13","13776","182151","299"
"21488","BRomi98659","???????????","https://pbs.twimg.com/profile_images/1942945600888070144/uFxst7US.jpg","153945","1","13","13713","111010","300"
"7903","yuyue_chris","Yuyue","https://pbs.twimg.com/profile_images/1930996097566265344/OvMn12UY.jpg","159599","1","13","13666","13666","301"
"741","kydefi_eth","kydefi","https://pbs.twimg.com/profile_images/1965947878100062208/Me7yHYVO.jpg","565190","1","13","13660","149038","302"
"12429","Crypt0Panda","Busy Panda (Hater Arc) ????","https://pbs.twimg.com/profile_images/1878056458493079553/O0SpipPx.jpg","169058","1","13","13651","155510","303"
"4031","CryptoUsopp","Usopp","https://pbs.twimg.com/profile_images/1961701686202044417/5XWH2Cn5.jpg","204607","1","13","13554","91107","304"
"17579","detonggwp","det0n??","https://pbs.twimg.com/profile_images/1577202571617468417/QhQ8tCL2.jpg","122963","1","13","13534","111694","305"
"26348","sh1vvvvv","sh1v","https://pbs.twimg.com/profile_images/1952879521444646912/MC7tRS_V.jpg","52626","1","13","13475","27020","306"
"20813","hotspotftw","sergisimi ?? ?? | BIP-420 ??","https://pbs.twimg.com/profile_images/1888920294024253440/_EDD5XYr.png","95203","1","13","13409","93958","307"
"27349","0xtestdotsui","0xtest","https://pbs.twimg.com/profile_images/1960621277598584832/v56WHHqu.jpg","52821","1","13","13404","52243","308"
"19843","KHFRHN","FARHAN ISHRAK ??","https://pbs.twimg.com/profile_images/1955510194135502850/ay8jLDPE.jpg","33588","1","13","13383","20019","309"
"18723","0xLegendz_","Legendz","https://pbs.twimg.com/profile_images/1963940780839464961/KmLsqQbB.jpg","69480","1","13","13296","67799","310"
"13032","beingivish","ivish ??","https://pbs.twimg.com/profile_images/1950270425839390721/LeldnQ_S.jpg","28742","1","13","13294","24742","311"
"5077","0xWil_","0xWil.ron","https://pbs.twimg.com/profile_images/1957852307552432128/B_wFR21j.jpg","394543","1","13","13289","311976","312"
"19575","savipww","savip.","https://pbs.twimg.com/profile_images/1957878083211366400/WRYs5a-U.jpg","93530","1","13","13217","90303","313"
"27218","zefironmaxi","zefir","https://pbs.twimg.com/profile_images/1948789563326918656/qfppOzod.jpg","119758","1","13","13127","118155","314"
"26804","asdzx_x","asdzx","https://pbs.twimg.com/profile_images/1962397275621142528/PaOmD1QB.jpg","70821","1","13","13113","66818","315"
"11592","YuryZhurekk","Zhurekk","https://pbs.twimg.com/profile_images/1908145759570079744/pBECa1tX.jpg","221825","1","13","13097","205152","316"
"16190","PuperSuper228","PuperSuper | GoH","https://pbs.twimg.com/profile_images/1945229158746918912/f2JKJyle.jpg","197005","1","13","13088","183631","317"
"1348","Degen_Whale","D?G?N","https://pbs.twimg.com/profile_images/1775942303204409344/ZO0-hBvd.jpg","506245","1","13","13043","230182","318"
"10023","OlimpioCrypto","olimpio","https://pbs.twimg.com/profile_images/1558854215937585153/dPiYrza7.png","114836","1","13","12978","114836","319"
"1627","Fantardio","Fantardio","https://pbs.twimg.com/profile_images/1945145154110664704/irT3V63b.jpg","322032","1","13","12933","176348","320"
"19767","Amiro_ir","Am ir","https://pbs.twimg.com/profile_images/1917170617578622976/LUs7FMt3.jpg","91095","1","13","12568","90059","321"
"5846","deltronkongz","deltron","https://pbs.twimg.com/profile_images/1922632351583989760/4RnNbxd5.jpg","412406","1","13","12533","394951","322"
"9382","LawSolution1","Jake","https://pbs.twimg.com/profile_images/1918294059874996224/-PN4JeYy.jpg","121995","1","13","12495","91845","323"
"3","0xWorkhorse","ian.btc | workhorse ?????","https://pbs.twimg.com/profile_images/1956155041493958659/d358oKJm.jpg","905008","1","13","12390","77219","324"
"20494","MichaelZogot","MichaelZogot","https://pbs.twimg.com/profile_images/1594381816424693762/WaFE1XoX.jpg","118035","1","13","12374","108745","325"
"16535","0xmilkthief","milkthief","https://pbs.twimg.com/profile_images/1510666167547056141/WrT2KuIA.jpg","245273","1","13","12352","230652","326"
"17256","ANomad__","Alpha Nomad","https://pbs.twimg.com/profile_images/1951487248693682176/-4YfOx9Z.jpg","118696","1","13","12347","95874","327"
"25927","CreatorsVisual","V??","https://pbs.twimg.com/profile_images/1950158802256334848/EoeEEhZ6.jpg","165517","1","13","12294","165200","328"
"18755","0xRavenor","Ravenor","https://pbs.twimg.com/profile_images/1909953658067795968/4PXxDyI_.jpg","118879","1","13","12269","114224","329"
"28100","eth_nukl1on","nukl1on","https://pbs.twimg.com/profile_images/1934532168727789568/gZbZlEOW.jpg","153067","1","13","12225","117703","330"
"28086","VAndruhov","???? ????????","https://pbs.twimg.com/profile_images/1966145598307901440/IBL1A3W9.jpg","26624","1","13","12218","26067","331"
"25464","0xonlyfun","onlyfun.lens","https://pbs.twimg.com/profile_images/1952054536664682496/qEY_DOmd.jpg","58333","1","13","12169","57616","332"
"22429","hosein628110","hanks","https://pbs.twimg.com/profile_images/1966602080556113920/HY9ABJav.jpg","36948","1","13","12167","32986","333"
"28606","Aleksan65412762","billymoor (?,?)","https://pbs.twimg.com/profile_images/1953080493219495937/htWNPfAA.jpg","55418","1","13","12132","53934","334"
"6478","nomadz_co","Nomadz??","https://pbs.twimg.com/profile_images/1904128500480749568/X7LiB3jC.jpg","332219","1","13","12124","244356","335"
"13346","Manners_ST","0xManners ?? ??????","https://pbs.twimg.com/profile_images/1953681199681220610/Awnb1xQ6.jpg","144979","1","13","12101","142003","336"
"26987","elyy5516","elyyy","https://pbs.twimg.com/profile_images/1958629905966460928/F-lOSSt9.jpg","21504","1","13","12042","17078","337"
"29006","Totosha1284","Totosha","https://pbs.twimg.com/profile_images/1953200517951168512/Vb2VkOqn.jpg","26687","1","13","12032","22256","338"
"26589","0xLeBwA","LeBwA","https://pbs.twimg.com/profile_images/1953807813785931776/4AYmoYeC.jpg","43998","1","13","12025","21525","339"
"21680","_Elena_77","Elena Kuzina.ink????,??","https://pbs.twimg.com/profile_images/1956820304866541568/1UlEMEiH.jpg","51215","1","13","12018","46831","340"
"19557","Defiworld6","Defiworld (??,??) ?? $MON","https://pbs.twimg.com/profile_images/1429778262138531847/0UGN_ZA4.jpg","75885","1","13","11998","43567","341"
"7906","bunnykins_eth","bunny ?","https://pbs.twimg.com/profile_images/1909255147408302080/3z3_7mFi.jpg","204562","1","13","11948","176575","342"
"8989","robapuros","Robapuros.eth","https://pbs.twimg.com/profile_images/1932365878340866048/XWH3PqUq.jpg","195839","1","13","11889","103090","343"
"22616","JohnSmit00001","John Smit","https://pbs.twimg.com/profile_images/1909961963863482368/pAp_xccF.jpg","44420","1","13","11875","44000","344"
"31401","DefiWave_","Defi Wave","https://pbs.twimg.com/profile_images/1679420591760080896/bE1YRyti.jpg","12082","1","13","11818","11818","345"
"4613","Ugly2PointO","Ugly 2.?","https://pbs.twimg.com/profile_images/1940352547375529984/Uydgqrd7.jpg","271274","1","13","11803","257928","346"
"29365","user_29365","shardeum.eth","https://euc.li/shardeum.eth","78328","1","13","11757","62553","347"
"18783","0xTengen_","Tengen","https://pbs.twimg.com/profile_images/1964391156122292225/mlWmZ8c2.jpg","51918","1","13","11739","51918","348"
"24987","mamdjjjjj","m.base.eth?? Monad ??(?,G)","https://pbs.twimg.com/profile_images/1952669337568882688/VcQCmJ-8.jpg","41106","1","13","11733","40843","349"
"22183","JatinHota","Jatin Hota","https://pbs.twimg.com/profile_images/1944108857854197760/O71ObBPU.jpg","97284","1","13","11723","85302","350"
"8472","xxbigxx36","xxbigxx ?? (?,G) ????","https://pbs.twimg.com/profile_images/1932317116251729920/8blhuhcR.jpg","200758","1","13","11693","136054","351"
"3669","EstridNFT","Estrid ??","https://pbs.twimg.com/profile_images/1915630118011363331/QOwU1WQH.jpg","193803","1","13","11681","87518","352"
"28365","meysam00102907","meysam.base.eth","https://pbs.twimg.com/profile_images/1621675257512828928/mPgXgBrf.jpg","30774","1","13","11641","15738","353"
"27010","mike_morfii","mike ?????,?????","https://pbs.twimg.com/profile_images/1941472167561945088/0LJwonaI.jpg","39575","1","13","11629","35372","354"
"74","aventurine_eth","Aventurine","https://pbs.twimg.com/profile_images/1953886404389613570/5TuXv2yL.jpg","944474","1","13","11596","198943","355"
"28446","xaneniel_24","daniel sarte","https://pbs.twimg.com/profile_images/1956018225679876104/_9BXRZef.jpg","197183","1","13","11595","170181","356"
"27859","degenofweb3","degenofweb3.eth","https://pbs.twimg.com/profile_images/1962794876958875648/Rgi-YhaX.jpg","55084","1","13","11564","53721","357"
"19435","white_tongue","WT | GoH","https://pbs.twimg.com/profile_images/1883480305769553920/n3AqHFej.jpg","249236","1","13","11552","217261","358"
"20390","ifot77","WiskiBay | GoH","https://pbs.twimg.com/profile_images/1872151112209297408/7u1Oj7Bg.jpg","174609","1","13","11544","162479","359"
"2161","Cashbinoo","Cash ??","https://pbs.twimg.com/profile_images/1930686288400965632/w5LE_33s.jpg","376896","1","13","11459","137774","360"
"19441","AlwaysRedox","Redox","https://pbs.twimg.com/profile_images/1945919546302324737/kgyYjk0p.jpg","263017","1","13","11459","235662","361"
"21757","spoverinnn","Sergey P ??","https://pbs.twimg.com/profile_images/1947627566707200000/1kixOGEq.jpg","167687","1","13","11458","162062","362"
"24667","Kvazista","Kvazista","https://pbs.twimg.com/profile_images/1921495461380202496/YdPpZw4I.jpg","204526","1","13","11458","193822","363"
"18748","haj_bubba","ThreeEyedOracle??","https://pbs.twimg.com/profile_images/1943513089376190465/oGeQa_KE.jpg","180758","1","13","11432","165216","364"
"12421","0xShojaie","Shojaie ???","https://pbs.twimg.com/profile_images/1941808633672536064/B-KdZ1F0.jpg","79990","1","13","11413","76772","365"
"8085","phill76815","???????","https://pbs.twimg.com/profile_images/1928134055603970048/JewIqflv.jpg","413739","1","13","11366","292622","366"
"4127","Elusive_Pepe","Elusive ???","https://pbs.twimg.com/profile_images/1883906174757847040/PQfkkapf.jpg","209397","1","13","11304","113432","367"
"22622","byArtoCrypto","byArto","https://pbs.twimg.com/profile_images/1919804459015602176/8tTWyCh2.jpg","115795","1","13","11197","113892","368"
"8509","CryptoCharming1","CryptoCharming ??","https://pbs.twimg.com/profile_images/1907699091704000514/cvZKc8iH.jpg","310323","1","13","11170","210600","369"
"3973","Lehson1","LeHSon | ??","https://pbs.twimg.com/profile_images/1924856756003602432/ibN9EX9u.jpg","495750","1","13","11150","345360","370"
"19402","defichess","Nima","https://pbs.twimg.com/profile_images/1958902073421950977/oV-HWrGK.jpg","67327","1","13","11139","44855","371"
"7484","ZKSgu","??.hl","https://pbs.twimg.com/profile_images/1965397137841102848/0RioHXDS.jpg","1740107","1","13","11103","949464","372"
"22240","CryptoBond0079","Crypto_Eagle?","https://pbs.twimg.com/profile_images/1956400258809819136/T3HJHa2y.jpg","112629","1","13","10987","111419","373"
"10173","bobby_x5","bobby_x | GoH","https://pbs.twimg.com/profile_images/1943180057649852416/tN-6cL9u.jpg","194499","1","13","10975","187221","374"
"6961","Joestar_sann","Joestar","https://pbs.twimg.com/profile_images/1928377107354144768/9cO_xcR5.jpg","201861","1","13","10949","130581","375"
"11828","DavyCryptoJones","Davy ?? 0_______","https://pbs.twimg.com/profile_images/1961026834830589953/mDObVQY1.jpg","72822","1","13","10937","67642","376"
"2243","sol_foxie","solFoxy ??","https://pbs.twimg.com/profile_images/1953527587218522112/U-WQEcfV.jpg","373066","1","13","10936","162741","377"
"15476","feral_c_","Feral ??,??","https://pbs.twimg.com/profile_images/1962850796510322688/_WOwiGDS.jpg","64953","1","13","10927","58632","378"
"29194","0xTOM1501","tom","https://pbs.twimg.com/profile_images/1963183032887607296/0-_Wea45.jpg","105177","1","13","10920","84842","379"
"6237","iFruitz_","iFruitz","https://pbs.twimg.com/profile_images/1853779778848907265/OTP62dGJ.jpg","200579","1","13","10891","89899","380"
"12654","beingtauseef786","OfficerPayne????","https://pbs.twimg.com/profile_images/1958902926165839872/QBE-lHX4.jpg","32893","1","13","10840","31866","381"
"11236","assesddef","assesddef","https://pbs.twimg.com/profile_images/1963731350890127360/HZd7GqBW.jpg","90347","1","13","10800","76815","382"
"3098","FatDiabeticCat","Fat Cat ??","https://pbs.twimg.com/profile_images/1908207561708625924/v-v0969r.jpg","483695","1","13","10749","270703","383"
"11252","0htjit","????????????","https://pbs.twimg.com/profile_images/1823880758760759302/W6DLf-ye.jpg","95016","1","13","10708","91445","384"
"28424","Artem45786115","Lero.eth????","https://pbs.twimg.com/profile_images/1964965286471237632/ZNdHMEtI.jpg","77019","1","13","10612","66439","385"
"29184","metagirl008","Metagirl","https://pbs.twimg.com/profile_images/1958048176365268993/l_wGHthN.jpg","59838","1","13","10574","55891","386"
"8103","CryptoPainter_X","Crypto_Painter ???? $FF","https://pbs.twimg.com/profile_images/1370798517384450048/Q2Y0JL7G.jpg","385238","1","13","10560","203700","387"
"22559","AndLitov","deppi","https://pbs.twimg.com/profile_images/1726529271730987008/UI23eiMc.jpg","107084","1","13","10560","97282","388"
"17856","Nftss_","DevS ??.ink ??","https://pbs.twimg.com/profile_images/1570060901616881673/45thgQ_w.jpg","37165","1","13","10551","36327","389"
"5939","vanhouse96","VanHouse ??","https://pbs.twimg.com/profile_images/1947730168552034305/VLldFxfM.jpg","240092","1","13","10528","129031","390"
"6589","sajiiiiiiii8","?????","https://pbs.twimg.com/profile_images/1958126720386482176/Rhrd1NMr.jpg","113219","1","13","10521","81440","391"
"21555","Remedy_b_chain","Remedy.lens|eth4ever.eth (?,?)(????)","https://pbs.twimg.com/profile_images/1757519955614912512/dyuFuf0U.jpg","16769","1","13","10457","13349","392"
"25143","darhan357","MiKeCoinCatcher | GoH","https://pbs.twimg.com/profile_images/1946910171923431424/j4eheSji.jpg","61291","1","13","10376","50720","393"
"23704","O_mhrc","O_mhrc","https://pbs.twimg.com/profile_images/1966215782557159424/KAmt9_kA.jpg","22476","1","13","10361","21681","394"
"4373","BlueTigerX_","BlueTiger","https://pbs.twimg.com/profile_images/1895503790544949248/LZC-XWFT.jpg","323529","1","13","10320","200817","395"
"28306","PoolCleaner6","Stanislav","https://pbs.twimg.com/profile_images/1475520693206929417/CvSoEp5Y.jpg","57916","1","13","10265","46618","396"
"26274","killstoryyy","Killstory | bio/acc | ?? Token 2049 29 SEP Onwards","https://pbs.twimg.com/profile_images/1904888196321939457/7_TJbfy4.jpg","34376","1","13","10118","26563","397"
"25482","deoflae","deoflae","https://pbs.twimg.com/profile_images/1906731253811855360/cAqaNcIn.jpg","24298","1","13","10112","23766","398"
"16350","fayfilmkm","Fay ??","https://pbs.twimg.com/profile_images/1934181546920960000/iE4VhCMj.jpg","108139","1","13","10101","93353","399"
"21578","hortikkk","hortik","https://pbs.twimg.com/profile_images/1902385955903787008/9llnFOMq.jpg","187770","1","13","10099","166529","400"
"27103","concodefi","Conco","https://pbs.twimg.com/profile_images/1968348610468171780/eyH702HK.jpg","17003","1","13","9996","16752","401"
"26940","toldtodieyoung","hammertime","https://pbs.twimg.com/profile_images/1939730254085464064/RutFibBD.jpg","36007","1","13","9950","26374","402"
"27810","mahan_airdrops","mahan (?,?)","https://pbs.twimg.com/profile_images/1955623372198481920/kIj8-cNH.jpg","66159","1","13","9938","42838","403"
"28509","Ugur942","Ugur","https://pbs.twimg.com/profile_images/1914275831532154881/g3_l7Ygt.jpg","12846","1","13","9938","12388","404"
"21841","yuriy_teck","cryptoteck","https://pbs.twimg.com/profile_images/1957332228154789888/NEIJW0WA.jpg","125133","1","13","9933","107483","405"
"12629","smorzoni","Smorzo ??","https://pbs.twimg.com/profile_images/1940440508871868416/Y5B4wZvJ.jpg","236963","1","13","9854","230029","406"
"4669","shimkeyy","shimkey","https://pbs.twimg.com/profile_images/1897264062582411264/AKc36YT5.jpg","76987","1","13","9837","72879","407"
"17487","Lombleneth","Lowry.eth ??","https://pbs.twimg.com/profile_images/1954607261155737600/BVQ9oVKG.jpg","210849","1","13","9633","201024","408"
"15357","PastanagaCrypto","Pastanaga","https://pbs.twimg.com/profile_images/1945847615033159680/egJ0zfH-.jpg","178914","1","13","9597","156096","409"
"11695","0xleegenz","le.hl","https://pbs.twimg.com/profile_images/1955688756507463680/c0pBVQY7.jpg","72358","1","13","9592","67110","410"
"14867","afrex96","afrex","https://pbs.twimg.com/profile_images/1933094862540169216/WqxOgZik.png","206797","1","13","9587","199683","411"
"4353","Zaddy_Fi","Zaddy","https://pbs.twimg.com/profile_images/1962646533590949888/5UdlSes7.jpg","468603","1","13","9490","106131","412"
"16768","bumbbleby7","bumbleby","https://pbs.twimg.com/profile_images/1939675321424330752/Eg2IwB9M.jpg","205424","1","13","9469","199100","413"
"18415","92_noiz3","noiz3 | base.eth","https://pbs.twimg.com/profile_images/1946991636396855297/BGfoiO7f.png","78151","1","13","9452","65634","414"
"7584","MetaverseRanger","Premature-Accumulator-Neill","https://pbs.twimg.com/profile_images/1919013088444956672/CMsbpDme.jpg","406850","1","13","9441","315531","415"
"16086","andriigladkyi","Gladkyi.eth","https://pbs.twimg.com/profile_images/1630209245877501953/ldNt28Qp.jpg","71180","1","13","9141","66432","416"
"24796","BarelefB","Zi-zi ??","https://pbs.twimg.com/profile_images/1959964130246352896/79dRqn1U.jpg","63566","1","13","9121","62960","417"
"14405","mrv_flnks","MRV | Pretrillionaire ??","https://pbs.twimg.com/profile_images/1964421466998333440/KDopoeBY.jpg","83389","1","13","9065","74223","418"
"9453","fiyalkin","fiyalkin / ??? /","https://pbs.twimg.com/profile_images/1910462276596822016/3ofbzF3S.jpg","164786","1","13","9039","144370","419"
"20111","EdricETH22","EDRIC.ETH","https://pbs.twimg.com/profile_images/1951016678885588992/NfDcuedu.jpg","30623","1","13","9031","25676","420"
"21940","Keri_Evd","Keri","https://pbs.twimg.com/profile_images/1491427625138589702/m3dAy8mr.jpg","87487","1","13","8977","87487","421"
"5042","Knox556","Knox","https://pbs.twimg.com/profile_images/1925187983281434624/_H5_m_1K.jpg","386862","1","13","8969","235706","422"
"4775","majdi_sw","Majdi","https://pbs.twimg.com/profile_images/1951347772189229056/R4nLja3W.jpg","613457","1","13","8925","349320","423"
"13957","andreehoan","Avian.hl","https://pbs.twimg.com/profile_images/1948151576419512320/uasQkUq2.jpg","133233","1","13","8846","128313","424"
"19023","criptomaniac_","MNC ? ????","https://pbs.twimg.com/profile_images/1962541527629971458/0op8W5vI.jpg","83962","1","13","8766","71307","425"
"23333","t_c_c_y","Sv.","https://pbs.twimg.com/profile_images/1949802017561399296/Ks-irNp_.jpg","92359","1","13","8741","91197","426"
"10467","jumplifey9","Cranky","https://pbs.twimg.com/profile_images/1952030161085292544/xHR8zEla.jpg","61737","1","13","8710","37669","427"
"22531","CoreySnuff","Corey","https://pbs.twimg.com/profile_images/1964696709134426112/gaD6Vx49.jpg","93499","1","13","8655","82869","428"
"3983","tarasss13","Taras","https://pbs.twimg.com/profile_images/1904416057022148608/oRuBVwMO.jpg","298547","1","13","8646","113994","429"
"5400","pixonme_","Pix ??","https://pbs.twimg.com/profile_images/1918202301686177793/UFoZizGL.jpg","333584","1","13","8644","122617","430"
"22753","0xViki_eth","Vikig13.eth","https://pbs.twimg.com/profile_images/1966301986820628480/7CLuZozK.jpg","152854","1","13","8609","151722","431"
"20613","0xPotato_13","Potato13 ?? ??","https://pbs.twimg.com/profile_images/1960584331597918208/vZXUwxEv.jpg","88790","1","13","8573","87966","432"
"23617","null_saga","0X_SAGA.FHE","https://pbs.twimg.com/profile_images/1945750111406977024/8llX0stF.jpg","21997","1","13","8570","21268","433"
"19700","0xargonstark","Argon","https://pbs.twimg.com/profile_images/1941223260424720384/QFGPQCU3.jpg","41611","1","13","8513","18990","434"
"11356","Kujirita","Rita","https://pbs.twimg.com/profile_images/1881711504472363008/RYgec65W.jpg","20963","1","13","8442","15953","435"
"26769","afnkrman","Alim Funkerman??","https://pbs.twimg.com/profile_images/1959359665898205184/aeuY5MNr.jpg","79381","1","13","8432","57086","436"
"23240","sinderdd","sinder","https://pbs.twimg.com/profile_images/1967252107339194368/XxenJiLd.jpg","45427","1","13","8420","40871","437"
"21876","imnotspam78","Fed'ka","https://pbs.twimg.com/profile_images/1748111993108647936/6Ly2jWiM.jpg","52589","1","13","8415","43884","438"
"28897","MorganMorris6","JatsideNNN??","https://pbs.twimg.com/profile_images/1956844619536211968/5lLTdmtZ.jpg","44140","1","13","8401","43484","439"
"4542","DrEinstein9999","Vitalik Einstein","https://pbs.twimg.com/profile_images/1937631136856829952/PhgGBxNy.jpg","175393","1","13","8372","142178","440"
"10947","saeed_aslani","hungry wolf ??","https://pbs.twimg.com/profile_images/1908307452065411072/pSPrr_Al.jpg","33637","1","13","8331","33093","441"
"27577","sangre_dedrago","SDD","https://pbs.twimg.com/profile_images/1966958088008720384/vkXAGd57.jpg","58321","1","13","8327","42318","442"
"26741","sadegh_parsaie","sadegh","https://pbs.twimg.com/profile_images/1964989478109372416/bxKiEUFA.jpg","37193","1","13","8317","28712","443"
"27854","0xSenseiSOL","Sensei","https://pbs.twimg.com/profile_images/1960359051318976512/16_0mlDk.jpg","18251","1","13","8316","17702","444"
"26331","yakavenka","anfield_dog","https://pbs.twimg.com/profile_images/1563628127334436865/5XfAT1lV.jpg","16459","1","13","8280","15966","445"
"6631","GpaAndy","Andy the Jet","https://pbs.twimg.com/profile_images/1924049469714137088/SRik5nl3.jpg","568346","1","13","8264","380757","446"
"26783","MJahangirifard","mahsun","https://pbs.twimg.com/profile_images/1942210729639133184/-SeutDR3.jpg","74735","1","13","8246","48749","447"
"28677","0xehs4hn","eh34n (?,G) (?,?)","https://pbs.twimg.com/profile_images/1963863923209252864/3mVbculY.jpg","51894","1","13","8234","47744","448"
"28456","ebrahimmuhmmdi","ebi.ink","https://pbs.twimg.com/profile_images/1956024928337035269/RS7xcQrs.jpg","25136","1","13","8210","24680","449"
"27705","ZiariMajid11764","Majid (??,?)|Noya","https://pbs.twimg.com/profile_images/1961129777504354304/UAksF9gY.jpg","26552","1","13","8201","20572","450"
"28952","neysaneabi","Colin ????","https://pbs.twimg.com/profile_images/1965829321081155584/YQKuuclG.jpg","33470","1","13","8168","25135","451"
"21414","DmitrijMercalov","Dmitry (???) ?","https://pbs.twimg.com/profile_images/1958056715888287744/G_ktDE1w.jpg","57397","1","13","8162","52901","452"
"23969","bunnie096","Bresdy","https://pbs.twimg.com/profile_images/1945398262971658240/pKqMHxmL.jpg","84529","1","13","8143","83673","453"
"18997","shaadaabak","Shadab","https://pbs.twimg.com/profile_images/1967221580657774592/W4dQoJ6O.jpg","110772","1","13","8140","109978","454"
"18323","peaceofheav1","peaceofheaven","https://pbs.twimg.com/profile_images/1952288871682867200/8W_kzMfk.jpg","154394","1","13","8116","145999","455"
"16743","chekanboy","MisterChe","https://pbs.twimg.com/profile_images/1955286541023997953/3dHCrPSj.jpg","57058","1","13","8103","56825","456"
"21576","SecretoDefi","SECRETO DEFI","https://pbs.twimg.com/profile_images/1612792831663276032/4wAW_-Ot.jpg","21848","1","13","8100","21523","457"
"27080","Gholammos","mostafi.base.eth","https://pbs.twimg.com/profile_images/1947144652559183872/nhvpo9Bg.jpg","25640","1","13","8090","25640","458"
"26871","zohrehaz","zohrehaz?? .inkMorph","https://pbs.twimg.com/profile_images/1512892472145416197/lLtTSA-d.jpg","8421","1","13","8082","8082","459"
"21762","ifedot047","Don Gelato (?,G)","https://pbs.twimg.com/profile_images/1953196065177354240/IDUaG5T7.jpg","42260","1","13","8043","42260","460"
"23","TheBenMeadows","? ? ?","https://pbs.twimg.com/profile_images/1960404172769251328/ok6FVNzq.jpg","964817","1","13","8022","343894","461"
"3587","PANOROM1883","Panorom","https://pbs.twimg.com/profile_images/1948356269829484544/UqLef6oI.jpg","397441","1","13","8007","164800","462"
"24126","karimi90519920","bita (?,G)","https://pbs.twimg.com/profile_images/1883909760115716096/lK07qBwb.jpg","44722","1","13","8006","36642","463"
"5016","KearneyCrypto","Kearney","https://pbs.twimg.com/profile_images/1841111765318324225/KGQXoNkW.jpg","60952","1","13","8005","31895","464"
"22033","nefiten","Nefiten","https://pbs.twimg.com/profile_images/1933179545743482880/Ux_RkfMB.jpg","24121","1","13","7994","23878","465"
"21584","stablemark_","stablemark","https://pbs.twimg.com/profile_images/1922273531879964672/i6kKo_4H.jpg","45619","1","13","7986","45424","466"
"27801","sara_maghrebi21","sara","https://pbs.twimg.com/profile_images/1755686938357489664/6x0HDD-U.jpg","33574","1","13","7962","33574","467"
"25956","deepflowmasta","deepflow.hype","https://pbs.twimg.com/profile_images/1952872924580372480/-4whYrcN.jpg","35640","1","13","7960","35640","468"
"26442","sewas7407","sewas7407 Anomage ??????,?????","https://pbs.twimg.com/profile_images/1894496057217695744/tMLS0BYl.jpg","29429","1","13","7933","26029","469"
"7404","world_invade","Mundo.somi","https://pbs.twimg.com/profile_images/1909660475320942595/TPQRNa9k.jpg","56964","1","13","7929","20318","470"
"28245","0XBABTC","BABTC??? base.eth","https://pbs.twimg.com/profile_images/1925166690423173120/tz9dShVA.jpg","29342","1","13","7928","28742","471"
"26309","oxamirs","amir.ink(?,G)","https://pbs.twimg.com/profile_images/1966254285722664960/gcGezLXX.jpg","13621","1","13","7915","13621","472"
"21251","0xDragonHash","TabDel0x ????","https://pbs.twimg.com/profile_images/1916976220480184320/jLMBiUlJ.jpg","42699","1","13","7854","42699","473"
"17067","NinersNiners69","Niners","https://pbs.twimg.com/profile_images/1936667914800594944/gzgciqHV.jpg","88144","1","13","7847","84498","474"
"202","JakeAndBakeMVHQ","JakeAndBake","https://pbs.twimg.com/profile_images/1821258729330806784/cLpOCo6P.jpg","905797","1","13","7783","196211","475"
"29604","steppajack","jack5590.eth","https://pbs.twimg.com/profile_images/1627002239091978240/Dwu196az.jpg","33337","1","13","7765","29324","476"
"31125","mocharnyk_v","Ivan | SUI maxi |???? $FF","https://pbs.twimg.com/profile_images/1693374095277039617/Ak6oABlm.jpg","32021","1","13","7757","15977","477"
"11982","nahnah64","ray tio","https://pbs.twimg.com/profile_images/1907847248706482176/iZietE3J.jpg","70147","1","13","7742","54882","478"
"8031","Airdrop_Guard","????.eth?","https://pbs.twimg.com/profile_images/1887329695471181826/z4UhGBoA.jpg","360189","1","13","7739","223088","479"
"22339","FrankoYodaa","FrankoYoda","https://pbs.twimg.com/profile_images/1950630280961658881/hPmW3uuh.jpg","85359","1","13","7688","68808","480"
"3476","itsmepris0ner","PRISON?R ????","https://pbs.twimg.com/profile_images/1905018573686243328/gkkPSC1T.jpg","800903","1","13","7678","484917","481"
"15831","Kungduck11","Tolkien","https://pbs.twimg.com/profile_images/1952055408257798144/OFlScTvt.jpg","46605","1","13","7559","37546","482"
"4983","3thwh4le","Ethwh4le","https://pbs.twimg.com/profile_images/1941496274622001152/pXcubkiP.jpg","326995","1","13","7535","171898","483"
"2420","zaimiriQ","zaimiri ??","https://pbs.twimg.com/profile_images/1956760267330572288/RLKoQJwK.jpg","804682","1","13","7534","348440","484"
"21956","bykaralord","David Freeman","https://pbs.twimg.com/profile_images/1951974248374775808/RiyU0Ha0.jpg","57890","1","13","7452","56880","485"
"19893","FSkifor","Crypto Freak ??","https://pbs.twimg.com/profile_images/1966528131340103680/RniV9_Ug.jpg","31479","1","13","7385","27114","486"
"4556","AkisOnX","Akis","https://pbs.twimg.com/profile_images/1622528925917237249/YU5B1gYp.jpg","853830","1","13","7284","243344","487"
"4050","Wezaverse","Adam Wester?n","https://pbs.twimg.com/profile_images/1928090118008487936/68cc_QZ6.jpg","119481","1","13","7278","51418","488"
"15294","alexandriniumx","Alexandrinium | GoH","https://pbs.twimg.com/profile_images/1490412699586543617/WZt1Z6Ru.jpg","121448","1","13","7250","120563","489"
"28302","0x0629","0x","https://pbs.twimg.com/profile_images/1955751184649625603/Qxe0RCMn.jpg","100800","1","13","7180","93478","490"
"27698","Yodacrypto41412","Yodacrypto","https://pbs.twimg.com/profile_images/1940340051923079168/z1nH5fpq.jpg","80738","1","13","7157","74770","491"
"26029","0xD1ol","D1ol ????","https://pbs.twimg.com/profile_images/1960978759575625729/4dguFmqK.jpg","19528","1","13","7117","14831","492"
"8524","sunitevnn","Namdinh.eth","https://pbs.twimg.com/profile_images/1905464238287802368/NYj6tlEq.jpg","237293","1","13","7081","178474","493"
"30955","0xZohanVerse","Zohan","https://pbs.twimg.com/profile_images/1941276002782470147/leoOQO-P.jpg","14210","1","13","7067","11445","494"
"27653","denristargarin","Rose","https://pbs.twimg.com/profile_images/1929617536142004225/TuNH-vax.jpg","11643","1","13","6965","6965","495"
"4385","Corazon___89","Corazon.base.eth","https://pbs.twimg.com/profile_images/1589221668790091776/exMpB_P9.jpg","340789","1","13","6960","165031","496"
"7498","papito_dele","PAPITO","https://pbs.twimg.com/profile_images/1951964822272167936/GW8SeoLM.jpg","56767","1","13","6948","9765","497"
"1384","CoacherJD","CoacherJD","https://pbs.twimg.com/profile_images/1909032836583292928/sYdLXXdc.jpg","620119","1","13","6945","6945","498"
"10213","TimeJJae","Time_is_Gold","https://pbs.twimg.com/profile_images/1933225372973477889/kdGO-DM_.jpg","40533","1","13","6936","12004","499"
"29369","vyna1der","Vynaider ??","https://pbs.twimg.com/profile_images/1961095093529505793/ZR_p5Vv_.jpg","24521","1","13","6872","6872","500"
"19246","sillyybillyyyyy","sillybilly ????","https://pbs.twimg.com/profile_images/1944220984719912960/XxjiK3Z7.jpg","56106","1","13","6858","45615","501"
"29885","0x_antifragile","sana","https://pbs.twimg.com/profile_images/1777167422262226944/tBkGp_n-.jpg","17224","1","13","6849","14979","502"
"13889","0xMamareza","Mamareza","https://pbs.twimg.com/profile_images/1941852666742636544/b-hv4Fjm.jpg","179550","1","13","6846","151047","503"
"5912","fedbnb","fed.bnb | L3SDAO","https://pbs.twimg.com/profile_images/1890800618136379392/btZrRsxx.jpg","470896","1","13","6830","337901","504"
"10974","11em222","Ema","https://pbs.twimg.com/profile_images/1895074082489602048/peRVbfLI.jpg","188461","1","13","6812","184353","505"
"28812","athame_khe","Lexus ABP ??","https://pbs.twimg.com/profile_images/1704579380767318016/ls5zH1wu.jpg","13553","1","13","6794","13098","506"
"12953","mystery370","Mike","https://pbs.twimg.com/profile_images/1958984004411006976/CAo9wTZb.jpg","49019","1","13","6775","49019","507"
"12704","MIR_NFT","MIR NFT","https://pbs.twimg.com/profile_images/1463562482526609416/YUKcUcZ8.jpg","61071","1","13","6733","59005","508"
"22941","Cryptoverse67","cryptoverse.sui","https://pbs.twimg.com/profile_images/1864419553700192256/gA2yq6yL.jpg","12703","1","13","6727","9180","509"
"26782","GoemonMaster","Goemon","https://pbs.twimg.com/profile_images/1957800137826398209/RfLxg00g.jpg","31024","1","13","6691","26985","510"
"23019","Inpunkcrypto","Punktastik","https://pbs.twimg.com/profile_images/1645756723834114054/aah_Vfiz.jpg","68668","1","13","6623","61883","511"
"19570","daVinchiEth","FrontrunJesus","https://pbs.twimg.com/profile_images/1931478420040404992/-VgXydxK.jpg","54552","1","13","6608","42242","512"
"3431","Artommy_","Artommy","https://pbs.twimg.com/profile_images/1933286846953324544/z-ztsPRJ.jpg","267767","1","13","6594","96294","513"
"23796","HakanBilgetekin","0xdenver","https://pbs.twimg.com/profile_images/1953427353910013953/7oRLrK5k.jpg","24295","1","13","6535","24295","514"
"27940","atharvaaa001","Atarva??????","https://pbs.twimg.com/profile_images/1955280024149368833/r21XriYE.jpg","53840","1","13","6500","52947","515"
"8589","chai_lens","Chai","https://pbs.twimg.com/profile_images/1928920834917412866/ogIsX0AD.jpg","120208","1","13","6492","65941","516"
"24509","batran7770","noDen .lvl??","https://pbs.twimg.com/profile_images/1721963689257906176/9_mqg8TB.png","161992","1","13","6489","157705","517"
"8613","zhuanfgghjnb","????","https://pbs.twimg.com/profile_images/1607593522701701122/zv1J_K2-.jpg","369667","1","13","6474","296992","518"
"15492","poesdec","poezdec ????","https://pbs.twimg.com/profile_images/1960323354394554368/bFcD2_Zg.jpg","117651","1","13","6411","107441","519"
"11325","standotsui","stanxbt","https://pbs.twimg.com/profile_images/1897972188604407808/5mkqeemF.jpg","81300","1","13","6358","59623","520"
"25909","botborg_","botborg","https://pbs.twimg.com/profile_images/1939702452476887040/ALZoEAji.jpg","82727","1","13","6358","77503","521"
"21562","oig_res","oig_res.?? ??","https://pbs.twimg.com/profile_images/1911385393506762754/wtRa2KC-.jpg","202112","1","13","6320","168125","522"
"11505","b00money","Boomoney.??","https://pbs.twimg.com/profile_images/1852137243789660162/Bep-SEDr.jpg","52029","1","13","6315","49555","523"
"28575","maracuamba","Maracuamb?","https://pbs.twimg.com/profile_images/1966869346703077376/90vN5xOB.jpg","61511","1","13","6303","43758","524"
"19905","okandotsol","Okan (/?o.kan/)??","https://pbs.twimg.com/profile_images/1938996145532919808/ZjH9Lbqo.jpg","41532","1","13","6278","41319","525"
"8220","MaransCrypto","Maran's Crypto","https://pbs.twimg.com/profile_images/1967632041975136256/6cFB9eFB.jpg","181345","1","13","6265","178173","526"
"21899","Karrysha1","Karina???? |","https://pbs.twimg.com/profile_images/1845485077943189513/Yuh92Ohi.jpg","87550","1","13","6265","77804","527"
"30279","socialvideo10","goodlak | GoH","https://pbs.twimg.com/profile_images/1958598518295199745/nlIPdtic.jpg","38247","1","13","6234","12653","528"
"28555","mr_karahanl","Emre","https://pbs.twimg.com/profile_images/1958296975784161280/JBogOoOw.jpg","13647","1","13","6184","13647","529"
"8876","y_cryptoanalyst","yyy","https://pbs.twimg.com/profile_images/1940912893202944000/CGNonSFc.jpg","183856","1","13","6161","132543","530"
"5202","polkaguy","Polkaguy.eth","https://pbs.twimg.com/profile_images/1924192737324126208/7c4IPFHN.jpg","225726","1","13","6152","144342","531"
"17197","sweetlolo0621","sweetlolo","https://pbs.twimg.com/profile_images/1527219509781995520/NEgoMaZ2.jpg","113314","1","13","6135","111354","532"
"19865","cyrotrading","CYRO","https://pbs.twimg.com/profile_images/1926440443555840000/GNRj_zFF.jpg","7117","1","13","6108","7117","533"
"26814","yaro_cryptobro","Yaro (?,G) | CryptoBro.co ????","https://pbs.twimg.com/profile_images/1855104530687668224/DCXk0HO9.jpg","8122","1","13","6106","6106","534"
"25384","_stalker26reg","STALKER","https://pbs.twimg.com/profile_images/1642509101702733825/apLNzh_V.jpg","215252","1","13","6072","199649","535"
"5181","bp__","bpinnyc ??????","https://pbs.twimg.com/profile_images/1607406144460410881/22E4TEYN.jpg","356761","1","13","6051","153430","536"
"21650","kydrik777","Crypto Mavka(?,?)","https://pbs.twimg.com/profile_images/1950533129908707329/q_6qIFAC.jpg","32975","1","13","6009","27521","537"
"20462","coinmetrika","Coin Metrika","https://pbs.twimg.com/profile_images/1935725827955589120/uqS95fem.jpg","156077","1","13","5943","154524","538"
"28788","DDdored","Dored","https://pbs.twimg.com/profile_images/1963336311370108929/7FD0AeNw.jpg","31754","1","13","5918","11827","539"
"23450","AptosMove","mr.GOGO INTEGRATED ????","https://pbs.twimg.com/profile_images/1902767387075645440/dViqYfWm.jpg","122048","1","13","5891","111615","540"
"3473","Shannlws","Shan","https://pbs.twimg.com/profile_images/1881947302857932800/k8CZ6Sa2.jpg","655364","1","13","5814","304049","541"
"2460","TheBrownGentYT","TheBrownGent","https://pbs.twimg.com/profile_images/1932824377369743360/Tq9m5_K5.jpg","78817","1","13","5812","57815","542"
"3019","Cos0x","cos","https://pbs.twimg.com/profile_images/1945176137962856448/u_3-0w6e.jpg","92536","1","13","5796","32914","543"
"27377","LuKaSH0509","_LuKaSH__???? $FF","https://pbs.twimg.com/profile_images/1798830568039149568/Z8s8Z1Bd.jpg","79488","1","13","5784","77827","544"
"30258","t_ua007","Very-Old ????","https://pbs.twimg.com/profile_images/1966497492926693376/dcX-uK_F.jpg","19967","1","13","5752","9627","545"
"16235","megatoughmacho","mega macho","https://pbs.twimg.com/profile_images/1933144254026518528/ms2D062u.jpg","124892","1","13","5740","101604","546"
"1679","aadvark89","aadvark","https://pbs.twimg.com/profile_images/1893006024736382976/FUhSrowa.jpg","546592","1","13","5726","102805","547"
"15947","Oleg_Chernetski","MemeLord ???????","https://pbs.twimg.com/profile_images/1947116813776789504/GD59AF9D.jpg","125585","1","13","5670","123911","548"
"3208","CryptoFrostyz","Frostyz","https://pbs.twimg.com/profile_images/1960335082830356480/g2DtC_nc.jpg","90744","1","13","5629","36390","549"
"29487","Berserk_OG_","Berserk.rus","https://pbs.twimg.com/profile_images/1905935965144641536/6x4pofgn.jpg","14100","1","13","5625","10626","550"
"3896","NPC_68","NPC","https://pbs.twimg.com/profile_images/1586678937442258944/dpJIQnFn.jpg","265548","1","13","5590","121982","551"
"26584","MaxVoshchansky","Max ?","https://pbs.twimg.com/profile_images/1959712960248483840/zaUm768P.jpg","10113","1","13","5572","9463","552"
"21862","rimtoln","cryptopsihoz","https://pbs.twimg.com/profile_images/1942797834090139648/jBpx9m9Y.jpg","35329","1","13","5565","34379","553"
"19044","funB0Tnft","FUNB?Y","https://pbs.twimg.com/profile_images/1478528956043309059/hvTQ7fA2.jpg","25109","1","13","5505","19604","554"
"31853","Ahmett_9125","Ahmet .ink","https://pbs.twimg.com/profile_images/1644862218406699008/4dVPSnGY.jpg","6871","1","13","5481","6871","555"
"5204","Hafo1991","Haifa.m","https://pbs.twimg.com/profile_images/1848814364339376129/jcss1OgG.jpg","125693","1","13","5478","88901","556"
"16493","0xPiracyData","0xPiracyData ?? ??","https://pbs.twimg.com/profile_images/1952006085226729472/-yM5wzrv.jpg","254306","1","13","5470","242797","557"
"19532","al1_ranger","Alone ranger","https://pbs.twimg.com/profile_images/1739228438576123904/Wm1iWfF3.jpg","123291","1","13","5469","117802","558"
"27923","VitaliiStorchak","VIT","https://pbs.twimg.com/profile_images/1959604883536957441/LfLIghfY.jpg","63655","1","13","5464","62545","559"
"9547","powellruggedme","rugged-by-powell ??","https://pbs.twimg.com/profile_images/1950832340097245184/PZBcQlVJ.jpg","189366","1","13","5454","147447","560"
"21775","Matiieth","Matii","https://pbs.twimg.com/profile_images/1866896631863345153/_4KafW9H.jpg","43385","1","13","5436","30280","561"
"11221","0xG00gly","Googly ??","https://pbs.twimg.com/profile_images/1742059584087289856/viSxBP1h.jpg","85029","1","13","5415","79666","562"
"9863","BabyFaceSage","TimelessEON","https://pbs.twimg.com/profile_images/1859367557033086977/MAkRZbec.jpg","226855","1","13","5340","80940","563"
"26127","shaburshila","Shaburshila????| GoH","https://pbs.twimg.com/profile_images/1905883559497244672/s3mNAHs9.jpg","49420","1","13","5322","31419","564"
"17424","BenyCryp","Benoni | GoH","https://pbs.twimg.com/profile_images/1929862681801936896/Me-RolK_.jpg","152512","1","13","5254","143276","565"
"9520","twinnysunny","Twinnyyy ???(???) (?,G)","https://pbs.twimg.com/profile_images/1958056277529227265/MjKbYUEf.jpg","94626","1","13","5245","65352","566"
"4570","dimaforemnyi","D_Ma ????","https://pbs.twimg.com/profile_images/1904503126746689536/x1WWISVG.jpg","345594","1","13","5200","142539","567"
"20060","vonnies712","Vonnies","https://pbs.twimg.com/profile_images/1527221775599214594/ObzhmPi5.jpg","60470","1","13","5200","58935","568"
"21581","EmiliyLlight","????bit.lens(??, ??)????.base.eth(?,?)(?,?)","https://pbs.twimg.com/profile_images/1946950502928744448/Do-V18kf.jpg","39797","1","13","5191","34489","569"
"21752","cr1mean_","cmf~","https://pbs.twimg.com/profile_images/1946816499772981248/tymSEFMv.jpg","253075","1","13","5179","245170","570"
"20405","chanel64631","Chanel","https://pbs.twimg.com/profile_images/1527221175218479106/r5cAH7i8.jpg","67877","1","13","5169","66750","571"
"7624","punkcan","Punkcan","https://pbs.twimg.com/profile_images/1928287168079998976/C6t5--LN.jpg","199618","1","13","5164","75040","572"
"3429","0xRedsnow_y","Redsnow_y","https://pbs.twimg.com/profile_images/1950825911982399488/oLmwdd-P.jpg","344919","1","13","5123","142437","573"
"8523","Guomin184935","Akiii","https://pbs.twimg.com/profile_images/1962189214881300480/1nci91R4.jpg","278176","1","13","5102","158074","574"
"12229","isummermaze","isummermaze","https://pbs.twimg.com/profile_images/1868640672397545472/-fJ-ixVA.jpg","48906","1","13","5090","45208","575"
"14198","materai6k","syndd.eth ?","https://pbs.twimg.com/profile_images/1737045659939901440/zfDRzcq6.jpg","28848","1","13","5081","26744","576"
"28732","iveabadtaste","bearner.eth??","https://pbs.twimg.com/profile_images/1882950373054279680/qWcqAi85.jpg","38356","1","13","5077","35221","577"
"4381","0xAsta","urahara.eth","https://pbs.twimg.com/profile_images/1873611517947695104/-A6_61pt.jpg","176990","1","13","5076","61821","578"
"13789","Fund911","911Fund","https://pbs.twimg.com/profile_images/1898222566818693122/5TUqmHNo.jpg","113720","1","13","5067","108510","579"
"23726","sftengg","Sftengg","https://pbs.twimg.com/profile_images/1945488491040878592/6_BfAiDV.jpg","58887","1","13","5043","56875","580"
"16021","0xlyrex","0xLyrex","https://pbs.twimg.com/profile_images/1826655152306044928/brRQDYSW.jpg","29541","1","13","5025","25258","581"
"1168","beausecurity","Beau","https://pbs.twimg.com/profile_images/1931203087319945217/v2nx_MJY.jpg","135896","1","13","5024","26881","582"
"13713","Mertonghen2","Mertonghen | INTEGRATED (???)","https://pbs.twimg.com/profile_images/1961167948346761216/lwjbcyvl.jpg","22460","1","13","5022","22014","583"
"3534","kasperloock","Kasper Vandeloock","https://pbs.twimg.com/profile_images/1632020902027075584/ZA6X3cpF.png","194183","1","13","5018","41570","584"
"21964","Drimb0y","Vacas.Onchain????","https://pbs.twimg.com/profile_images/1769801298457628672/Ee1ClOCa.jpg","90864","1","13","5002","73089","585"
"12540","pcryptowoman","p.cryptowoman ??","https://pbs.twimg.com/profile_images/1963717690717069312/DrEiqsWw.jpg","35652","1","13","5001","30597","586"
"23444","rosy_yam","MarszD","https://pbs.twimg.com/profile_images/1944698856874352641/1--pUu5u.jpg","44239","1","13","4996","43898","587"
"25428","alessan74060506","(??,??)mastroalex","https://pbs.twimg.com/profile_images/1569700103744815110/YEIAtKFs.jpg","25171","1","13","4993","18050","588"
"22264","DeepHouseEth","DeepHouseETH","https://pbs.twimg.com/profile_images/1953911736119246848/UQdMjSUD.jpg","69138","1","13","4981","64028","589"
"29177","treatos526","Treatos","https://pbs.twimg.com/profile_images/1528090919366365184/QAa-eFYS.jpg","28417","1","13","4964","28064","590"
"23578","donsergioooo","Sergei Prozvansky","https://pbs.twimg.com/profile_images/1595660760365023234/LdgDS-Hb.jpg","55789","1","13","4812","50843","591"
"19074","cloudbuckethat","Cloud","https://pbs.twimg.com/profile_images/1960255095419101184/PYBx3RQc.jpg","56939","1","13","4783","44308","592"
"19374","sametulutea","Samet Ulucay","https://pbs.twimg.com/profile_images/1570504505728421891/v-n_uMV_.jpg","15532","1","13","4750","14581","593"
"24150","N0_Fom0","NoFomo??","https://pbs.twimg.com/profile_images/1872582858017067008/2IDXDdZZ.jpg","127800","1","13","4742","122865","594"
"21258","elina_mh","eli.base.eth","https://pbs.twimg.com/profile_images/1962805978417516544/Jh4GELbo.jpg","127100","1","13","4738","91273","595"
"25173","0xNarcotique","0xNarcotique","https://pbs.twimg.com/profile_images/1949602890491863041/ehet1VKl.jpg","38626","1","13","4738","37771","596"
"6586","Omsuskes","Suskesorg ??","https://pbs.twimg.com/profile_images/1955179208260591616/7hvCx7rJ.png","147378","1","13","4736","66062","597"
"17359","TheSankarg","Zankar.eth","https://pbs.twimg.com/profile_images/1798191007387041792/XQ5Hzbni.jpg","77042","1","13","4728","72101","598"
"23156","RamFtv","Ram(?,G)","https://pbs.twimg.com/profile_images/1927430415075123200/un-syy72.jpg","29200","1","13","4728","19886","599"
"20675","KronenbergEth","Kronenberg ??","https://pbs.twimg.com/profile_images/1944356257478922241/ul18LWV_.jpg","27260","1","13","4720","26427","600"
"29253","VProktolog","Gipnoz_?","https://pbs.twimg.com/profile_images/1962480449676046337/rofPi5XB.jpg","10389","1","13","4720","10389","601"
"7031","HakResearch","Hak Research","https://pbs.twimg.com/profile_images/1822824657491574784/vAqCF12m.jpg","242626","1","13","4701","215174","602"
"30759","SSkarina28971","Jarine","https://pbs.twimg.com/profile_images/1930344664999038976/UzDj7-jC.jpg","5746","1","13","4698","4698","603"
"23293","Eloi_JG","EloiJG","https://pbs.twimg.com/profile_images/1825917444092731392/P8-Thcf4.jpg","77398","1","13","4693","76577","604"
"2715","Xeer","Xeer","https://pbs.twimg.com/profile_images/1938298631913881600/a1H_JOM3.jpg","28292","1","13","4691","25290","605"
"26930","gorynicheth","Gorynich??","https://pbs.twimg.com/profile_images/1929129726817275904/ivAy9L_8.jpg","18008","1","13","4685","17104","606"
"23550","YuriyTeslya","Yuriy_Teslya???","https://pbs.twimg.com/profile_images/1966168790707703808/h2KP_MHV.jpg","77442","1","13","4652","68936","607"
"19424","CoinHuntersTR","CoinHunters","https://pbs.twimg.com/profile_images/1603069058601172994/ASviUmE3.jpg","10511","1","13","4643","10511","608"
"28464","izzzardio","izzzard","https://pbs.twimg.com/profile_images/1960025422755770368/YBny844K.jpg","4642","1","13","4642","4642","609"
"11692","Nfts4bob","Dpuck (bob)","https://pbs.twimg.com/profile_images/1967134317907243008/UB-FrP9W.jpg","102684","1","13","4640","97940","610"
"26432","SaeedRTL","Saeed (?,?)","https://pbs.twimg.com/profile_images/1963640777608769536/3OumPQYH.jpg","4764","1","13","4630","4764","611"
"19491","tu_khobi","0x.eth(?,?)","https://pbs.twimg.com/profile_images/1945448401593614337/5Jixhcm4.jpg","25422","1","13","4613","20749","612"
"26077","de1lymoon","Alex","https://pbs.twimg.com/profile_images/1950506332953382913/522KGWFt.jpg","32267","1","13","4603","27848","613"
"25001","cryptof4ck","cryptof4ck","https://pbs.twimg.com/profile_images/1965470115819859968/0XkuoNMh.jpg","15581","1","13","4602","15581","614"
"23419","pryvigo","pryvigo","https://pbs.twimg.com/profile_images/1963526118436192257/JsS8uhr5.jpg","32513","1","13","4598","24059","615"
"22630","MaaRii74sd","MaaRii","https://pbs.twimg.com/profile_images/1923162691138392064/F3iulnR4.jpg","100285","1","13","4581","80869","616"
"6477","rahulxero","Rahulxero.hl (pre millionaire arc)","https://pbs.twimg.com/profile_images/1924868964175261696/SXhOI_r_.jpg","112193","1","13","4576","74108","617"
"15977","jaggadaku931","Jagga (mainnet arc)","https://pbs.twimg.com/profile_images/1953477049537978368/Ym9OG-d5.jpg","24114","1","13","4573","19889","618"
"22357","TOXA_CNPHNK","toxacnphnk.eth","https://pbs.twimg.com/profile_images/1961082041316818944/tmZy9dGv.jpg","101007","1","13","4556","100328","619"
"30","weinada","weinada","https://pbs.twimg.com/profile_images/1964025555600150528/3nPME265.jpg","454831","1","13","4531","153216","620"
"26121","Artheistic","cuteinvestments.eth??","https://pbs.twimg.com/profile_images/1960100364830552066/IOzoUWou.jpg","19033","1","13","4530","16931","621"
"16816","chunkzcheese","Mitty","https://pbs.twimg.com/profile_images/1527218169353424897/5MHYbdlD.jpg","89105","1","13","4521","84549","622"
"12575","Socksdart","chrisss??","https://pbs.twimg.com/profile_images/1484969776833306628/TXVaPy60.jpg","88945","1","13","4490","84278","623"
"22326","jarwono4444","Oiroot ??","https://pbs.twimg.com/profile_images/1963075022647701504/QLrBK8RN.jpg","10961","1","13","4482","10237","624"
"8904","TUGE8888","?????","https://pbs.twimg.com/profile_images/1966556234959790080/qWC1esHX.jpg","345943","1","13","4462","284193","625"
"27452","furkanware","furkanware.eth","https://pbs.twimg.com/profile_images/1923368339964878848/iva0NsMx.jpg","22882","1","13","4439","16597","626"
"4009","Damon_0D","Damon $MIM","https://pbs.twimg.com/profile_images/1663447539390005249/T_OH9_P0.jpg","286335","1","13","4412","200876","627"
"26574","0xabbas1","abbas (?,G)","https://pbs.twimg.com/profile_images/1894154039547342848/NbYzTmrY.jpg","37061","1","13","4408","28581","628"
"23186","Yousef66750595","Yousef","https://pbs.twimg.com/profile_images/1961091832110104576/sOEGiYwL.jpg","29676","1","13","4403","29159","629"
"18928","SaberGhazi","s????","https://pbs.twimg.com/profile_images/1725194719389528064/CDbl1YXL.jpg","27365","1","13","4402","22746","630"
"19051","MahabubShanto24","MS","https://pbs.twimg.com/profile_images/1928124773806264320/eqmiWP4b.jpg","5739","1","13","4398","4733","631"
"1837","heycape_","Cape ??","https://pbs.twimg.com/profile_images/1959126721929879552/L4_sJxzT.jpg","452293","1","13","4393","215627","632"
"26154","python_dao","Mr. Buzzoni","https://pbs.twimg.com/profile_images/1871230700591951875/59MRj6P4.jpg","23214","1","13","4387","14691","633"
"2184","EJR_NFT","EJR","https://pbs.twimg.com/profile_images/1940970890692317184/3NG2j7P4.jpg","72222","1","13","4377","49095","634"
"6141","akshatg7","akshat (evm/acc)","https://pbs.twimg.com/profile_images/1937537691262021632/pRtxm2H9.jpg","102561","1","13","4376","80331","635"
"19514","tuncay_dropp","Tuncay.S0L","https://pbs.twimg.com/profile_images/1938205548370964480/IL6-HmWR.jpg","106536","1","13","4369","102020","636"
"26875","laufej","MR","https://pbs.twimg.com/profile_images/1956658571636039682/sURLn62D.jpg","17757","1","13","4359","17757","637"
"26099","KirillFill3","Keri.g.ink (?,G) Morph","https://pbs.twimg.com/profile_images/1953123606180872192/A0iTWcB3.jpg","20787","1","13","4356","16234","638"
"10896","skittkesgiraffe","skittkesgiraffe","https://pbs.twimg.com/profile_images/1907003883722878976/snwfvyC6.jpg","64289","1","13","4335","63179","639"
"31449","0XBAETH","CAP?? base.eth","https://pbs.twimg.com/profile_images/1938948434955763712/KCCW-7E2.jpg","4318","1","13","4318","4318","640"
"19005","ereneray67","Eren","https://pbs.twimg.com/profile_images/1968041705166229504/SO9gta0c.jpg","36859","1","13","4306","28810","641"
"12486","0xRemiss","Remiss.moca","https://pbs.twimg.com/profile_images/1874688280760881152/00ITsNx-.jpg","76733","1","13","4301","76733","642"
"26786","naserkhomari67","ems115 ??","https://pbs.twimg.com/profile_images/1708339520561639424/AjeDY1tG.jpg","22372","1","13","4285","21869","643"
"26196","Igor_Baer_0x","Igor Baer ??rAI","https://pbs.twimg.com/profile_images/1918730398252625920/GfuJ_ePn.jpg","21781","1","13","4278","11705","644"
"28639","cryptozadrot","cryptozadrot","https://pbs.twimg.com/profile_images/950319684464906240/PermDkFz.jpg","14112","1","13","4276","13485","645"
"15117","Hazmaniaxbt","HazmaniaXBT ????? Anomage","https://pbs.twimg.com/profile_images/1966159054595620864/-2nMihJL.jpg","142499","1","13","4270","109964","646"
"27022","Erfan_arshiyan","Erfan007 | ??rAI | TABI ??","https://pbs.twimg.com/profile_images/1942592165713969153/d46oH7fI.jpg","35363","1","13","4261","22787","647"
"23022","lemasro","animalyoki Cryptoz","https://pbs.twimg.com/profile_images/1944694866933411841/90pW7z5f.jpg","64441","1","13","4248","60110","648"
"27083","Sonia__gh","Sonia","https://pbs.twimg.com/profile_images/1606919732464156673/vI2OBwku.jpg","34501","1","13","4248","26143","649"
"27019","0xamir98","amir ??","https://pbs.twimg.com/profile_images/1958496514654842880/pkkVWNn8.jpg","9407","1","13","4231","8970","650"
"26646","docentprox3","Bonjour ??","https://pbs.twimg.com/profile_images/1965727098187677696/j9Q1vr59.jpg","32492","1","13","4224","7075","651"
"8587","theamiralek","Amiralek","https://pbs.twimg.com/profile_images/1961820895980265473/TJDN7wMB.jpg","94285","1","13","4217","53250","652"
"13210","axsentri","axsentri","https://pbs.twimg.com/profile_images/1943978432448409600/nDHhb0Yp.jpg","78981","1","13","4210","70686","653"
"15610","goodboi_global","Janjetina????","https://pbs.twimg.com/profile_images/1919338037843992576/Zlv1hnwC.jpg","34645","1","13","4201","33686","654"
"25646","Lilita_CI","Lilita","https://pbs.twimg.com/profile_images/1956245053052960771/jrkMRGn6.jpg","81477","1","13","4199","66907","655"
"3147","Ziirup","0xSyrup","https://pbs.twimg.com/profile_images/1768118155359195137/yiq6CrZT.jpg","377577","1","13","4186","169492","656"
"30664","Kicklee89","Mrs. Port","https://pbs.twimg.com/profile_images/1962525686389751808/b24QMPg-.jpg","85545","1","13","4184","10098","657"
"10887","supper3532","supperfizlk","https://pbs.twimg.com/profile_images/1926742352959311872/AuuXHZ_o.jpg","178840","1","13","4178","172135","658"
"12594","homingppan72320","???","https://pbs.twimg.com/profile_images/1950166433864024064/kRyH9v8T.jpg","40097","1","13","4136","26019","659"
"19361","ORDINALWOLF04","ORDINALWOLF ??","https://pbs.twimg.com/profile_images/1942530719969902592/LFmWaq84.jpg","37374","1","13","4135","33146","660"
"13442","Tomsuper2870","Tom | ????","https://pbs.twimg.com/profile_images/1750461685234827264/uFKnR43R.jpg","137222","1","13","4131","132977","661"
"15539","uykusuztrader","uykusuztrader","https://pbs.twimg.com/profile_images/1815121054932639744/rha49WYL.jpg","53884","1","13","4121","45943","662"
"16177","airdropzamani","Airdrop Zaman?","https://pbs.twimg.com/profile_images/1948158629749665792/kgqfDhM-.jpg","36461","1","13","4096","28232","663"
"20211","0xr1chie","Richie ????","https://pbs.twimg.com/profile_images/1958549855871156224/msPIPsr1.jpg","46439","1","13","4088","42289","664"
"19206","pelakee13","amin","https://pbs.twimg.com/profile_images/1727206836225388544/c--wcT45.jpg","74254","1","13","4074","48593","665"
"24302","Denis_skripnik","Denis Skripnik (blind)","https://pbs.twimg.com/profile_images/682142076725768192/gHAM51Qf.jpg","10086","1","13","4070","9837","666"
"22107","Tittomikhati","Titto Mikhati.ink","https://pbs.twimg.com/profile_images/1962189210019852288/PiA4MjFC.jpg","35515","1","13","4053","35515","667"
"15934","cryptansha","Julia ??","https://pbs.twimg.com/profile_images/1963505757233586176/JbcH3dhi.jpg","30060","1","13","4049","30060","668"
"24080","Urazanev","Marster ?? | ??rAI","https://pbs.twimg.com/profile_images/1783144663135768577/5VZRPorN.jpg","76180","1","13","4045","70946","669"
"24493","0xtomriddle","Tom-riddle (???)","https://pbs.twimg.com/profile_images/1945825754278666240/vItJVVEu.jpg","13937","1","13","4045","8844","670"
"3955","duychiphs","joeiiix (daos/acc)","https://pbs.twimg.com/profile_images/1892419567114473472/eC30bPFr.jpg","417326","1","13","4039","126277","671"
"14926","pandaone34","Pandaone","https://pbs.twimg.com/profile_images/1955382502593355776/5XS0NBQ2.jpg","33680","1","13","4037","29582","672"
"21930","muammeryldrm42","Muammer","https://pbs.twimg.com/profile_images/1961546528570380288/PrB1eOdp.jpg","18673","1","13","4037","18673","673"
"11032","pokewatch_LaA","dojoreee","https://pbs.twimg.com/profile_images/1690455848449867776/JhhV0DBn.jpg","128622","1","13","4036","122187","674"
"10706","aacryptoverse","CRYPTOVERSE","https://pbs.twimg.com/profile_images/1751239372920561664/0HZbCTRR.jpg","231835","1","13","4035","210041","675"
"22007","DoganYigitShn","RA","https://pbs.twimg.com/profile_images/1967839338093334528/Xk1aOJt7.jpg","22569","1","13","4023","22569","676"
"28879","ninii321","nini.eth","https://pbs.twimg.com/profile_images/1956802126019248129/jDyZwt9C.jpg","8124","1","13","4023","5554","677"
"21920","Link3Lens","donald ??","https://pbs.twimg.com/profile_images/1944467319079538688/tCMltN_Z.jpg","31853","1","13","4015","31658","678"
"28652","AleksYastreb","Hawk","https://pbs.twimg.com/profile_images/1920765624940167168/BiEIrkbl.jpg","16118","1","13","4004","15916","679"
"28339","yofada999","yofada","https://pbs.twimg.com/profile_images/1956802806733819904/vYwp-5Vs.jpg","6753","1","13","4001","5527","680"
"20268","0xMaje","Maje.ip ??(?,?)???????,?????","https://pbs.twimg.com/profile_images/1927854583423893504/ePzATj9c.jpg","20812","1","13","4000","20812","681"
"21082","zevkmeselesi25","BlackLight.ink","https://pbs.twimg.com/profile_images/1966134184897851392/MEbK-iDd.jpg","34184","1","13","3998","33482","682"
"8254","KhunXBT","Khun ????","https://pbs.twimg.com/profile_images/1947031049285824517/LIKtHYQ5.jpg","59348","1","13","3987","12364","683"
"1266","PedroFounder","Pedro","https://pbs.twimg.com/profile_images/1930816464107266048/SUjKtjqv.jpg","1106813","1","13","3983","238412","684"
"31184","cgbreralove","cgbrera love (?,G) Morph | ??rAI .ink","https://pbs.twimg.com/profile_images/1720931757162205184/4uj7-ElD.png","4871","1","13","3983","3983","685"
"10822","diazhsbllh_","donquiqui","https://pbs.twimg.com/profile_images/1924156021162799104/YBZ8_5l2.jpg","28780","1","13","3981","27805","686"
"22770","arsalannova","A R E S (?,?)","https://pbs.twimg.com/profile_images/1951646404549447681/uP63Voqg.jpg","17973","1","13","3975","17973","687"
"2604","sevenkov7","Sevenkov","https://pbs.twimg.com/profile_images/1919641572037242880/jqXQ3sbJ.jpg","18948","1","13","3973","12843","688"
"13890","matchaamatchaaa","matchagirl??","https://pbs.twimg.com/profile_images/1895592274198700032/lSY6ez7B.jpg","19086","1","13","3967","14969","689"
"23269","zhuravlioff","thearbi.hl","https://pbs.twimg.com/profile_images/1947777308825210880/VQAnJEX-.jpg","145541","1","13","3957","137885","690"
"21978","Sohrab5954","Sohrab ??","https://pbs.twimg.com/profile_images/1952792546469453824/zXzxu_jX.jpg","23454","1","13","3933","22824","691"
"28881","hakankrb","prentise","https://pbs.twimg.com/profile_images/1956801114067869697/nhC2KlB9.jpg","9304","1","13","3932","5931","692"
"10889","sgsiboi","chipotler","https://pbs.twimg.com/profile_images/1925822219965333504/BTG2pezG.jpg","160506","1","13","3914","154067","693"
"24426","khudatzada","kriptoqraf.eth ??","https://pbs.twimg.com/profile_images/1943366018488745985/5wHp-Ucd.jpg","9363","1","13","3892","7297","694"
"3102","TimHaldorsson","Tim Haldorsson","https://pbs.twimg.com/profile_images/1928091512484556800/Toeoufns.jpg","1172612","1","13","3879","545374","695"
"23415","NikolajKuz83209","??????? ??????","https://pbs.twimg.com/profile_images/1942973663097098241/CcH1s7g9.jpg","5924","1","13","3872","3872","696"
"30349","patchenko1632","Patchenko","https://pbs.twimg.com/profile_images/1965062450891333632/mjwLbYjX.jpg","3871","1","13","3871","3871","697"
"13294","cryptograsi","Cryptograsi","https://pbs.twimg.com/profile_images/1893605246821187585/I9ipi5KF.jpg","48067","1","13","3870","47495","698"
"30596","tkn_erdem","erdemtekin ? | INTEGRATED ?? ??","https://pbs.twimg.com/profile_images/1705966513113497600/tHYxf1lh.jpg","3870","1","13","3870","3870","699"
"27058","MKrub8","MarkerDoge bio/acc ??????????","https://pbs.twimg.com/profile_images/1964948032254021632/wJZ2vAIz.jpg","14572","1","13","3864","10644","700"
"31292","mi_hawk88","mi_hawk","https://pbs.twimg.com/profile_images/1716065356375089152/doV--4An.jpg","3864","1","13","3864","3864","701"
"10919","nftlove5707","hernyboi","https://pbs.twimg.com/profile_images/1925821668192116736/NrhC9eDy.jpg","140281","1","13","3863","133917","702"
"4235","OriginalWalkerX","Auburn ??????","https://pbs.twimg.com/profile_images/1647016818026881025/5_bZRe2b.jpg","180092","1","13","3854","138001","703"
"30686","Mikayi07","Mikayil ??","https://pbs.twimg.com/profile_images/1928590706248949760/12S_dGrz.jpg","26031","1","13","3848","3848","704"
"26500","0xskykings","0xskykings (?,G)??","https://pbs.twimg.com/profile_images/1955941298642264067/CN9G3sdL.jpg","13674","1","13","3847","12547","705"
"1836","RealEnormous","Enormous James","https://pbs.twimg.com/profile_images/1921080887929626624/k1KW370h.jpg","203171","1","13","3821","31572","706"
"23125","ChavvanRamesh","CapitalFirst ??","https://pbs.twimg.com/profile_images/1968607359061700608/OarUJzIN.jpg","11955","1","13","3794","11272","707"
"10571","RealSoraX","Sora","https://pbs.twimg.com/profile_images/1944682024331042816/Aik0y8IR.jpg","81171","1","13","3770","75908","708"
"6848","0xVanxyrus","vanxyrus ??","https://pbs.twimg.com/profile_images/1944193221111799808/qh9oucDQ.jpg","522762","1","13","3747","368984","709"
"30574","dreykus777","Dreyk.ink","https://pbs.twimg.com/profile_images/1967278742532698112/QXi1hrL3.jpg","30078","1","13","3740","11042","710"
"30633","PepeWithPalos","Pepepalos","https://pbs.twimg.com/profile_images/1831684578244706304/aPj-_hYR.jpg","21136","1","13","3729","19098","711"
"21413","ManInBlackie","Blackie","https://pbs.twimg.com/profile_images/1926429941773524992/a2oR1ZS3.jpg","169184","1","13","3704","165365","712"
"2025","Hribson","Hribi","https://pbs.twimg.com/profile_images/1857193204140974080/EpVOVEWC.jpg","97274","1","13","3678","33213","713"
"4049","0xMulii","mulii ??","https://pbs.twimg.com/profile_images/1850806472055087104/cAMIzvJk.jpg","75072","1","13","3675","43215","714"
"19805","TheDarknets","The Source$|Anomage|?????,?????,??? ??","https://pbs.twimg.com/profile_images/1965900687708979200/xpBxQQe4.jpg","42353","1","13","3670","40976","715"
"23385","pylynn","PYLYNN? | BIP-420 ????","https://pbs.twimg.com/profile_images/1904599316104204288/VuNi-TG-.jpg","18796","1","13","3670","18617","716"
"5869","karmic_blob","Karmic | BIP-420 ??","https://pbs.twimg.com/profile_images/1931719350538338304/rf6-rZRh.jpg","29625","1","13","3667","19263","717"
"8790","Web3Chidex","C?h?i?d?e?x?","https://pbs.twimg.com/profile_images/1963576677683855360/uHGHNR7F.jpg","76636","1","13","3664","25036","718"
"31211","shaman_dp","shaman.bnb ??","https://pbs.twimg.com/profile_images/1635619247207378944/ZV4mOHQz.jpg","6220","1","13","3660","5452","719"
"4470","Solofunk_","Patryk","https://pbs.twimg.com/profile_images/1803078967559065600/taL4W5a7.jpg","64194","1","13","3625","16746","720"
"9143","Keevincrypto","kepin","https://pbs.twimg.com/profile_images/1914934225142530048/hFCwyDFb.jpg","59574","1","13","3621","48842","721"
"16114","muliark","Ihor | Muliark","https://pbs.twimg.com/profile_images/1940352535966941184/m2eRLvJk.jpg","24140","1","13","3607","20448","722"
"26773","gramegna","Giorgio Gramegna","https://pbs.twimg.com/profile_images/1508432797056352264/R1YGeewD.jpg","11901","1","13","3594","11539","723"
"9749","Lithio31","Lithio","https://pbs.twimg.com/profile_images/1786851174785617920/7Z70iVxB.png","59286","1","13","3589","55509","724"
"20911","Kurtaku21","Kurtaku?","https://pbs.twimg.com/profile_images/1874313067602870272/b_Wm1w7Q.jpg","51803","1","13","3588","48092","725"
"29750","OrbitaMeteorita","Orbita Meteorita | Goh","https://pbs.twimg.com/profile_images/1961069897464569856/4e4tSIyG.jpg","8079","1","13","3582","3582","726"
"11796","matin__kh","M A T I N ??","https://pbs.twimg.com/profile_images/1956554828491943936/ymNrdTuc.jpg","50459","1","13","3581","50274","727"
"5874","BetmanJoe","Joe Betman ???? ????","https://pbs.twimg.com/profile_images/1931390638580285440/89uNj8ao.jpg","301161","1","13","3571","171908","728"
"32076","luduso25_0","seth morlin","https://pbs.twimg.com/profile_images/1964036662524084224/s6oFrvYW.jpg","12517","1","13","3569","3569","729"
"1896","CryptoSamWilson","CryptoSamWilson","https://pbs.twimg.com/profile_images/1890233388058976256/xnRQlbyc.jpg","249839","1","13","3541","96334","730"
"2151","nft_pilot","Krou","https://pbs.twimg.com/profile_images/1814346772254187520/8Gu49O_v.jpg","103378","1","13","3525","35389","731"
"30838","0xLeonid","0xLeonid","https://pbs.twimg.com/profile_images/1954880258341269504/TfrKAvB2.jpg","20406","1","13","3512","9266","732"
"6344","0x002timmy","$0.02timmy","https://pbs.twimg.com/profile_images/1961951814267342848/LCGv997c.jpg","167187","1","13","3500","74832","733"
"29185","vannytootoo","enrimer","https://pbs.twimg.com/profile_images/1518277845386428416/8Okoefsz.jpg","32957","1","13","3466","32552","734"
"15581","mys_dark","MysDark","https://pbs.twimg.com/profile_images/1543036528481411072/y_xlP4JY.jpg","31844","1","13","3462","10870","735"
"24149","domodi60","kittyluvcrypto","https://pbs.twimg.com/profile_images/1818570998121385984/dsi0WiAO.jpg","31767","1","13","3452","31442","736"
"12804","VOleksCrpt","?? cryptoleks.ink ??","https://pbs.twimg.com/profile_images/1955060738449403904/aEjW_hwT.jpg","29961","1","13","3443","29961","737"
"26743","imparveshtomar","Parvesh Tomar","https://pbs.twimg.com/profile_images/1618308139077763073/opZGtRrv.jpg","43213","1","13","3404","42913","738"
"28703","ke3f_ex","ke3f","https://pbs.twimg.com/profile_images/1943642323763539969/74vk3YJ5.jpg","23079","1","13","3404","22788","739"
"31633","jonathansebrens","Taras Binance","https://pbs.twimg.com/profile_images/1838941109348601856/BOdL7l7Z.jpg","5645","1","13","3396","5645","740"
"16703","hehehe056511813","chipper","https://pbs.twimg.com/profile_images/1665084781296599043/tE-ha8ko.jpg","69008","1","13","3390","65539","741"
"21003","lv77351","Loui Vee","https://pbs.twimg.com/profile_images/1941119646876463106/Jw7ztkii.jpg","61999","1","13","3357","60870","742"
"31072","voyager_2kzn","voyager (?,?)","https://pbs.twimg.com/profile_images/1967444865286852608/XdoTwAPa.jpg","18841","1","13","3351","10599","743"
"15063","0xnoname_","noname","https://pbs.twimg.com/profile_images/1895438310425640960/dJ-8IvBG.jpg","12762","1","13","3346","12762","744"
"26320","neonmask_web3","neonmask ??","https://pbs.twimg.com/profile_images/1912587007043239936/_twfi2Qe.jpg","9832","1","13","3346","8014","745"
"3508","katsveth","katsu ??","https://pbs.twimg.com/profile_images/1967374526892703744/KdDMtVto.jpg","263684","1","13","3321","105622","746"
"18052","Exsa_mui","Exsa","https://pbs.twimg.com/profile_images/1833770585073065984/k1D43M_B.jpg","44718","1","13","3309","44277","747"
"30178","kryzlon","Kryzlon","https://pbs.twimg.com/profile_images/1946509022271619072/wW5WcFXx.jpg","3291","1","13","3291","3291","748"
"12192","dxdong1211","dxdong94.eth","https://pbs.twimg.com/profile_images/1634085556236988417/rraDbkiu.jpg","100809","1","13","3266","97434","749"
"10897","sibedisabedi","peon","https://pbs.twimg.com/profile_images/1925821131660861440/VIN7_qUp.jpg","154448","1","13","3254","148665","750"
"13927","0xdgw","Daweezy","https://pbs.twimg.com/profile_images/1953222977493057537/RfWMO9W2.jpg","19579","1","13","3253","19579","751"
"8035","wenxue600","??????","https://pbs.twimg.com/profile_images/1755570127796375552/l17vMuwT.png","208306","1","13","3251","102432","752"
"27860","TaKripta","0xbeater.eth","https://pbs.twimg.com/profile_images/1940040676030181376/gN4MMOC4.jpg","146370","1","13","3245","137541","753"
"2211","grebbycrypto","greb","https://pbs.twimg.com/profile_images/1911538283462488064/u4yK_XrH.jpg","725673","1","13","3221","291938","754"
"10010","_morphogenesis_","Robbit","https://pbs.twimg.com/profile_images/1951376751784869889/dJ-X0E5q.jpg","56214","1","13","3201","21466","755"
"4025","nftfafax","fafax.eth","https://pbs.twimg.com/profile_images/1790305884330967040/ng2R7tnZ.jpg","105342","1","13","3200","11047","756"
"15653","MikeConCry","Criptos con Mike","https://pbs.twimg.com/profile_images/1761890039066181632/E8Qrom1O.jpg","14541","1","13","3198","14259","757"
"29880","Richelp","Crypto20Richie","https://pbs.twimg.com/profile_images/1818332884060848132/-6C3acx6.jpg","5933","1","13","3184","4716","758"
"862","dankerwim","cpt dank","https://pbs.twimg.com/profile_images/1873522262931890176/wTEwl7aN.jpg","489929","1","13","3165","199675","759"
"21772","gerandica","geraldica","https://pbs.twimg.com/profile_images/1860373377279459328/h9m6WlpF.jpg","81583","1","13","3165","78318","760"
"14452","str_ctly","??strictly.kongz.eth ??","https://pbs.twimg.com/profile_images/1958274478363885568/XNKUM1N1.jpg","14171","1","13","3159","14171","761"
"1132","TukasNFT","Tukas","https://pbs.twimg.com/profile_images/1960990384990867456/mcYEfKTh.jpg","653023","1","13","3151","172519","762"
"2060","thatbloom","thatbloom","https://pbs.twimg.com/profile_images/1921884300393242624/5pT_zV7U.jpg","544089","1","13","3149","186018","763"
"17917","mertfeo","Mert","https://pbs.twimg.com/profile_images/1886789967117987840/LNiqzc60.jpg","38806","1","13","3140","33232","764"
"9739","0xDepressionn","Dep","https://pbs.twimg.com/profile_images/1943938176420024320/sDXXnmjM.jpg","128668","1","13","3138","122260","765"
"7600","brocoliwang","Russell?","https://pbs.twimg.com/profile_images/1874760336886444032/8Ld7gyDk.jpg","248047","1","13","3118","92772","766"
"29535","rymaaaar","rymar","https://pbs.twimg.com/profile_images/1966557982889504768/0AAlIPzo.jpg","87565","1","13","3103","72704","767"
"963","Frigate_birds72","Moonbearpig.eth ??????","https://pbs.twimg.com/profile_images/1922517271664271360/H4WEwEtr.jpg","651339","1","13","3081","184577","768"
"17831","PulpCrypto","Luca A.K.A Pulp Crypto","https://pbs.twimg.com/profile_images/1915846721336197120/VzMTIv4i.jpg","17004","1","13","3067","10164","769"
"1332","Vitalz1000","Vitalz.eth ??","https://pbs.twimg.com/profile_images/1780939494595739648/MgFc52EN.jpg","166594","1","13","3065","48178","770"
"22368","EdemHavila","edemhavila","https://pbs.twimg.com/profile_images/1943963920617619456/svvlPmjV.jpg","9082","1","13","3050","8499","771"
"31032","0xMasse","Masse","https://pbs.twimg.com/profile_images/1964051883451940864/tRXEv43S.jpg","8586","1","13","3044","8109","772"
"32430","nakurykotika","nakurykotika","https://pbs.twimg.com/profile_images/1572586680657248256/3gFJNGhm.png","6529","1","13","3037","3037","773"
"22835","JugandoConBlock","Jugando con Blockchain (Desca)","https://pbs.twimg.com/profile_images/1936944525861060608/IZkGVsAt.jpg","12678","1","13","3034","8551","774"
"24995","Byben2222","?????,?????Byben ?gnoma","https://pbs.twimg.com/profile_images/1947676264044646400/2iG3r5Cj.jpg","50246","1","13","3012","48452","775"
"28629","DeftMint","DeftMint","https://pbs.twimg.com/profile_images/1795485004459286528/tyDeU9TU.jpg","8902","1","13","3011","7799","776"
"2206","Real_n3xt","N3XT","https://pbs.twimg.com/profile_images/1921311074885804032/qNIU_lnw.jpg","317421","1","13","3007","102129","777"
"28787","BishehHossein","hbisheh.eth","https://pbs.twimg.com/profile_images/1862973082270396416/Y46w8McP.jpg","27066","1","13","3007","9210","778"
"22352","pimnarak11","Sebb.hl ??","https://pbs.twimg.com/profile_images/1960414573250392064/PPJymTkN.jpg","10873","1","13","2985","8816","779"
"8756","surmiao","sur??????","https://pbs.twimg.com/profile_images/1915068086732091392/HeAlN65_.jpg","155529","1","13","2977","107349","780"
"21338","kingiv4r","Ivar ????","https://pbs.twimg.com/profile_images/1734901492480704512/5v2B3Qzk.jpg","39282","1","13","2970","10098","781"
"26021","AlximikNFTs","Alxi","https://pbs.twimg.com/profile_images/1566494348396593153/qxwnp4Vf.jpg","21104","1","13","2964","19475","782"
"31217","antohaned_","AntohaNED.eth","https://pbs.twimg.com/profile_images/1962123801249951744/9-egiGnM.jpg","38082","1","13","2956","2956","783"
"5342","2140podcast","2140 Podcast - STASERA LIVE","https://pbs.twimg.com/profile_images/1880307598492147712/Q-sMz9kx.jpg","235100","1","13","2950","57478","784"
"30378","mahisunny1372","MahiSunny","https://pbs.twimg.com/profile_images/1894817775308414976/S1-22M1I.jpg","12302","1","13","2947","10241","785"
"31097","0xAntonybrown","??????????????????????","https://pbs.twimg.com/profile_images/1950880410365284352/Ktgdwb0C.jpg","7124","1","13","2946","2946","786"
"28916","BigBull2024","Crypto_Chad","https://pbs.twimg.com/profile_images/1571804278280572928/dwOmgkVN.jpg","6985","1","13","2939","3999","787"
"30508","Glodin9","dollin.eth (?,G) ??","https://pbs.twimg.com/profile_images/1909989230555619328/QMYrhxiI.jpg","7702","1","13","2938","2938","788"
"23445","0xnigu","0xnigu","https://pbs.twimg.com/profile_images/1631701573981159424/RkeJPYnR.jpg","32285","1","13","2933","29281","789"
"27951","Slozloth","Zloth","https://pbs.twimg.com/profile_images/1905810970288762880/6f6wyQdR.jpg","10500","1","13","2921","8556","790"
"21277","0xSimony","Simony","https://pbs.twimg.com/profile_images/1959663955015606273/1MjGOI84.jpg","6404","1","13","2913","3804","791"
"1002","MarkyMarkETH","MarkyMark","https://pbs.twimg.com/profile_images/1838995026833031168/NZNggy8x.jpg","293869","1","13","2911","87217","792"
"29936","FedexTop","Fedex????","https://pbs.twimg.com/profile_images/1936927426841292801/y1qZJJMq.jpg","9046","1","13","2908","8045","793"
"3442","DidiTrading","Didi","https://pbs.twimg.com/profile_images/1957378972037046272/GXv3j7qN.jpg","459152","1","13","2903","183664","794"
"28954","MamkaDruga","Armchair crypto expert","https://pbs.twimg.com/profile_images/1866982084167839745/j7y7Rka_.jpg","36911","1","13","2898","15933","795"
"18102","Linmu427722","Linmu? ??? ? ?? ?","https://pbs.twimg.com/profile_images/1882678996024061952/nCJx3UyK.jpg","16822","1","13","2892","16822","796"
"31926","LarsenNast87767","Nastassia Larsen","https://pbs.twimg.com/profile_images/1658433666169688064/KkIgNbRw.jpg","5623","1","13","2885","2885","797"
"9874","shouyi16","Shouyi","https://pbs.twimg.com/profile_images/1536229510739378177/uNRurB-U.jpg","74641","1","13","2884","69452","798"
"23069","ysl482","Yee Yee","https://pbs.twimg.com/profile_images/1944669451980537856/t2l5lpir.jpg","101243","1","13","2883","100167","799"
"10858","0x0007Glungi666","glungi","https://pbs.twimg.com/profile_images/1925821395818192896/9AU9Q8vX.jpg","157581","1","13","2880","150247","800"
"6206","TheKimjim","Kim","https://pbs.twimg.com/profile_images/1967169770807320576/4vv4IHdV.jpg","445219","1","13","2875","149418","801"
"1412","LazySith73","LazySith","https://pbs.twimg.com/profile_images/1922791108335017984/ozb9QtYS.jpg","424299","1","13","2869","147521","802"
"1044","FrancescoFalah","Chesco","https://pbs.twimg.com/profile_images/1953100006761885696/B8o0sRSE.jpg","399305","1","13","2866","105285","803"
"4917","HandznFeet","hattorihanso","https://pbs.twimg.com/profile_images/1813354621303156736/q9ZPLmgT.jpg","245778","1","13","2862","125450","804"
"6104","sailasAR_","sailasar","https://pbs.twimg.com/profile_images/1727379983113256960/0LtDk0W8.jpg","107684","1","13","2858","88748","805"
"13189","ekinoks_26","e_camli.ink ? | ?????,????? | ??","https://pbs.twimg.com/profile_images/1945835059757346816/F6l5GKBP.jpg","20903","1","13","2855","20903","806"
"2355","dutchdecrypto","dutch","https://pbs.twimg.com/profile_images/1922678290554245121/EqYoCrXp.jpg","223290","1","13","2851","128677","807"
"14385","Booblino91","Booblino","https://pbs.twimg.com/profile_images/1904955145085206528/r6I0lff8.jpg","139803","1","13","2846","136927","808"
"15346","0xrishavb","Rish ?? | StationX","https://pbs.twimg.com/profile_images/1958506165324914688/zrhZCZHh.jpg","94682","1","13","2844","94682","809"
"17015","jaysummmmm","Jaysum ??","https://pbs.twimg.com/profile_images/1934195306318667776/xfWqKLHj.jpg","128571","1","13","2823","126973","810"
"8869","AirdropAlchemis","????.sol??","https://pbs.twimg.com/profile_images/1821804297723764736/iKiwTO9z.jpg","173123","1","13","2808","104761","811"
"16957","iamkaransharmaa","karanz.eth","https://pbs.twimg.com/profile_images/1874536781636567041/yYUnSNHg.jpg","136391","1","13","2767","128831","812"
"2221","0necsbanz","0ne","https://pbs.twimg.com/profile_images/1954966381075804160/jMut8cVs.jpg","531116","1","13","2760","238567","813"
"23426","IIaremko","Muvit | GOH","https://pbs.twimg.com/profile_images/1943309731734413312/KrGsbB3L.jpg","203544","1","13","2736","188884","814"
"3413","smo_eth","smo","https://pbs.twimg.com/profile_images/1782469994116198400/9pEgoVaR.jpg","336882","1","13","2727","156691","815"
"2064","0xkovv","Kov (effort arc)","https://pbs.twimg.com/profile_images/1883601476250996736/IdTws8-W.jpg","397022","1","13","2725","107300","816"
"18286","Biverboat","Bboat","https://pbs.twimg.com/profile_images/1777676529901694976/g5sc_SBX.jpg","23048","1","13","2720","10827","817"
"16549","SinMini45855","chibiii","https://pbs.twimg.com/profile_images/1934346175269789696/ayo6pcUk.jpg","56744","1","13","2717","53956","818"
"12139","direkturcrypto","direktur.crypto","https://pbs.twimg.com/profile_images/1889975470248394752/6yb8bfdv.jpg","117996","1","13","2672","107253","819"
"17179","felixx86","felixx","https://pbs.twimg.com/profile_images/1833400637859545088/7pYIgegw.jpg","79011","1","13","2658","76273","820"
"8711","StlightLeon","Leon.Y???","https://pbs.twimg.com/profile_images/1953165770525196288/Q_MByROy.jpg","69850","1","13","2654","39766","821"
"23407","Ghunasd1","Hanhan","https://pbs.twimg.com/profile_images/1894578747426443264/WVAr0onx.jpg","82831","1","13","2653","82831","822"
"16327","sinmn09","sinnerZzZ","https://pbs.twimg.com/profile_images/1934144312750620673/_pL7baMn.jpg","58134","1","13","2643","55397","823"
"25747","stormborn1111","stormborn??","https://pbs.twimg.com/profile_images/1947621360722972674/rSkXQ5Pa.jpg","38191","1","13","2630","35524","824"
"14331","KakashiAirdrops","KaKaSHii ??","https://pbs.twimg.com/profile_images/1953803060989284352/Tqo9SL_1.jpg","64488","1","13","2617","61782","825"
"3085","age_6_pepe","Pepe_I_Love ?????????","https://pbs.twimg.com/profile_images/1966165889151123456/EZuzSn0i.jpg","68428","1","13","2606","38153","826"
"20421","Donald_mvp","DonaldP ?????","https://pbs.twimg.com/profile_images/1957799728500162560/2Y08TU_y.jpg","20842","1","13","2599","12107","827"
"21963","Negroniairdrop","Negroni ???","https://pbs.twimg.com/profile_images/1773962869488386048/-51NrNGF.jpg","9383","1","13","2584","8853","828"
"4552","0xxW_","W_","https://pbs.twimg.com/profile_images/1810019869741453312/O-7DXplg.jpg","143705","1","13","2582","83057","829"
"14861","shivie123","shivie","https://pbs.twimg.com/profile_images/1931388072635043840/3n-jEgYd.jpg","64566","1","13","2551","62536","830"
"26534","alazyilmaz3519","cagdasozsahin ??","https://pbs.twimg.com/profile_images/1961488135151308800/62_G5_PO.jpg","7812","1","13","2551","3964","831"
"9603","0x_Naomi","0xNaomi ????","https://pbs.twimg.com/profile_images/1932091494594383872/Df_YuPeK.jpg","70137","1","13","2542","47057","832"
"7928","Crypto_x_1","Crypto Degen","https://pbs.twimg.com/profile_images/1944111126637064192/zPfKonkx.jpg","209157","1","13","2534","170130","833"
"26256","laughtale_it","Laughtale ?:","https://pbs.twimg.com/profile_images/1932028333450997762/spcVe2_X.jpg","4580","1","13","2532","4580","834"
"18124","BatuSai71","BATUSAI??","https://pbs.twimg.com/profile_images/1926572514538385408/bLnK366O.jpg","64246","1","13","2530","62567","835"
"28620","amircrypto82","amircrypto","https://pbs.twimg.com/profile_images/1793841931929231360/iM-qsGsk.jpg","3434","1","13","2512","2512","836"
"30277","HuGoDo89","HuGoDo","https://pbs.twimg.com/profile_images/1856657328910573568/6yniofAZ.jpg","7775","1","13","2505","7775","837"
"460","kingtan","kingtan","https://pbs.twimg.com/profile_images/1799387049453363200/k2mSyIAt.jpg","520795","1","13","2491","16884","838"
"16924","suppechasperyo","Suppe | Remilio","https://pbs.twimg.com/profile_images/1934846701145038848/SqJFLzrc.jpg","51155","1","13","2462","48591","839"
"11220","Degengirlalpha","Defidegen","https://pbs.twimg.com/profile_images/1895438453917011968/8ghSfkVk.jpg","25396","1","13","2454","25055","840"
"15148","EbullitionSol","Ebullition","https://pbs.twimg.com/profile_images/1923575139775479808/UW3QIwEv.jpg","5074","1","13","2454","5074","841"
"31168","Zerber173","Scarlett Stark","https://pbs.twimg.com/profile_images/1618152429778006017/KwLqJz0z.jpg","4674","1","13","2444","4180","842"
"2703","adamagb","Untamed Adam ??","https://pbs.twimg.com/profile_images/1866470568545091584/3RhmGAyL.jpg","75257","1","13","2440","41761","843"
"26475","apclptx","Apclptc","https://pbs.twimg.com/profile_images/1732176112812249088/-EDBqgxZ.jpg","20619","1","13","2437","5231","844"
"832","gamypto","Nabeel","https://pbs.twimg.com/profile_images/1747679342476615681/A_ku7C0f.jpg","697845","1","13","2405","127771","845"
"3686","durga1996","AgentHunt.eth","https://pbs.twimg.com/profile_images/1897650040258080768/mLJ1trYx.jpg","246755","1","13","2392","126127","846"
"30818","jlongo25","jlongo","https://pbs.twimg.com/profile_images/1955773361390338054/ZMgjZAov.jpg","2369","1","13","2369","2369","847"
"15632","defipoodle","Poodle ??","https://pbs.twimg.com/profile_images/1953534721561911296/GLPx9i7_.jpg","63040","1","13","2351","58822","848"
"25751","Aleksandr727671","aleksandr2828.eth","https://pbs.twimg.com/profile_images/1775052752869052416/F7mWfN38.jpg","87059","1","13","2323","67943","849"
"28901","palank0r","palank0r","https://pbs.twimg.com/profile_images/1241426144961986566/-MJBxI4F.jpg","21365","1","13","2321","20210","850"
"21223","Qwwertyui161155","Sonar || BTC","https://pbs.twimg.com/profile_images/1891415026566676480/0oBGUAGH.jpg","53221","1","13","2313","50805","851"
"1710","GrandZenoCrypto","grandzeno.eth","https://pbs.twimg.com/profile_images/1956252428216807424/HNImR2dU.jpg","576336","1","13","2301","245589","852"
"17063","FalcoNOnChain","FalcoN","https://pbs.twimg.com/profile_images/1960691210508525568/Jc4FQ2ej.jpg","13467","1","13","2297","12088","853"
"17655","amigooo777","CryptoAmigo","https://pbs.twimg.com/profile_images/1941485954012729344/8yK2oTlA.jpg","78218","1","13","2270","73885","854"
"28370","almatruust","almatruust","https://pbs.twimg.com/profile_images/1627699913168388098/PByEIkrn.jpg","22797","1","13","2261","9852","855"
"4453","stevieeg","Stevie","https://pbs.twimg.com/profile_images/1924115018846502912/ZBGpbNJf.jpg","269725","1","13","2251","119906","856"
"21697","Helena_Pota","Elenathere","https://pbs.twimg.com/profile_images/1930268840224546816/-xlPMAZN.jpg","84708","1","13","2245","83022","857"
"7858","zijingNFT","???????? $FF","https://pbs.twimg.com/profile_images/1923370563353128960/566Wxa2h.jpg","135040","1","13","2220","89931","858"
"1029","SilentmodeDM","Silentmode","https://pbs.twimg.com/profile_images/1895537204975296512/wq8Cyw_-.jpg","659281","1","13","2216","321419","859"
"17066","Vonvon65Vonv","Vonvon -","https://pbs.twimg.com/profile_images/1501767023185240065/VXDbifg5.jpg","87327","1","13","2200","85070","860"
"17409","hanz95hanz","Hanz","https://pbs.twimg.com/profile_images/1527334637982597121/DAdzNhII.jpg","91723","1","13","2197","89469","861"
"1696","Maniinng","Maning ????","https://pbs.twimg.com/profile_images/1605312368875114496/ZtN9Grz0.jpg","230450","1","13","2194","45774","862"
"4694","ValeechaRohit","Rohit Valeecha","https://pbs.twimg.com/profile_images/1763042276752691201/TXN3srX1.jpg","366280","1","13","2193","36350","863"
"14796","hetiyje","htyj","https://pbs.twimg.com/profile_images/1956706981990785024/plYYSRa9.png","91206","1","13","2189","88989","864"
"28203","Tin_XBT","Tin.XBT","https://pbs.twimg.com/profile_images/1944417682021101568/VKKNKjPz.jpg","11083","1","13","2189","6942","865"
"18811","Lemz_42","Lemz.eth ????","https://pbs.twimg.com/profile_images/1678074019281616897/NgLW5Knk.jpg","79634","1","13","2183","69048","866"
"3474","hosty89","hosty","https://pbs.twimg.com/profile_images/1834525907731578880/C2VOfn8T.jpg","416837","1","13","2174","221267","867"
"2049","CyphrGM","?????","https://pbs.twimg.com/profile_images/1569321823334006786/7xKyWVTb.jpg","400826","1","13","2171","171023","868"
"7812","rmitsuo_m","Mitsuo","https://pbs.twimg.com/profile_images/1947671627971325952/GaFyKw9R.jpg","220689","1","13","2164","129137","869"
"21","0xNoWater","0xNoWater.eth","https://pbs.twimg.com/profile_images/1954924637697060865/3FwOU1HY.jpg","68891","1","13","2163","6523","870"
"30019","gadgeteerth","?? Gadgeteer - ??????? ??","https://pbs.twimg.com/profile_images/1672251294915133440/MnoNt8IP.jpg","8442","1","13","2153","6204","871"
"31997","RPaparcone","JestAH?$LIZ","https://pbs.twimg.com/profile_images/1738524260962889728/N4_onUTl.jpg","8063","1","13","2129","2129","872"
"29004","N0tSybil","NotSybil","https://pbs.twimg.com/profile_images/1847802078489378816/Fd93VxIr.jpg","8513","1","13","2127","3262","873"
"22813","jacob_edge73509","Mad Fun","https://pbs.twimg.com/profile_images/1967687459522695168/xbPTe9d9.jpg","13788","1","13","2124","13594","874"
"2634","meg_thorpe_","Meg","https://pbs.twimg.com/profile_images/1922322880085241856/AdlaYfQb.jpg","302358","1","13","2106","84215","875"
"12724","0xEthRupesh","Rupesh","https://pbs.twimg.com/profile_images/1878084787891503104/HorVbIBN.jpg","42831","1","13","2106","41645","876"
"17158","_omgnicklachey","Nick Lachey","https://pbs.twimg.com/profile_images/1945767285710344192/r5I7Je18.jpg","114755","1","13","2104","112811","877"
"15248","DittoGui","DittoGui ????","https://pbs.twimg.com/profile_images/1946806826248347649/EWJ27wsg.jpg","34565","1","13","2090","34328","878"
"5577","1ncrypto","incrypto","https://pbs.twimg.com/profile_images/1898481839934763008/eWD11Ix-.jpg","170324","1","13","2086","62415","879"
"26148","AHensemberger","CryptoGuy","https://pbs.twimg.com/profile_images/1916970833001496576/NjVGdcjK.jpg","10205","1","13","2084","10205","880"
"25872","creeeeepto","Homlin??.ink","https://pbs.twimg.com/profile_images/1871507158963032065/rL1zWt9u.jpg","8576","1","13","2082","8576","881"
"24771","karthiksaira","isparky???","https://pbs.twimg.com/profile_images/1540559543935332352/MqpTudER.jpg","7097","1","13","2075","7097","882"
"27625","Ftm_0302","Fateme (?,?) (?,G)","https://pbs.twimg.com/profile_images/1774008283893764096/flQDL_lU.jpg","10915","1","13","2073","10915","883"
"24649","luisatkd","tecnocrypto","https://pbs.twimg.com/profile_images/1965706963037093888/p4jJJy1-.jpg","41364","1","13","2072","7126","884"
"26789","evaneskate","Evaneskate (?,G)","https://pbs.twimg.com/profile_images/1882376856898326528/tEF0rIAB.jpg","10333","1","13","2072","9222","885"
"27712","Kitnikit","N.K.","https://pbs.twimg.com/profile_images/1953351165929717760/SaEvVBlJ.jpg","36861","1","13","2072","9245","886"
"11202","Olawale_babs28","Ai ?? ??/acc","https://pbs.twimg.com/profile_images/1649685124034748419/Yor8CMx2.jpg","50612","1","13","2070","47426","887"
"5882","ZunairaUsman84","Zunaira","https://pbs.twimg.com/profile_images/1927853231830368256/fzXReas2.jpg","303557","1","13","2068","93644","888"
"7424","erichsu_eth","Erichsu.eth ????","https://pbs.twimg.com/profile_images/1951444326044819456/tsMnIZ36.jpg","810624","1","13","2062","507692","889"
"31657","Titanium0x","0xTitanium","https://pbs.twimg.com/profile_images/1941583353024561152/UjSrAc0g.jpg","10072","1","13","2062","2062","890"
"26142","Demoxe","Demoxe ??,??","https://pbs.twimg.com/profile_images/1966783260215689217/gqzyz_3h.jpg","2944","1","13","2061","2944","891"
"28847","DO41485523","Dox(Den)(?????,?????) gnoma","https://pbs.twimg.com/profile_images/1944878114124787712/1bX5cV7g.jpg","10346","1","13","2061","6362","892"
"26576","cryptoxzxzxzxz","viki.ink(???)","https://pbs.twimg.com/profile_images/1954502513438134272/I_kbSxMp.jpg","8863","1","13","2060","7737","893"
"26923","Kellycryptos","?????????????? ?","https://pbs.twimg.com/profile_images/1965070935897108480/hYI3kH6F.jpg","3449","1","13","2055","2980","894"
"21696","Tatiansssa","Tatiansa.cast??","https://pbs.twimg.com/profile_images/1681191341286408193/qeMdWzbi.jpg","69903","1","13","2052","65452","895"
"26996","mamedovaULK","MamedovaULK(?????,?????) AD+?","https://pbs.twimg.com/profile_images/1314806124114313216/ul_yz1PY.jpg","6507","1","13","2052","2052","896"
"6454","19bernie","Schlitz","https://pbs.twimg.com/profile_images/1939974297725894656/l3wOBTPw.jpg","147556","1","13","2049","85666","897"
"11786","bilalnst","bilal.nst (?,G)","https://pbs.twimg.com/profile_images/1938355869390913536/gGMhiwd4.jpg","40461","1","13","2047","38377","898"
"26480","SaiMoo_n","Saigon?at.(?,?)????","https://pbs.twimg.com/profile_images/1913324852976496640/JH8pMI_J.jpg","10502","1","13","2046","7458","899"
"21300","Chiriw696056","Chirix","https://pbs.twimg.com/profile_images/1942133900064563200/3bvkMoDa.jpg","37361","1","13","2043","35218","900"
"25796","airdropcantasi","airdropcantasi","https://pbs.twimg.com/profile_images/1951349919362453504/HgmA0Hr7.jpg","12644","1","13","2043","11545","901"
"28242","lilchoginho","Lil","https://pbs.twimg.com/profile_images/1953742398221123584/3rEqa3zt.jpg","2039","1","13","2039","2039","902"
"29289","ally_mayre","0xIlysha(???)","https://pbs.twimg.com/profile_images/1943389119431823360/JLcIp97H.jpg","2407","1","13","2038","2038","903"
"3969","andydunks85","Andrea ??","https://pbs.twimg.com/profile_images/1868357201662013440/iu3xvIfD.jpg","325244","1","13","2032","190951","904"
"29870","keepyourpixel","Keep","https://pbs.twimg.com/profile_images/1912729744900255745/XAbO1knX.jpg","7310","1","13","2032","6928","905"
"28390","sara_dd12","sara","https://pbs.twimg.com/profile_images/1961742236632195072/jxIBiT2v.jpg","2031","1","13","2031","2031","906"
"27073","leilooon3","leilooon","https://pbs.twimg.com/profile_images/1940046642159255552/WWV3P4gB.jpg","10896","1","13","2024","10568","907"
"27179","Kaitor_eth","Kaito (?,G)","https://pbs.twimg.com/profile_images/1933108153215827968/oJCK-bn2.jpg","7823","1","13","2021","5808","908"
"23431","0xalicann","alican","https://pbs.twimg.com/profile_images/1965524220483403776/oHKwExCQ.jpg","7912","1","13","2019","5904","909"
"28357","0xYungSeptember","0xSeptember","https://pbs.twimg.com/profile_images/1962519659804057600/ZZHVpB8Y.jpg","4572","1","13","2019","4266","910"
"29298","kursoedov","kursoedov","https://pbs.twimg.com/profile_images/1945808367261192192/OdmC15O1.jpg","15780","1","13","2019","2019","911"
"29800","Anatik2000","Anna .(??,????","https://pbs.twimg.com/profile_images/1796317547672821760/RB9in4JB.jpg","3072","1","13","2016","2016","912"
"30775","0xFikton","fikton","https://pbs.twimg.com/profile_images/1958657439806443520/GVGfKk9B.jpg","4093","1","13","2014","4093","913"
"30389","helpermc","Hellm (?,?)","https://pbs.twimg.com/profile_images/1920522532362371072/x6IR3_oq.jpg","4084","1","13","2010","4084","914"
"30766","tckriptoss","SHEBO?? (???)","https://pbs.twimg.com/profile_images/1956627101974474752/U0AT86MA.jpg","7335","1","13","2006","3400","915"
"30269","kriptoshum","Alex Shumsky","https://pbs.twimg.com/profile_images/1922417419068260353/Ug2S9BLt.jpg","8373","1","13","2005","3558","916"
"26012","kirpriJun","kirprih","https://pbs.twimg.com/profile_images/1925469184483274752/L14YbRAN.jpg","2004","1","13","2002","2004","917"
"30600","ResulDalkilic2","resul Dalk?l??|","https://pbs.twimg.com/profile_images/1525172775631060992/Qjqvw1Kq.jpg","2258","1","13","2002","2002","918"
"30816","HtKripto","HtKripto ?? ? ? ? Anomage (?,G) .ink (?????,?????)","https://pbs.twimg.com/profile_images/1964808035118800896/PH8ouPSd.jpg","15551","1","13","2002","2002","919"
"29248","daicahamo_1997","yougetnone","https://pbs.twimg.com/profile_images/1938644961500545024/VkNrIzDz.jpg","9059","1","13","2001","8641","920"
"24403","XakerNeo1","HackerNeo.somi ????????","https://pbs.twimg.com/profile_images/1963609495705178113/yueJD4Jl.jpg","4258","1","13","2000","4258","921"
"26965","chikchirik95","0xCharismio","https://pbs.twimg.com/profile_images/1942199709306589184/bIgiK3O-.jpg","5527","1","13","1999","5527","922"
"29811","rewracerbi34913","pa3gBa ?? ?????????","https://pbs.twimg.com/profile_images/1733381997546860544/ceu1LTMi.jpg","2816","1","13","1999","1999","923"
"29819","dalex1312","dalex","https://pbs.twimg.com/profile_images/1950546992800686080/zawLrPSn.jpg","1998","1","13","1998","1998","924"
"14878","Fijacyber_","FIJA","https://pbs.twimg.com/profile_images/1936512415421599744/Q7oQYBcO.jpg","35209","1","13","1995","35209","925"
"31232","som_azubuike","?? Victory ??","https://pbs.twimg.com/profile_images/1894698028503535616/Bf7SdWn0.jpg","1995","1","13","1995","1995","926"
"27570","quainetworker","I am not quai networker (?,G)","https://pbs.twimg.com/profile_images/1806661067331768320/GcrDlIId.jpg","10603","1","13","1994","9189","927"
"30576","vladismich","Vladismich","https://pbs.twimg.com/profile_images/1501471680367054848/F12TRrrN.jpg","1991","1","13","1991","1991","928"
"25836","truerevengip","revengip ??$PIGGY??","https://pbs.twimg.com/profile_images/1901795779997536257/zi6ds7TU.jpg","6285","1","13","1990","6285","929"
"26764","begonia_be","Begonia","https://pbs.twimg.com/profile_images/1946580261988110337/HVe8_oWQ.jpg","3505","1","13","1987","3505","930"
"30531","muhendismining","Mining ???","https://pbs.twimg.com/profile_images/1898020896566022145/-1aOYKQ-.jpg","7195","1","13","1987","7195","931"
"31422","item1ch","itemich","https://pbs.twimg.com/profile_images/1932455297966043136/ZD3ubDUQ.jpg","1981","1","13","1981","1981","932"
"2896","adamamcbride","Adam McBride","https://pbs.twimg.com/profile_images/1966187344660144128/sy8moY_l.jpg","438390","1","13","1980","200358","933"
"28765","trede288","foad","https://pbs.twimg.com/profile_images/1454859105252757514/316JaYLN.jpg","3518","1","13","1980","3518","934"
"22592","road2melon","r2m","https://pbs.twimg.com/profile_images/1894917195605364736/q_dg5t5d.jpg","2368","1","13","1978","2368","935"
"28427","xxVoroninXX","TIKI TAKI","https://pbs.twimg.com/profile_images/1908190201458950144/t1lsUhZh.jpg","8388","1","13","1978","6369","936"
"10501","traviscremin68","Travis","https://pbs.twimg.com/profile_images/1965637940346060800/7-2sFVwJ.jpg","78129","1","13","1975","53609","937"
"18432","Nima_Dhn","Nimz.eth","https://pbs.twimg.com/profile_images/1513246411093155847/kZFUChqd.jpg","1974","1","13","1966","1974","938"
"24988","mamadcrypt","mamad base.eth(?,G)?????,????????,?????","https://pbs.twimg.com/profile_images/1958114883058212864/3l6YLtLh.jpg","9693","1","13","1966","5646","939"
"16858","Dotsent832","Ihor.ink (?,G) Anomage ?????,????? ?????,??? (?,?)","https://pbs.twimg.com/profile_images/1965089254742085632/UlUfrH3S.jpg","14751","1","13","1954","13426","940"
"9425","C4ssp","Commus-kinghill.eth","https://pbs.twimg.com/profile_images/1484405262236602369/kkIBrni8.png","75853","1","13","1950","56830","941"
"4211","crypto_dago","Crypto_Dago ?? $MON","https://pbs.twimg.com/profile_images/1939997786134417408/9v3zzrR2.jpg","146827","1","13","1949","72577","942"
"12891","badrionchain","badri","https://pbs.twimg.com/profile_images/1894053168834596864/molPA49i.jpg","24768","1","13","1939","21166","943"
"29179","chewchee99","Chew Chee","https://pbs.twimg.com/profile_images/1685882969943355392/AhVniZP5.jpg","39241","1","13","1931","38979","944"
"20068","CriptocosasF","CCFF ??","https://pbs.twimg.com/profile_images/1940701424465133568/C_6Kgru1.jpg","21850","1","13","1918","15241","945"
"9485","DDungtmt","Aubrey","https://pbs.twimg.com/profile_images/1918321824594882560/5DY2xWIm.jpg","86937","1","13","1914","58705","946"
"18667","3ndicub3","3ndicub3 ?? ?? Building Alkanes","https://pbs.twimg.com/profile_images/1953559982013612032/K0rSJZQl.jpg","24747","1","13","1914","22082","947"
"9083","Peymannaderi_","Papillon ? ???? ??","https://pbs.twimg.com/profile_images/1953197831230988288/0V3WxD6F.jpg","114172","1","13","1909","81955","948"
"21167","KasidisdS97718","Kasi.HL","https://pbs.twimg.com/profile_images/1891413749761732608/jyKSqDvt.jpg","48557","1","13","1907","46562","949"
"9091","chaozuoye","?????","https://pbs.twimg.com/profile_images/1646523340264448008/KQm44dbS.jpg","183371","1","13","1905","136166","950"
"12373","0x_M0M01996","momo-CryptoSage","https://pbs.twimg.com/profile_images/1926324197527093248/UUjqWmRm.jpg","32334","1","13","1898","30177","951"
"29878","mx_omoro","bruhguy cryptozzz","https://pbs.twimg.com/profile_images/1519988452691181569/5hF-y89t.jpg","4720","1","13","1897","3879","952"
"16755","sirwardhana","SIRIWARDHANA","https://pbs.twimg.com/profile_images/1962477829033205760/tCzBgeVj.jpg","87731","1","13","1893","85753","953"
"21505","SiriusTrader_","Sirius.ip | ?:","https://pbs.twimg.com/profile_images/1962836461608194048/uNZ7AKve.jpg","1971","1","13","1891","1971","954"
"23456","nikolayxyz","Niko","https://pbs.twimg.com/profile_images/1887567478647037952/MgqJf0fq.jpg","47859","1","13","1883","45783","955"
"19368","audiswk","audiiisss","https://pbs.twimg.com/profile_images/1921911890466459648/wh2TImO5.jpg","7400","1","13","1880","4652","956"
"24511","kostya279079301","kostya_medical","https://pbs.twimg.com/profile_images/1941062066887897088/vn-W0Z4Y.jpg","106442","1","13","1868","104485","957"
"32183","airdropturkish","Airdrop Turkish (?,G) .ink ??","https://pbs.twimg.com/profile_images/1353100935724195840/RWdQ-VdB.jpg","2275","1","13","1857","1857","958"
"7765","goatnataaaaa","Hinata SATORU","https://pbs.twimg.com/profile_images/1948476478049452032/XtCk14x-.jpg","149935","1","13","1853","94581","959"
"13472","Cryptogenieind","Crypto Genie","https://pbs.twimg.com/profile_images/1436054603640950787/YdLBIR6w.jpg","84723","1","13","1851","82908","960"
"19477","MadSimon_sol","Mad Simon ??","https://pbs.twimg.com/profile_images/1961147388749344768/3tGjPlKZ.jpg","30750","1","13","1835","28830","961"
"9724","yuzver","Sanych","https://pbs.twimg.com/profile_images/1731436129075773440/hzRLZU2b.jpg","48049","1","13","1832","42994","962"
"18181","dgzje","DG","https://pbs.twimg.com/profile_images/1935223241821298688/8Oa6NVRb.jpg","30397","1","13","1817","28559","963"
"9432","oldtora2077","oldtora","https://pbs.twimg.com/profile_images/1940154168406073344/bbaYHh-Z.jpg","73772","1","13","1810","43764","964"
"7459","jalapenopeteza","Jalapeno Pete","https://pbs.twimg.com/profile_images/1869164809637298176/udpN3qwo.jpg","80197","1","13","1802","41747","965"
"31660","GIKfrom2007","GIK","https://pbs.twimg.com/profile_images/1962605654008295425/IplafffG.jpg","2254","1","13","1796","1796","966"
"6978","GlorytoGlory_21","??????????????????","https://pbs.twimg.com/profile_images/1847205180795699200/KGHKO2rc.jpg","251820","1","13","1795","92378","967"
"2706","maverick23NFT","maverick","https://pbs.twimg.com/profile_images/1899590769813422080/pi8wMHo-.png","322435","1","13","1790","103036","968"
"27032","CypherDespot","Cypher Despot","https://pbs.twimg.com/profile_images/1948097326582566912/uXtMmUMU.jpg","28426","1","13","1790","26538","969"
"4656","852bagiulfs","bagiulfs","https://pbs.twimg.com/profile_images/1561963998152646661/p8zdQORa.jpg","390481","1","13","1786","7064","970"
"4836","PopayWeb3","Popay","https://pbs.twimg.com/profile_images/1963704623413276672/65oCPMSl.jpg","98151","1","13","1780","45038","971"
"23082","AlexTsvetkovv","Alex Tsvetkov","https://pbs.twimg.com/profile_images/1955252562661113856/6ibCR2MI.jpg","85153","1","13","1774","75741","972"
"7865","real_enola","enola","https://pbs.twimg.com/profile_images/1929668586173607936/ysdJgGiD.jpg","287563","1","13","1766","226315","973"
"29825","PaulC629","paul","https://pbs.twimg.com/profile_images/1502170392835735553/nsYwQwrL.jpg","12791","1","13","1763","9127","974"
"19124","Cryptoboy262","Cryptoboy","https://pbs.twimg.com/profile_images/1953857603521376256/OM9k0gzP.jpg","14762","1","13","1755","14762","975"
"17653","LamboChads","Lambo Chads","https://pbs.twimg.com/profile_images/1735020488047611905/0N2ILMk0.jpg","24582","1","13","1752","24582","976"
"32120","EntertoStart","Enter to Start","https://pbs.twimg.com/profile_images/1546394427576696832/ZMnQgIcv.jpg","4570","1","13","1752","1752","977"
"2106","PixOnChain","Pix??","https://pbs.twimg.com/profile_images/1944386957267685376/hji4L2Kn.jpg","1543817","1","13","1748","265204","978"
"2764","0xAerlion","aerlion.eth ??","https://pbs.twimg.com/profile_images/1958075056233611264/rtHFuAOh.jpg","286475","1","13","1748","82972","979"
"8257","MathewS_3552","MathewS ??","https://pbs.twimg.com/profile_images/1966494103140741120/FX3ZzPa8.jpg","58083","1","13","1741","22685","980"
"29054","throwkripto","Throw Kripto","https://pbs.twimg.com/profile_images/1954431833636032512/jiRsfiuI.jpg","3414","1","13","1739","3414","981"
"28120","0xsersmin","SerSmin","https://pbs.twimg.com/profile_images/1947331518977691658/JDAPkg_o.jpg","10981","1","13","1736","2640","982"
"16194","DegenJablko","Jablko","https://pbs.twimg.com/profile_images/1932919568067919872/x8OS0cAU.jpg","18081","1","13","1731","16326","983"
"3679","DRTnky","DarylTanky","https://pbs.twimg.com/profile_images/1947542109277589508/gEbPjVQf.jpg","619522","1","13","1728","97947","984"
"2280","0xMaxBT","MaxBT | ?:","https://pbs.twimg.com/profile_images/1930248852453441537/ONARhUuL.jpg","269649","1","13","1719","119639","985"
"3489","wandergagas","wandergagas","https://pbs.twimg.com/profile_images/1911892207855935488/WpM9nMjc.jpg","266972","1","13","1719","80919","986"
"6176","taydot3103","Taylor","https://pbs.twimg.com/profile_images/1914403549292670976/OTFLmjde.jpg","258520","1","13","1716","85320","987"
"29900","XBT002","sh?s","https://pbs.twimg.com/profile_images/1960092201108553728/fkIkoK2d.jpg","6512","1","13","1713","6512","988"
"7889","ZaksansPG","Zaksans ??","https://pbs.twimg.com/profile_images/1966603774148911105/af7Gez1x.jpg","174787","1","13","1710","70151","989"
"3742","ley_universe","ley.hype","https://pbs.twimg.com/profile_images/1902212513707737088/iUDmpAg3.jpg","305396","1","13","1709","71097","990"
"31222","illy_du3","Illia ????","https://pbs.twimg.com/profile_images/1965485452443459586/reIMQesG.jpg","11787","1","13","1709","10686","991"
"30018","_Tati_tata","Tatiii","https://pbs.twimg.com/profile_images/1966554615031226368/e8BMs__6.jpg","1708","1","13","1708","1708","992"
"28111","hoodrich_hl","HOODRICH.hl","https://pbs.twimg.com/profile_images/1926379641251508224/pQmESiz0.jpg","2827","1","13","1705","2642","993"
"27026","Im_Snorlax_","Im_Snorlax","https://pbs.twimg.com/profile_images/1936623570857197569/wz_q_6WO.jpg","15723","1","13","1703","15723","994"
"4740","IbraTheDabra","Ibracadabra","https://pbs.twimg.com/profile_images/1890416182634659840/CfjuWnvB.jpg","109574","1","13","1700","72548","995"
"26491","Samogonshik88","Oleksandr????","https://pbs.twimg.com/profile_images/1965093846150164480/0cYj9nzU.jpg","138126","1","13","1697","136837","996"
"22967","Space1nside","ByteHotep","https://pbs.twimg.com/profile_images/1613931694901596161/zNGctZuO.jpg","30791","1","13","1690","30190","997"
"24307","0xGoNZ_","0xGonz ?????,????? ?????,???","https://pbs.twimg.com/profile_images/1896627703580614656/MKXxrlm7.jpg","2432","1","13","1687","2432","998"
"23953","chubby741","chubby","https://pbs.twimg.com/profile_images/1958054806368710658/71zv4j6n.jpg","89649","1","13","1685","79904","999"
"28265","vikktorrrre","Veee","https://pbs.twimg.com/profile_images/1957831848643485696/NmSdQOFc.jpg","8585","1","13","1684","1684","1000"
"24832","user_24832","cryptohubber.eth","https://app.ethos.network/avatar/blockie/0x6b5D2fb4a7e970c1bacBe80cEB20f025618125AE","14679","1","13","1683","12971","1001"
"26579","CBD0x","FAB","https://pbs.twimg.com/profile_images/1947000784509366272/2Yo6K4n1.jpg","1784","1","13","1678","1784","1002"
"10577","0x_davi","Dave","https://pbs.twimg.com/profile_images/1936445085488418816/KZ-4oJpU.jpg","2938","1","13","1671","2278","1003"
"16401","tyrtyre201","baron","https://pbs.twimg.com/profile_images/1957459959366508545/wlfEQ1qS.jpg","8650","1","13","1671","5284","1004"
"2261","CelticMatheus","Matheus Celtic","https://pbs.twimg.com/profile_images/1612113998161272832/JZavhz21.jpg","96445","1","13","1661","47224","1005"
"9633","0xsagarr","Sagar","https://pbs.twimg.com/profile_images/1920164580203827200/YO9ruRZx.jpg","144264","1","13","1661","119315","1006"
"26652","DmitryRZN","dmitry62.eth","https://pbs.twimg.com/profile_images/1752638440036802560/GXR0ByFM.jpg","7170","1","13","1659","1956","1007"
"13345","omegapexi","Omega","https://pbs.twimg.com/profile_images/1889005619958464512/81U3yAJY.jpg","17846","1","13","1652","16109","1008"
"9362","masoudrahhal","MR ??","https://pbs.twimg.com/profile_images/1946267994155339780/_zffocwr.jpg","48366","1","13","1648","45765","1009"
"9212","cryptoholic2200","CryptoHolic ?","https://pbs.twimg.com/profile_images/1908027424568115200/b-XCOKD7.jpg","54099","1","13","1639","51374","1010"
"816","fern","Adam Fern - Korean Blockchain Week","https://pbs.twimg.com/profile_images/1898383987896135680/LU0AOI7u.jpg","918026","1","13","1638","127038","1011"
"1218","MooneyMillions","Clayton Mooney","https://pbs.twimg.com/profile_images/1889739571740442624/LUQ-qZmy.jpg","246972","1","13","1638","42714","1012"
"4106","spazialeth","spaziale.lvl??","https://pbs.twimg.com/profile_images/1889256389144363008/st9_ezZ6.jpg","371579","1","13","1633","106268","1013"
"10904","Mini11Sin","joijo12 ?? Memecoin","https://pbs.twimg.com/profile_images/1687730179173482496/TmewjFSI.jpg","115352","1","13","1621","111401","1014"
"12633","Furkaggn","Trcevalker","https://pbs.twimg.com/profile_images/1906831895192584193/sksu8mA5.jpg","32864","1","13","1621","31195","1015"
"22091","ArtueroY","ArtueroY","https://pbs.twimg.com/profile_images/1722355327964766208/Si7jfu-E.jpg","21069","1","13","1620","19366","1016"
"24997","tokito182","Tokito Crypto","https://pbs.twimg.com/profile_images/1475300929914163200/0uffsuOP.jpg","78967","1","13","1618","69308","1017"
"19182","zangx0","2str1int","https://pbs.twimg.com/profile_images/1958131913912102912/OpO_XM3J.jpg","10489","1","13","1615","10489","1018"
"3723","Gurpreet8413","Vivek ?? ??","https://pbs.twimg.com/profile_images/1644754161920266241/I7KnJnNs.jpg","181871","1","13","1613","66387","1019"
"20631","mitsubishi654","Mitsubishi","https://pbs.twimg.com/profile_images/1940832505369673728/IZEXmrqL.jpg","78180","1","13","1612","76313","1020"
"27488","Asad30391661","mowgli(?,G)?????","https://pbs.twimg.com/profile_images/1710681813331664896/NE_m0v5g.jpg","5675","1","13","1612","5338","1021"
"26401","G_Dadby","Dadby","https://pbs.twimg.com/profile_images/1946555297784348672/8N7FZmrO.jpg","2928","1","13","1586","1586","1022"
"29396","DimaNegodiuk","Negodiuk.hl/BTC","https://pbs.twimg.com/profile_images/1386660160186298368/lyT8lWp2.jpg","4923","1","13","1586","4335","1023"
"1628","gcchaps","GcChaps","https://pbs.twimg.com/profile_images/1934183531728752640/pmgfzKHF.jpg","249855","1","13","1583","43911","1024"
"23500","pie012412","Pewtie","https://pbs.twimg.com/profile_images/1628031476037197826/D8UB__pT.jpg","98533","1","13","1579","92754","1025"
"13290","Lotussa7","Lotussa","https://pbs.twimg.com/profile_images/1959895202140749824/tZc0F-4E.jpg","15950","1","13","1576","15950","1026"
"9324","cryptoplant1","luke ??","https://pbs.twimg.com/profile_images/1927503978171887616/kJROtpWE.jpg","116021","1","13","1571","74539","1027"
"19083","cryptodonald89","CryptoDonald","https://pbs.twimg.com/profile_images/1894780884403810304/Mm3uSn5w.jpg","1831","1","13","1571","1831","1028"
"18872","0xpmush","Mush ??","https://pbs.twimg.com/profile_images/1965762506670174208/oP8xGzsu.jpg","24798","1","13","1566","9781","1029"
"27903","ThomasChavgen","Thomas C.","https://pbs.twimg.com/profile_images/1942313776637718528/3qsZS8aS.jpg","2603","1","13","1563","2199","1030"
"27476","ilkerxgunaydin","?lker G?nayd?n","https://pbs.twimg.com/profile_images/1875871245918515200/Q1aA_Hx5.jpg","2187","1","13","1558","2187","1031"
"2651","srinigoes","Srini ?? ??????","https://pbs.twimg.com/profile_images/1954075555420364800/-ltxbSHx.jpg","220957","1","13","1557","91017","1032"
"20065","0xsoloz","solo","https://pbs.twimg.com/profile_images/1787345746376757248/claoVwtH.jpg","32191","1","13","1554","30095","1033"
"30892","VolodimirVagil3","????????? ????????? (?,G) ??","https://pbs.twimg.com/profile_images/1650915105696104469/3F7ie2QC.jpg","6299","1","13","1553","1553","1034"
"5263","cslul9494","cslul","https://pbs.twimg.com/profile_images/1787142803694440448/RorlG7Zn.jpg","118877","1","13","1551","88685","1035"
"31855","PolarBerAI","POLAR AI ?????","https://pbs.twimg.com/profile_images/1955193364610945025/jWHqFJzP.jpg","4654","1","13","1548","4654","1036"
"22723","MohammadYzZ","0xician.eth","https://pbs.twimg.com/profile_images/1899856575411453952/MkD8ZnNb.jpg","29113","1","13","1546","27987","1037"
"31295","kosteurkille","ManiacX.base.eth.cast.ink.Goon.??","https://pbs.twimg.com/profile_images/1862318331425939456/8esLmvXP.jpg","3118","1","13","1546","1546","1038"
"28811","SvetlanaSamoy1","savage??","https://pbs.twimg.com/profile_images/1587411096465555457/izoNKhEf.jpg","4030","1","13","1545","1545","1039"
"15163","MixemaCrypto","Maxime","https://pbs.twimg.com/profile_images/1951659504468127744/r1neOmgl.jpg","35522","1","13","1541","34923","1040"
"4705","CossiShop","Cossi ?? ??","https://pbs.twimg.com/profile_images/1920917194373799937/pznc3Kct.jpg","235767","1","13","1540","117350","1041"
"28877","lisken233","lisken","https://pbs.twimg.com/profile_images/1818926724043956224/kegCtcIa.jpg","5886","1","13","1532","5059","1042"
"14836","xromawkax","Romawka ?? ?? Alkamon Trainer","https://pbs.twimg.com/profile_images/1945028889333342209/NLSmkUQX.jpg","38075","1","13","1529","36462","1043"
"19693","hustlegoh","Hustle","https://pbs.twimg.com/profile_images/1527333869904887808/BEJN4fRz.jpg","62448","1","13","1519","60882","1044"
"28591","Serhii37657063","Serhii?? ????","https://pbs.twimg.com/profile_images/1911882758986584064/liZ2UcIg.jpg","6048","1","13","1519","5035","1045"
"7367","0xNathanWalk","Nathan????","https://pbs.twimg.com/profile_images/1961274081149685763/OkBOZR0C.jpg","123190","1","13","1517","45105","1046"
"5908","anda765","Anda ??","https://pbs.twimg.com/profile_images/1867479631344902144/a76UoJ1P.jpg","185192","1","13","1512","68049","1047"
"10111","_Bitcorn","Hejar","https://pbs.twimg.com/profile_images/1947759940380082176/-9-GO4EC.jpg","94110","1","13","1512","93063","1048"
"30488","CryptogamerUA","CryptoGamer","https://pbs.twimg.com/profile_images/1963860182435237888/0ND3YRyI.jpg","1942","1","13","1510","1510","1049"
"12928","6om6oni","6om6oni","https://pbs.twimg.com/profile_images/1963493157141671936/E_FLDfbT.jpg","166078","1","13","1508","164763","1050"
"7377","sonoftrading","Son of Trading","https://pbs.twimg.com/profile_images/1928760165676822528/WhdeEP4O.jpg","135263","1","13","1499","80445","1051"
"3654","FrenchieNFTeam","Frenchie.moca ????","https://pbs.twimg.com/profile_images/1744651496497557504/3Cyn_VjY.jpg","182184","1","13","1491","71038","1052"
"21001","AvidInvesting","Avid Investor","https://pbs.twimg.com/profile_images/1939078205404508160/cTgtDicJ.jpg","21786","1","13","1491","13862","1053"
"6499","2140samuel","Sam","https://pbs.twimg.com/profile_images/1963392236944515073/S2afGMS3.jpg","108134","1","13","1485","65699","1054"
"16373","LiuSaxon","Saxon","https://pbs.twimg.com/profile_images/1957845272274362368/4fv7loxT.jpg","145293","1","13","1481","143516","1055"
"6542","Kanenas_1312","Kanenas","https://pbs.twimg.com/profile_images/1907388860385910784/Tx-VpAzj.jpg","212223","1","13","1480","128082","1056"
"7831","KJBlockchain","KJ","https://pbs.twimg.com/profile_images/1856770783248252928/M08Q60wv.jpg","149015","1","13","1475","149015","1057"
"9929","0xpcp_","pcp","https://pbs.twimg.com/profile_images/1905173510353563648/FzZuB0tR.jpg","43734","1","13","1473","29766","1058"
"5134","hoponopon0","hoponopono","https://pbs.twimg.com/profile_images/1968026473110859776/OYUHdBhK.jpg","297946","1","13","1471","127009","1059"
"1699","AITheAnswer1","AI_TheAnswer","https://pbs.twimg.com/profile_images/1958608473278533632/Rv64CPgX.jpg","648550","1","13","1467","415737","1060"
"50","komorebi_vide","videvian","https://pbs.twimg.com/profile_images/1837147435769950208/GbVDd8Lh.jpg","173933","1","13","1463","28887","1061"
"8339","Real_RZ_","R.Z.??","https://pbs.twimg.com/profile_images/1885996354947969024/DTJIVLv_.jpg","107555","1","13","1447","54885","1062"
"5507","sscorpy_","Scorpy | ?: (?,?)","https://pbs.twimg.com/profile_images/1954226539408539648/m5I46bVv.jpg","255552","1","13","1434","61254","1063"
"6826","Aaleks_crypt","Aalexxx.eth","https://pbs.twimg.com/profile_images/1936480205205377024/IkWkOikt.jpg","135156","1","13","1429","60363","1064"
"9779","Piyush6755","Piyush Kumar || ADL","https://pbs.twimg.com/profile_images/1497561993141637122/DQ7HwoNS.jpg","71923","1","13","1427","46324","1065"
"5787","user_5787","yarj.eth","https://app.ethos.network/avatar/blockie/0xf2cB1cAf152c6e36f1FF1A1C8eb88232221cCdE0","314813","1","13","1409","192539","1066"
"2517","custeemade","tee","https://pbs.twimg.com/profile_images/1950622138236391425/W7fxQBOc.jpg","370811","1","13","1408","132478","1067"
"18396","smt2206","Resolution Wallpaper Background BROOKLYN Herring","https://pbs.twimg.com/profile_images/1958879885335638016/29eiqOoR.jpg","77481","1","13","1402","76335","1068"
"6140","Ichigo19882","Ichigo","https://pbs.twimg.com/profile_images/1886650193287729152/9iW4hXTz.jpg","193878","1","13","1398","76606","1069"
"23119","Broly_222","Broly_","https://pbs.twimg.com/profile_images/1956717907070644224/YoT-_0Mu.jpg","12754","1","13","1384","11507","1070"
"14044","opwizardx","Misha | opwizardx","https://pbs.twimg.com/profile_images/1945158280633892864/bFM8h42m.jpg","55406","1","13","1380","36587","1071"
"31360","Cumisieucap","Ho?ng Nam Nguyen","https://pbs.twimg.com/profile_images/1911433198417887232/i0JLYBC-.jpg","3421","1","13","1380","1380","1072"
"12381","0xdddd111","dddduwu","https://pbs.twimg.com/profile_images/1875038117411053569/7s5uqON4.jpg","15205","1","13","1379","15205","1073"
"6505","sncryptotech77","SABARINATHANbase.eth.ink Anomage ?????,??? ?","https://pbs.twimg.com/profile_images/1948236382163623936/goyXFdmw.jpg","111206","1","13","1376","71437","1074"
"28848","dima88860049","topside","https://pbs.twimg.com/profile_images/1871314856676151296/-FaOVpDt.jpg","3818","1","13","1375","2434","1075"
"5210","sooAwais1","Awais","https://pbs.twimg.com/profile_images/1540266371145252864/1iVymMJ4.jpg","167941","1","13","1364","62965","1076"
"17610","webtranq","webtranq","https://pbs.twimg.com/profile_images/1953433482081804288/B2C5ZGJC.jpg","111773","1","13","1360","110317","1077"
"6462","MrRealAlpha","RealAlpha??","https://pbs.twimg.com/profile_images/1892515163980369920/v98QxSsX.jpg","352726","1","13","1357","194517","1078"
"25912","LinarKhal","Linar.ink DeFi","https://pbs.twimg.com/profile_images/1682649536953450496/7JW5fgoa.jpg","34550","1","13","1357","33111","1079"
"26384","InoqM","M-Mind","https://pbs.twimg.com/profile_images/1958859776378507264/rKl4ICq-.jpg","9211","1","13","1357","6463","1080"
"21599","0xCBE","Ernie.hl","https://pbs.twimg.com/profile_images/1951313663475789825/LJj_B5dM.jpg","120123","1","13","1348","118677","1081"
"2006","penncre8tive","PENN","https://pbs.twimg.com/profile_images/1742225898521182213/th4rllwL.jpg","247330","1","13","1346","53257","1082"
"13280","SerhatDolmac","Serhat (?????,?????)","https://pbs.twimg.com/profile_images/1966170247272001536/LyLBsVIK.jpg","97208","1","13","1344","90818","1083"
"9962","xiaohao67942591","haoxiao.eth|???? $FF","https://pbs.twimg.com/profile_images/1891352168172789760/-wYb9vVO.jpg","98470","1","13","1335","86497","1084"
"12295","Shinobeme","Osi","https://pbs.twimg.com/profile_images/1964989464603734016/tTc-BHGY.jpg","86579","1","13","1329","85167","1085"
"2147","EasusJ","EasusJ","https://pbs.twimg.com/profile_images/1909947452498599936/ZAgyoiW7.jpg","272701","1","13","1328","38667","1086"
"3722","diaulito_","Diaulito","https://pbs.twimg.com/profile_images/1959942753976037376/RUvFsGBF.jpg","481476","1","13","1328","102225","1087"
"1923","emmitt_art","emmitt.base.eth","https://pbs.twimg.com/profile_images/1954029994549682176/CjQlzxSU.jpg","345833","1","13","1321","47367","1088"
"21573","k0012344023016","? (athan)","https://pbs.twimg.com/profile_images/1942871239548145665/nMKNu0Bu.jpg","37034","1","13","1313","35627","1089"
"26463","FatumCrypto","Fatum","https://pbs.twimg.com/profile_images/1951621811847798784/OBejL2EJ.jpg","44368","1","13","1301","36244","1090"
"3910","j_riley_key","Riley Key","https://pbs.twimg.com/profile_images/1954580818220756993/7FR1UuJQ.jpg","122665","1","13","1299","68480","1091"
"9147","adriansanpei","Sanpei??","https://pbs.twimg.com/profile_images/1964871034567368704/HOCoqqaT.jpg","112205","1","13","1296","77923","1092"
"7869","IKSDAO","IKS DAO","https://pbs.twimg.com/profile_images/1844052919500574720/SUaDuNUj.jpg","121255","1","13","1292","61329","1093"
"25853","FlowWEIRD","WeirdWolf","https://pbs.twimg.com/profile_images/1949546454051065856/v_m5KL2m.jpg","62767","1","13","1287","61848","1094"
"7746","Horsebeeer","HorseBeer.hl","https://pbs.twimg.com/profile_images/1952878597284179968/TY1U0XyW.jpg","167888","1","13","1281","108121","1095"
"3469","amit0xic","t0xic ??","https://pbs.twimg.com/profile_images/1739256766074908672/RsbzxQ3_.jpg","214605","1","13","1264","83690","1096"
"3552","uniquesingh__","Unique singh","https://pbs.twimg.com/profile_images/1722894512064700416/mvD5tqdX.jpg","76719","1","13","1260","18821","1097"
"3378","gucci_gcc","gucci","https://pbs.twimg.com/profile_images/1921866534168727552/0uiU64sq.jpg","338106","1","13","1254","57372","1098"
"2326","SwizzyOnChain","Swizzy","https://pbs.twimg.com/profile_images/1906927417085558784/nAN66rYw.jpg","88011","1","13","1250","31367","1099"
"12248","MaXiao51796","?????","https://pbs.twimg.com/profile_images/1746133963771662336/XAQGvRcn.jpg","32655","1","13","1250","30845","1100"
"28098","0xhanaeth1","0xHana.eth","https://pbs.twimg.com/profile_images/1955359052814241792/mWcWweJV.jpg","4386","1","13","1249","3461","1101"
"10187","psrajkumarr","RAAJ Kaisar.ink?????,???? ??,????| ?????????,?????","https://pbs.twimg.com/profile_images/1928123476478676994/mmY8Eynl.jpg","85707","1","13","1246","60689","1102"
"12592","render_times","rendertimes","https://pbs.twimg.com/profile_images/1960177960872263680/D-l9ZBfc.jpg","65015","1","13","1243","65015","1103"
"9586","Flaming1001","Flamingo???","https://pbs.twimg.com/profile_images/1964958004974882816/gNXrMiJt.jpg","48905","1","13","1241","44407","1104"
"1715","CarpenterOfWeb3","Carpenter of Web","https://pbs.twimg.com/profile_images/1831397793652436992/xakwROCN.jpg","466999","1","13","1236","180438","1105"
"1597","matchayuma","oatmilk (iron man arc) ????","https://pbs.twimg.com/profile_images/1882175973908463616/ltijFXbY.jpg","248483","1","13","1236","14435","1106"
"3954","bored_vic","Bored Vic","https://pbs.twimg.com/profile_images/1932862981941178374/IBONIP-0.jpg","92719","1","13","1231","35626","1107"
"10088","PabloXbtc","PABLO??Token2049-Singapore ????","https://pbs.twimg.com/profile_images/1917555959221686272/B2cVICd2.jpg","146606","1","13","1231","137278","1108"
"11082","AJ_Krypt","jeffery NOYA","https://pbs.twimg.com/profile_images/1921067468493082624/n3P4bHsa.jpg","42187","1","13","1229","39264","1109"
"1361","JPEGGx","JPEGG","https://pbs.twimg.com/profile_images/1773937384565964800/1Rp1NQF7.jpg","383512","1","13","1227","78457","1110"
"22654","SaraX24X","Sara","https://pbs.twimg.com/profile_images/1942842574080991232/9YmUfSZ1.jpg","22919","1","13","1226","21020","1111"
"2071","WhyCaptainY","CaptainY","https://pbs.twimg.com/profile_images/1913278272642695169/gu8UOVx7.jpg","35218","1","13","1223","4864","1112"
"13013","alphabatcher","Alpha Batcher","https://pbs.twimg.com/profile_images/1954298792485789696/cAXi05d9.jpg","71066","1","13","1223","69753","1113"
"11916","0xCrabb","Crabb","https://pbs.twimg.com/profile_images/1849429433964179456/Mr2gKvTi.jpg","35905","1","13","1222","10268","1114"
"24309","EthosiansAgent","Ethosians","https://pbs.twimg.com/profile_images/1953837847636566016/Sd45op22.jpg","23798","1","13","1221","23798","1115"
"16713","lovetobluff","Rodion Longa DOT MF ETH | Chaotic Good Crypto","https://pbs.twimg.com/profile_images/1955254483560144896/g7BEto0B.jpg","21338","1","13","1218","20091","1116"
"26846","GeorgyS_1","Georgy | GoH ??","https://pbs.twimg.com/profile_images/1879728145957302272/PmJ7b_cy.jpg","39129","1","13","1218","10474","1117"
"4027","nikesh4402","nik3sh","https://pbs.twimg.com/profile_images/1717787981870997504/dJmSDcHe.jpg","116276","1","13","1217","55204","1118"
"16987","0xasrequired","as required (LI.FI/Jumper)","https://pbs.twimg.com/profile_images/1757702243753558016/iI3MBvk2.jpg","22231","1","13","1216","20941","1119"
"12090","kvzuobai","Zuobai","https://pbs.twimg.com/profile_images/1968343726465662976/NhMZsqst.jpg","29765","1","13","1214","29665","1120"
"16690","MazenessCrypto","Mazeness.eth","https://pbs.twimg.com/profile_images/1949397157359857665/bg9ve4O1.jpg","46918","1","13","1214","41990","1121"
"30907","crypto_betty","0xCryptoGirl","https://pbs.twimg.com/profile_images/1944636338969493504/XI4a-uiu.jpg","1880","1","13","1211","1211","1122"
"4358","GratefulApe_eth","GratefulApe.eth ??","https://pbs.twimg.com/profile_images/1475031510633914372/XWVlI25n.jpg","85978","1","13","1206","49387","1123"
"21201","sug0_o","suz","https://pbs.twimg.com/profile_images/1968414217574207489/WnwNE983.jpg","4975","1","13","1205","4975","1124"
"8887","1xGWYN","GWYNBLEIDD","https://pbs.twimg.com/profile_images/1881967326200827904/Grt1BMeq.jpg","166624","1","13","1202","117897","1125"
"24463","hamestype","HAME$ ??","https://pbs.twimg.com/profile_images/1966414123966648320/QDXx-dNy.jpg","12454","1","13","1202","7422","1126"
"9137","AlphaWolfPRMR","AlphaBull","https://pbs.twimg.com/profile_images/1920910180406968320/s7V1BII-.jpg","65997","1","13","1201","52259","1127"
"27233","me_cool_off","me_cool_off","https://pbs.twimg.com/profile_images/1950321222962524160/MCwso3p5.jpg","5816","1","13","1200","5816","1128"
"28252","AndrewD_0x","AndrewD ??","https://pbs.twimg.com/profile_images/1932871984850894848/wJFiw-OA.jpg","10904","1","13","1197","1904","1129"
"18921","laambrim42926","laambrim","https://pbs.twimg.com/profile_images/1942903303710371841/8OBIiFBK.jpg","47903","1","13","1192","47903","1130"
"16286","CryptoExDee","Dee","https://pbs.twimg.com/profile_images/1943978441944236032/WOcyKubo.jpg","39841","1","13","1191","38580","1131"
"16782","sewwdyo","sew","https://pbs.twimg.com/profile_images/1962874475805908992/_1OSk2Ua.jpg","22679","1","13","1191","20385","1132"
"29829","TayTayTaycan","Tay Tay","https://pbs.twimg.com/profile_images/1851487028984365056/Aht3KaGw.jpg","8022","1","13","1185","6081","1133"
"31171","sam272168","sam ?????","https://pbs.twimg.com/profile_images/1872296816047247360/311FYBgQ.jpg","4164","1","13","1181","4164","1134"
"30571","jaimecc3","Cabesa Suicinio ?? ?? LEAF??","https://pbs.twimg.com/profile_images/1943814651801661440/Y1SbDIv8.jpg","1607","1","13","1180","1180","1135"
"5562","OnchainAj","Ajinkya ?????","https://pbs.twimg.com/profile_images/1938677018872422400/p66YZ4NA.jpg","87419","1","13","1179","71520","1136"
"5888","MadMax_Series","MadMax","https://pbs.twimg.com/profile_images/1948014638215389184/WAwRAnsJ.jpg","158216","1","13","1179","56942","1137"
"31264","bigtymin8","quack.ip (?,?)","https://pbs.twimg.com/profile_images/1893761267250159616/MUnEQGUv.jpg","4038","1","13","1178","3236","1138"
"8429","0x50FFC001","0x50FFC","https://pbs.twimg.com/profile_images/1944754282361683969/bdguDASV.jpg","124054","1","13","1176","83003","1139"
"2040","canondee_","Canon Dee ????","https://pbs.twimg.com/profile_images/1948150636794560514/vvlUABDX.jpg","329154","1","13","1175","119701","1140"
"25716","rocciaricky","f (Ric ?? Skew ?? PolarAI & Air3 ?? Tabi)","https://pbs.twimg.com/profile_images/1859281955038056448/j4leRPWP.jpg","3459","1","13","1172","1240","1141"
"32303","bemia1181838","bemia","https://pbs.twimg.com/profile_images/1679429874589605888/fwibg-XX.jpg","1171","1","13","1171","1171","1142"
"32301","yuhuai3435","yuhuai","https://pbs.twimg.com/profile_images/1928369669724901376/RZeo68ad.jpg","1171","1","13","1171","1171","1143"
"32304","Gdione23","Dione","https://pbs.twimg.com/profile_images/1679757020998803456/DykDsnDV.jpg","1171","1","13","1171","1171","1144"
"31231","0xDevote","Devote","https://pbs.twimg.com/profile_images/1941570734607773696/jr1pocPq.jpg","3824","1","13","1170","2570","1145"
"32405","szimpatikus55","Szimpatikus","https://pbs.twimg.com/profile_images/1928364813765296128/mP4tDUr1.jpg","1170","1","13","1170","1170","1146"
"9837","Gyokeres_eth","Gyo","https://pbs.twimg.com/profile_images/1943569917141196800/pycs19G9.jpg","66794","1","13","1168","54290","1147"
"12925","0xvinhpham","0xvinhpham (bio/acc)","https://pbs.twimg.com/profile_images/1947581957451427840/HNQTxRrG.jpg","41256","1","13","1168","40262","1148"
"31638","DidViktor","ViZa_V","https://pbs.twimg.com/profile_images/1889113153260154881/ukMgOnm7.jpg","4214","1","13","1168","1168","1149"
"5094","minhoeth","minho","https://pbs.twimg.com/profile_images/1873774192430379008/2YxqALBQ.jpg","186309","1","13","1166","49410","1150"
"25970","WantedCrash","WantedCrash","https://pbs.twimg.com/profile_images/1932435742392713216/w64GGK01.jpg","69567","1","13","1161","68329","1151"
"9094","Azuafunaya_Jnr","Azuafunaya","https://pbs.twimg.com/profile_images/1966583510543540226/O21JBbXz.jpg","40505","1","13","1160","28641","1152"
"22927","classicalism","ibO","https://pbs.twimg.com/profile_images/1766457147486048256/xvoNhFCf.jpg","27456","1","13","1160","15260","1153"
"15434","MELOWILD","MELO (villain arc)","https://pbs.twimg.com/profile_images/1947685218648760320/UAuuqjP_.jpg","1836","1","13","1159","1684","1154"
"7518","0xSteamyRay","0xSteamy","https://pbs.twimg.com/profile_images/1912077499955118080/NksZ7Arn.jpg","211839","1","13","1152","132628","1155"
"11664","daniele0xJ","Daniele","https://pbs.twimg.com/profile_images/1949028139297906688/4vj7hzQk.jpg","40364","1","13","1152","39092","1156"
"19302","kelokivan","Kelok","https://pbs.twimg.com/profile_images/1734909289737654272/DHzyOtm5.jpg","7236","1","13","1147","7040","1157"
"7418","PocongSableng","P ????","https://pbs.twimg.com/profile_images/1966926036270280706/8zI1XwuH.jpg","99410","1","13","1144","46838","1158"
"21795","sssaid492","Sazid Hasan","https://pbs.twimg.com/profile_images/1941492895170854912/FLdi3x22.jpg","8826","1","13","1144","8115","1159"
"7065","0xGameOfArt","GameOfArt","https://pbs.twimg.com/profile_images/1917070740127653889/GjKnkMwh.jpg","220127","1","13","1139","86228","1160"
"3073","DoggfatherCrew","Doggfather","https://pbs.twimg.com/profile_images/1956029808070041604/68ZZVWxP.jpg","181172","1","13","1136","55364","1161"
"22693","0xFAlpha","F?at.lfg","https://pbs.twimg.com/profile_images/1867719238288371712/6xPrxJCH.jpg","17907","1","13","1135","9949","1162"
"9062","ssovoovo","??","https://pbs.twimg.com/profile_images/1872641917537923072/3qhvwBOF.jpg","115417","1","13","1127","85016","1163"
"4094","xwinter_eth","Winter ??","https://pbs.twimg.com/profile_images/1921656504085528577/gVXp2042.jpg","112028","1","13","1119","38789","1164"
"29831","Sayangmi0808","Sayang Mi","https://pbs.twimg.com/profile_images/1858427595747942400/1CsCDOnp.jpg","13846","1","13","1117","13680","1165"
"12216","notsupernoel99","notsupernoel ??","https://pbs.twimg.com/profile_images/1960773817510600704/c4tCIQqX.jpg","89604","1","13","1114","88421","1166"
"22315","xzlab","Xzlab","https://pbs.twimg.com/profile_images/1642232593331658752/HpBn2avh.jpg","121877","1","13","1114","116748","1167"
"6609","1_crazyDog","crazyDog","https://pbs.twimg.com/profile_images/1855667932887752704/kmU2EwLt.jpg","183093","1","13","1109","117284","1168"
"7965","Deucesofweb3","DEUCES","https://pbs.twimg.com/profile_images/1944357464163401728/Taxf0-u0.jpg","39611","1","13","1109","37276","1169"
"26179","hash_xbt","Hash ?","https://pbs.twimg.com/profile_images/1955246611287711744/esCXGV6-.jpg","27226","1","13","1108","27226","1170"
"16520","maybelinus","fraz.eth","https://pbs.twimg.com/profile_images/1944397997674020865/qt3LYXC1.jpg","107416","1","13","1103","106976","1171"
"27569","skyblackeagle73","0xskyeagle.eth ??????","https://pbs.twimg.com/profile_images/1954296037981503488/t3keG2CJ.jpg","10034","1","13","1103","8926","1172"
"22761","0xBBJ","BBJ","https://pbs.twimg.com/profile_images/1964201616854093824/u9mlV4zI.jpg","8071","1","13","1100","4571","1173"
"25983","krystapeoples","Supersky","https://pbs.twimg.com/profile_images/1957099593499336705/7xT7EIf4.jpg","23254","1","13","1092","16970","1174"
"19197","KavehKeyvan","Keyvank (?,?)","https://pbs.twimg.com/profile_images/1945990761268355074/7vJY27bJ.jpg","44709","1","13","1091","37823","1175"
"25885","cryptomaratos","marrati (?,G) ??","https://pbs.twimg.com/profile_images/1881075341562617856/N3QmDKUd.jpg","8928","1","13","1091","7328","1176"
"22270","KatsRider","Ghost Rider","https://pbs.twimg.com/profile_images/1596364936137306112/JMAH-DUZ.jpg","98896","1","13","1088","81968","1177"
"23408","NikovPavel58067","P@bloko","https://pbs.twimg.com/profile_images/1936369784842592256/-mIswfPH.jpg","108665","1","13","1086","107451","1178"
"3212","okgoalex","alex.hl","https://pbs.twimg.com/profile_images/1953853357455527938/blGdASot.jpg","203585","1","13","1082","36915","1179"
"14307","EmilyBe24025894","marshaller|Bluebird???","https://pbs.twimg.com/profile_images/1927888285076180994/actmn4dD.jpg","39918","1","13","1081","38059","1180"
"23215","OneHundredEyez_","OneHundredEyez","https://pbs.twimg.com/profile_images/1912490026245468160/SlhksSbv.jpg","8823","1","13","1080","8823","1181"
"6467","spoilerbull","Spoiler","https://pbs.twimg.com/profile_images/1955337264122249216/tiaolQzd.jpg","135507","1","13","1077","72764","1182"
"27419","mono_nft","mono","https://pbs.twimg.com/profile_images/1938182011945984000/3MH1nUSu.jpg","3397","1","13","1077","1381","1183"
"6694","edoweb3","edo","https://pbs.twimg.com/profile_images/1942514131346563072/WuVQc7xh.jpg","100672","1","13","1071","63725","1184"
"29898","Iam_Crypto1","Vermord","https://pbs.twimg.com/profile_images/1966988410226094081/XCO4zwtO.jpg","9336","1","13","1066","7263","1185"
"2718","Wii_Mee","WiiMee.eth","https://pbs.twimg.com/profile_images/1957785265348427776/vz_pKT1Y.jpg","190630","1","13","1065","43058","1186"
"18845","Lombrajr","Lombra","https://pbs.twimg.com/profile_images/1954576200321380353/klqZCRwe.jpg","10653","1","13","1062","10653","1187"
"9696","Hidayahhtaufik","auraa | Auranode (?,?)","https://pbs.twimg.com/profile_images/1966775973644517376/_mjkAsVf.jpg","57964","1","13","1060","35012","1188"
"13745","Kenshiko97","Kenshiko","https://pbs.twimg.com/profile_images/1831150444262912000/KlJN7zy7.jpg","53282","1","13","1059","52181","1189"
"20953","niknameste","niknameste","https://pbs.twimg.com/profile_images/1957877208371941376/-_Fq8xx1.jpg","30131","1","13","1059","29005","1190"
"27575","BoosShima","shima b1371 ??????,????? Tabi ?? (?,G)","https://pbs.twimg.com/profile_images/1943001625242611712/KINlYCAc.jpg","3033","1","13","1058","2609","1191"
"25171","cryptonicserka","FadeAway","https://pbs.twimg.com/profile_images/1440677405249585159/TPry1yE9.jpg","8817","1","13","1051","8817","1192"
"22548","onuzerieksi37","Dzengo ????","https://pbs.twimg.com/profile_images/1815177416639139840/Cur6Uyvz.png","28820","1","13","1050","26819","1193"
"26790","waxeley","wAxel","https://pbs.twimg.com/profile_images/1953823031366668289/IXFuT_b5.jpg","1633","1","13","1050","1633","1194"
"21927","ramiiijj","Rami","https://pbs.twimg.com/profile_images/1952952376077283328/y-Cjl5gd.jpg","4838","1","13","1047","4838","1195"
"16598","phantomtrader_1","Phantom trader ??,??","https://pbs.twimg.com/profile_images/1939651457554550784/LDt5ZeTX.jpg","22259","1","13","1045","21146","1196"
"5717","0xlala_","Lala","https://pbs.twimg.com/profile_images/1898032622049296384/BtyqORuJ.jpg","347546","1","13","1044","130716","1197"
"15716","Azet177","Azet (?,?)","https://pbs.twimg.com/profile_images/1957778033047470080/XYW4Gv5g.jpg","53210","1","13","1043","51874","1198"
"21021","FameandFury","fameandfury.eth???","https://pbs.twimg.com/profile_images/1644752076902219777/E-D_7vlu.jpg","14548","1","13","1043","14548","1199"
"31421","0xpele","pele","https://pbs.twimg.com/profile_images/1622656957755662351/j_J8LgQx.jpg","1289","1","13","1043","1043","1200"
"30451","0xmor1_","0xmor1.meow ??","https://pbs.twimg.com/profile_images/1959944351808622592/u0qpw2pQ.jpg","3517","1","13","1042","2468","1201"
"11247","traventuro","Traventuro","https://pbs.twimg.com/profile_images/1947780300953542656/swKsiYbm.jpg","10089","1","13","1040","6394","1202"
"30944","SkyQuin76","0xskyqueen??,??,?? (?,G)","https://pbs.twimg.com/profile_images/1921881847463620608/qaafuuE3.jpg","6561","1","13","1039","4520","1203"
"13171","fma087218","fma666.eth","https://pbs.twimg.com/profile_images/1906493829601185792/xUXJ_wMV.jpg","41744","1","13","1038","40662","1204"
"23418","berryy_654","l3erry","https://pbs.twimg.com/profile_images/1928861766303510528/bNUQq3Dj.jpg","15554","1","13","1038","14530","1205"
"29036","p3ddr0x1","p3ddr0.base.eth","https://pbs.twimg.com/profile_images/1965808465336791040/RF6o6Tvd.jpg","3062","1","13","1037","1037","1206"
"4141","j0vany1","G3nka.ron","https://pbs.twimg.com/profile_images/1958883802438144002/3tSaIKL0.jpg","168438","1","13","1033","35503","1207"
"30682","sequoia__de","Pani","https://pbs.twimg.com/profile_images/1775874317806379008/frlsRwBj.jpg","1275","1","13","1033","1033","1208"
"23245","_Flasho_","Flasho","https://pbs.twimg.com/profile_images/1812178177050939392/zzGw129N.jpg","13329","1","13","1031","13329","1209"
"30644","RiccoWeb3","Ricco ??rAI","https://pbs.twimg.com/profile_images/1953534043003183104/Hm7aRCbZ.jpg","1031","1","13","1031","1031","1210"
"31136","Molip_xd01","Tengen","https://pbs.twimg.com/profile_images/1945438976124301312/y52U3cd2.jpg","5179","1","13","1031","1031","1211"
"27206","HutsolD","monster.","https://pbs.twimg.com/profile_images/1963324743316078592/GcjBy4Oe.jpg","7605","1","13","1030","3370","1212"
"30422","0xTyomych","Tyomych","https://pbs.twimg.com/profile_images/1942607913987567616/QR4M7d8a.jpg","1030","1","13","1030","1030","1213"
"21054","bulevar_r","Bussss","https://pbs.twimg.com/profile_images/1882075133138903040/Mj39Pyl9.jpg","52347","1","13","1028","51250","1214"
"24527","ucanseeofficial","ANTON | UCANSEE (?,?)(?,G)","https://pbs.twimg.com/profile_images/1946893360637329408/wj0E4X9a.jpg","10012","1","13","1027","9811","1215"
"30690","Iamx002","Iam X ?Noya","https://pbs.twimg.com/profile_images/1962968214398500864/kGG1Ubse.jpg","1027","1","13","1027","1027","1216"
"3981","cryptokitty3x","Crypto Kitty ??","https://pbs.twimg.com/profile_images/1932032297600954368/QgYTzAcs.jpg","227193","1","13","1026","45842","1217"
"27791","Annon0x","Gon","https://pbs.twimg.com/profile_images/1857781258195025920/A6ZUZ2eF.jpg","9313","1","13","1026","9313","1218"
"27979","Amolavi4","Pyman","https://pbs.twimg.com/profile_images/1918031081212661760/vbyYVvJD.jpg","3349","1","13","1026","1310","1219"
"31107","i_one_lan","ionelan.g (?,G) ??","https://pbs.twimg.com/profile_images/1938374031394172928/BqSYKY9W.jpg","4953","1","13","1026","1026","1220"
"20457","trenchbbyyy","trench baby","https://pbs.twimg.com/profile_images/1922283443401981952/vS-UKN6F.jpg","9137","1","13","1025","9137","1221"
"11971","AtnsXBT","AtnsMDX","https://pbs.twimg.com/profile_images/1910330118922280960/kYCDIxCV.jpg","41432","1","13","1024","37015","1222"
"23038","SamAlpha_","??????/???","https://pbs.twimg.com/profile_images/1826773531973017600/ZRfZNvVG.jpg","6815","1","13","1022","6815","1223"
"23406","anti_drain","Vivaldi (?,G) ?????,????? .ink base.eth","https://pbs.twimg.com/profile_images/1962803366515642368/af5HjX4G.jpg","4723","1","13","1021","3701","1224"
"29445","WIldc4tch4rm","marti","https://pbs.twimg.com/profile_images/1938539997646163968/kK9d8WS5.jpg","9594","1","13","1021","7087","1225"
"13727","hungnm11","hungnm (?,G)","https://pbs.twimg.com/profile_images/1927656787882471425/mhLv7NzQ.jpg","43819","1","13","1020","42761","1226"
"29929","blackshark0x","BlackShark .lens .feul .base ?IP? (?,G)","https://pbs.twimg.com/profile_images/1962946695781838848/DZ6QQjy-.jpg","6940","1","13","1019","4920","1227"
"30510","a7med_ebrahem20","Azi","https://pbs.twimg.com/profile_images/1966947205731753984/WRp6GpTC.jpg","3984","1","13","1016","1016","1228"
"31128","rsvtweb3","RSVT","https://pbs.twimg.com/profile_images/1936037064916529152/CxFe--Pa.jpg","2964","1","13","1014","1014","1229"
"5185","HeyMalav","Malav","https://pbs.twimg.com/profile_images/1945750391225716736/Qp-MZuRR.jpg","177456","1","13","1013","93785","1230"
"14105","Duartex69_","DuarteX ????","https://pbs.twimg.com/profile_images/1936527368719319040/cZpRzAVg.jpg","11913","1","13","1011","11913","1231"
"14962","riuko16","Riuko ??.eth","https://pbs.twimg.com/profile_images/1914934748625166337/jsWejR44.jpg","18002","1","13","1011","18002","1232"
"30898","savasakar","Sava? Akar","https://pbs.twimg.com/profile_images/1943683406451109889/rtppnIEO.jpg","2804","1","13","1011","2804","1233"
"17017","AlphaFrog13","Alpha Frog","https://pbs.twimg.com/profile_images/1954091836932243456/48B5IJRZ.jpg","25257","1","13","1010","24887","1234"
"6637","ProjectBaby_9","WarBABY","https://pbs.twimg.com/profile_images/1908455132011905024/LNrrJGCZ.jpg","159535","1","13","1009","78295","1235"
"5363","Telcier","Telcier","https://pbs.twimg.com/profile_images/1951971663026778112/DD3U1Pc2.jpg","166337","1","13","1008","51779","1236"
"22558","_KnOwhOw_","Andrejka | CryptoLife","https://pbs.twimg.com/profile_images/1965357034678693888/OPA5hUms.jpg","39785","1","13","1008","13745","1237"
"12083","Rodrigo87383650","Dullahan","https://pbs.twimg.com/profile_images/1744194701912133632/tCtfSsnF.jpg","43571","1","13","1006","42497","1238"
"19494","0xardaeth","Arda","https://pbs.twimg.com/profile_images/1965490574632349696/66bb_0Dx.jpg","6862","1","13","1005","6679","1239"
"20772","MHzz0420","MHzz","https://pbs.twimg.com/profile_images/1961561802070003712/ToH7qxbU.jpg","49607","1","13","1005","48623","1240"
"30593","DefiTeoria","DefiTeoria","https://pbs.twimg.com/profile_images/1845269791545655312/MN3h7U2q.jpg","1005","1","13","1005","1005","1241"
"11175","Corpusama","Corpus","https://pbs.twimg.com/profile_images/1966193183198429184/K06vQ_Fb.jpg","1094","1","13","1003","1084","1242"
"32508","vasukum74306825","bullvsbear.bnb ??","https://pbs.twimg.com/profile_images/1957388817163264000/kl2eHbSC.jpg","2011","1","13","1003","1003","1243"
"11033","episkop_eth","Episkop.eth","https://pbs.twimg.com/profile_images/1943451587772346368/KwAkWfaZ.jpg","41312","1","13","1001","36428","1244"
"19275","crabetan","Modular Tanned ???????????????(?,G)??","https://pbs.twimg.com/profile_images/1915043125833175040/kVdMxWEe.jpg","7013","1","13","1000","7013","1245"
"21823","Dmitrij26316959","Dmytro Kyselov","https://pbs.twimg.com/profile_images/1752661572957175808/PmVW688R.jpg","146588","1","13","1000","146064","1246"
"22458","0xMJYY","MJ","https://pbs.twimg.com/profile_images/1955105800839630850/NvF92ZT1.jpg","2704","1","13","999","2704","1247"
"22940","AraGun_BTC","AraGun","https://pbs.twimg.com/profile_images/1924941086503342080/4VUW0fDY.jpg","1032","1","13","999","1032","1248"
"28644","0xAlbertC","Albert","https://pbs.twimg.com/profile_images/1891591076177178624/U6GIkVuQ.jpg","2268","1","13","999","2268","1249"
"31010","pariali123","pari | ??rAI","https://pbs.twimg.com/profile_images/1948812218071392256/2gWjTZ2d.jpg","1211","1","13","999","999","1250"
"22032","Elishafanz","CG.lens","https://pbs.twimg.com/profile_images/1594685488803319811/zCdyUMeY.jpg","15460","1","13","998","14439","1251"
"15103","bynlalala","?? Danao","https://pbs.twimg.com/profile_images/1942424767744925696/FKdTiVOK.jpg","46411","1","13","997","41894","1252"
"31029","mochiichann_","mochii ?","https://pbs.twimg.com/profile_images/1937779126049603586/8MWoOaXw.jpg","1417","1","13","997","997","1253"
"11818","0xCCKP","Kaiser","https://pbs.twimg.com/profile_images/1922626865837072384/Nlu1p8Yq.jpg","49090","1","13","996","46090","1254"
"18380","farukyasareth","farukyasar.base.eth","https://pbs.twimg.com/profile_images/1942912546127630336/EeDAV1yb.png","11419","1","13","995","11419","1255"
"25888","mct_mrs","Mrs. Crypto","https://pbs.twimg.com/profile_images/1866440815850987521/uTpgukIF.jpg","2258","1","13","995","2258","1256"
"27681","kazemgafori","kazemgafori | ??(3/3) ??","https://pbs.twimg.com/profile_images/1952078189146116096/pLh03--C.jpg","2932","1","13","995","2832","1257"
"26701","crypto41339772","b.bnb(base.eth)","https://pbs.twimg.com/profile_images/1557338595429871616/3dp0CQ0L.jpg","7160","1","13","993","7160","1258"
"10576","gavelsvtw","gavelsv.patron ????","https://pbs.twimg.com/profile_images/1953801674037874688/JI4_-kyI.jpg","64365","1","13","987","57358","1259"
"6776","twix4us","twix4us","https://pbs.twimg.com/profile_images/1860984933595930624/QZHy_4iW.jpg","113943","1","13","986","34391","1260"
"22620","mrsurmeli_eth","mrsurmeli.eth (?,?)","https://pbs.twimg.com/profile_images/1950239602414923776/lXbVJK-r.jpg","6159","1","13","984","6159","1261"
"23233","_Kindavr_","Kindavr","https://pbs.twimg.com/profile_images/1936801458889867264/qOw3-MXv.jpg","53088","1","13","984","42263","1262"
"6439","Cyber_Warriorr","C????W??????","https://pbs.twimg.com/profile_images/1964780643994255360/ZpKnlP7f.jpg","97316","1","13","983","28023","1263"
"30615","Sofapaniker","Sofiya","https://pbs.twimg.com/profile_images/1958904706144641024/uUolq4sH.jpg","4783","1","13","983","2764","1264"
"7735","Hassam_Sami_","Hassam","https://pbs.twimg.com/profile_images/1957052000660852737/zqzGH754.jpg","55791","1","13","982","29576","1265"
"11764","Fairu_90","Fairu ??","https://pbs.twimg.com/profile_images/1874788402006003712/cP_Ni_f-.jpg","39339","1","13","978","32896","1266"
"20396","TotoSushi","TotoSushi | Airdrop Whale ??","https://pbs.twimg.com/profile_images/1874840131682582528/74gisKQ-.jpg","26611","1","13","977","26611","1267"
"18228","GMB_AOB","GMB ??","https://pbs.twimg.com/profile_images/1929765451489243136/SE53Qbf7.jpg","12747","1","13","976","12647","1268"
"27248","HBGandaLF","GandaLF","https://pbs.twimg.com/profile_images/1953773837746638848/vec6B5u6.jpg","4393","1","13","976","3427","1269"
"14820","r0guerig","Rogue","https://pbs.twimg.com/profile_images/1635679664738906117/im3xKOG_.jpg","45314","1","13","974","44272","1270"
"25986","Axel070692","K Aleksey","https://pbs.twimg.com/profile_images/1919160966496825344/duhO0kYZ.jpg","975","1","13","971","975","1271"
"10366","ScarlettWeb3","Jingle Bell ??? ????","https://pbs.twimg.com/profile_images/1876612994974834688/5q1340gw.jpg","49351","1","13","970","25339","1272"
"15109","Pandario_ETH","Pandario????","https://pbs.twimg.com/profile_images/1788468584290668544/6OCNk77Y.jpg","35624","1","13","968","28622","1273"
"18271","humanbelaa","BelaWEB3 ? bio/acc","https://pbs.twimg.com/profile_images/1959529190752948225/dQ7F1x4i.jpg","70912","1","13","960","69867","1274"
"19831","eddietradezz","Eddie","https://pbs.twimg.com/profile_images/1898910911714226176/8xP59kxu.jpg","25659","1","13","960","24689","1275"
"8505","ShineloveNFTs","Shine ?????????","https://pbs.twimg.com/profile_images/1874488299408277504/3Qusc0c7.jpg","144405","1","13","957","91226","1276"
"11225","OneChuks","ONLYONE CHUKS","https://pbs.twimg.com/profile_images/1902778765727461376/LiM0t6jq.jpg","29693","1","13","956","28280","1277"
"2636","Jadedsun1","Jadedsun","https://pbs.twimg.com/profile_images/1955624911592136704/1D0b7_L8.jpg","189438","1","13","954","19139","1278"
"13899","hexdrunker","hexdrunker","https://pbs.twimg.com/profile_images/1928082324991643648/nX6-jTZV.jpg","69642","1","13","951","62190","1279"
"25225","Socialis0","0xSocialis","https://pbs.twimg.com/profile_images/1949872465095630848/dt711KGa.jpg","37360","1","13","949","36407","1280"
"6821","hkahn20","lupin3th ?? $BARD","https://pbs.twimg.com/profile_images/1938140427066241024/eOuBtEm-.jpg","94532","1","13","947","32557","1281"
"12220","xAvellesch","xA (???)","https://pbs.twimg.com/profile_images/1964256744617754624/qigZXzsK.jpg","35619","1","13","944","31207","1282"
"15926","ArMaN1991U","Arman01(?,G)","https://pbs.twimg.com/profile_images/1945743618792181760/S38EdHIz.jpg","38654","1","13","939","37643","1283"
"4287","snail_dgn","snail","https://pbs.twimg.com/profile_images/1943590832755408896/OCfTh6kn.jpg","70737","1","13","938","16168","1284"
"22200","cryptosumit01","crypto Sumit","https://pbs.twimg.com/profile_images/1440209324555440131/2sx01JnT.jpg","63706","1","13","936","62717","1285"
"22025","belikkryt","by UncleIgor","https://pbs.twimg.com/profile_images/1938295480741490688/4IwV73E9.jpg","12254","1","13","935","11055","1286"
"9562","1st_Bernice","1st_Bernice","https://pbs.twimg.com/profile_images/1947913873660751872/j-BLXfXv.jpg","43368","1","13","929","16305","1287"
"2002","HeesMerced","MercedHees","https://pbs.twimg.com/profile_images/1905745184241115136/kDSfGLb9.jpg","311255","1","13","928","93749","1288"
"15344","Mered1thFr0st","MeredithFrost","https://pbs.twimg.com/profile_images/1814344381178191874/hs7iCgQH.jpg","38836","1","13","927","37180","1289"
"16848","workinpro","wip","https://pbs.twimg.com/profile_images/1738555141966401536/AcEQENZw.png","10740","1","13","927","7980","1290"
"27563","gapeev_vadim","PuncastL","https://pbs.twimg.com/profile_images/1967262814763880448/0ctBvqgI.jpg","2622","1","13","926","2622","1291"
"18019","kkomysh","kkomysh (pre-rich arc)","https://pbs.twimg.com/profile_images/1920479130132393984/IKH-pU0c.jpg","78019","1","13","925","77017","1292"
"13014","devilid000","??????","https://pbs.twimg.com/profile_images/1574060289959464963/TztfNy_7.jpg","51464","1","13","922","50524","1293"
"22410","vishalsrj","Vishal Saroj ???? (??,??) ?? ?? ??","https://pbs.twimg.com/profile_images/1331942847616929792/6ouspWs7.jpg","84515","1","13","922","79568","1294"
"15513","DegenKid4","Degen Kid","https://pbs.twimg.com/profile_images/1953162718174953476/vA67nSA5.jpg","35807","1","13","915","34812","1295"
"10589","songsong6059","songsong | (?,?) | ?? $BARD","https://pbs.twimg.com/profile_images/1953130971806732288/QcuCv3DZ.jpg","59593","1","13","914","43548","1296"
"12529","zefirium_crypto","????","https://pbs.twimg.com/profile_images/1927337405599588352/7NlUzCO5.jpg","63375","1","13","914","57950","1297"
"25459","CheemoCrypto","CheemoCrypto","https://pbs.twimg.com/profile_images/1934324614655614976/3uvlKZSG.jpg","140124","1","13","911","134428","1298"
"2352","ashen_sol1","ashen | kamai","https://pbs.twimg.com/profile_images/1962312052577640448/UmYXjSFR.jpg","294473","1","13","910","32528","1299"
"6468","tosau020919","TxS","https://pbs.twimg.com/profile_images/1964612705597165568/uQfBCD_i.jpg","166811","1","13","910","85322","1300"
"13666","mohammadh_1988","mohammad9066 (?,G) | ??rAI ??","https://pbs.twimg.com/profile_images/1818270561497133056/1rpB0MGS.jpg","49100","1","13","909","38385","1301"
"14637","BarbiecueDGG","bbqgaming.eth","https://pbs.twimg.com/profile_images/1964443064614912000/ddnQO0G8.jpg","24777","1","13","908","23948","1302"
"2119","migsm91","migs","https://pbs.twimg.com/profile_images/1874531031681753088/GKcwX-K9.jpg","256608","1","13","906","53798","1303"
"22217","Fandisoraja","Fandisoraja.ink ??","https://pbs.twimg.com/profile_images/1753799154999181312/EKWuEvVK.jpg","8618","1","13","903","7546","1304"
"17379","RandulaKoralage","Ranu(?,?)","https://pbs.twimg.com/profile_images/1934639586166120448/lmvKzs8G.jpg","30514","1","13","898","29544","1305"
"29275","vitalya260921","Vitalya | ?? ?","https://pbs.twimg.com/profile_images/1872766065526108160/xnKjJO9i.jpg","2952","1","13","897","2952","1306"
"1857","Philneeds","Philneeds","https://pbs.twimg.com/profile_images/1561379373755793408/Dr-TNfU6.png","510446","1","13","896","77185","1307"
"11708","_xCHEOx_","CHEO","https://pbs.twimg.com/profile_images/1920180482710306816/oydprBUc.jpg","83326","1","13","896","82388","1308"
"10266","R3ckless_Bunny","Reckless Bunny ??- ?? Alkamon Trainer","https://pbs.twimg.com/profile_images/1825544499755405312/FEXPHAVW.jpg","53566","1","13","893","46103","1309"
"16014","Sae3ds","Alfie(3/3)|NOYA","https://pbs.twimg.com/profile_images/1521989258680152064/gkej6Xif.jpg","37272","1","13","889","36308","1310"
"15966","0xCoinacci","Coinacci","https://pbs.twimg.com/profile_images/1950879122978205696/Y85kCLOS.jpg","35609","1","13","887","34449","1311"
"5003","DepecheNode_","Node","https://pbs.twimg.com/profile_images/1887541787809779712/0E_dxUE8.png","104857","1","13","886","26504","1312"
"20593","wagnet__","wagnet ??","https://pbs.twimg.com/profile_images/1942300418840698880/VxR1-6Lm.jpg","12522","1","13","884","9991","1313"
"13775","antoo_ron","antoo.ron ?","https://pbs.twimg.com/profile_images/1875777163632197632/fIZumEOU.jpg","35355","1","13","883","34387","1314"
"30599","harites00","harites","https://pbs.twimg.com/profile_images/1940750828093972480/1HLUzzlM.jpg","4406","1","13","883","4406","1315"
"14936","CryptoAlphon","Alphon","https://pbs.twimg.com/profile_images/1783927115907252225/RyJP6Hf9.jpg","34876","1","13","881","33929","1316"
"20882","StanksDog","Stanks","https://pbs.twimg.com/profile_images/1873809771851116544/1pQBxym8.jpg","11775","1","13","880","11775","1317"
"2608","tier1fred","Fred","https://pbs.twimg.com/profile_images/1965693025167802368/FpbWJhcm.jpg","795285","1","13","879","210789","1318"
"15650","0xsld","0xsld","https://pbs.twimg.com/profile_images/1924273806283071488/AC-3WTWJ.jpg","26593","1","13","879","25651","1319"
"5751","natsuuunft","Natsu","https://pbs.twimg.com/profile_images/1945887266947108864/d4poY3sT.jpg","345122","1","13","878","54203","1320"
"2639","JustinCBram","Justin Bram","https://pbs.twimg.com/profile_images/1840136098410049536/sdttirnJ.jpg","7495","1","13","877","4110","1321"
"10204","23788w","? ?","https://pbs.twimg.com/profile_images/1908865157813727232/CVwCHr5J.jpg","49541","1","13","877","24297","1322"
"19228","howtousecrypto","0xumut","https://pbs.twimg.com/profile_images/1963682544114688000/ozWaT7sH.jpg","37774","1","13","877","37774","1323"
"11405","i0xtop","0xtop.patron???? $FF","https://pbs.twimg.com/profile_images/1947076683955363840/lkdVchau.jpg","22922","1","13","874","21949","1324"
"26100","Fatu_rohim","faats ?? ?","https://pbs.twimg.com/profile_images/1586049123773399040/AZ10-ClI.jpg","962","1","13","871","962","1325"
"9153","0xheyishaq","ishaq ?:","https://pbs.twimg.com/profile_images/1940029009238130688/ljN6VfEn.jpg","53348","1","13","867","26968","1326"
"13269","Eyecassy","Melina","https://pbs.twimg.com/profile_images/1798067232309993472/ZQRT5xlU.jpg","21228","1","13","866","20280","1327"
"6347","AzOgZz","AzOgZ","https://pbs.twimg.com/profile_images/1897362601803120640/3KopgKOm.jpg","138301","1","13","862","76191","1328"
"17260","JinxMaze4","ANYA MISAAKI (???) (?,?)","https://pbs.twimg.com/profile_images/1959850019206623232/ldFwDb0X.jpg","35012","1","13","858","34085","1329"
"10341","cxcomplex1","CX ??","https://pbs.twimg.com/profile_images/1947175819735879680/N1FPLe-D.jpg","58208","1","13","857","35400","1330"
"4551","ababiluk1","Mitya Kulibaba ?? Building Alkanes","https://pbs.twimg.com/profile_images/1930590620780785664/qm3BQpO6.jpg","101420","1","13","856","93920","1331"
"20647","1Tomiko1","Tomiko ?? Building on Alkanes","https://pbs.twimg.com/profile_images/1764740345353400320/knFJBg_H.jpg","5524","1","13","853","4667","1332"
"18679","Andry_Worker","TestnetWorkers?????,?????","https://pbs.twimg.com/profile_images/1931316998346035200/9Ik7_t1Q.jpg","85773","1","13","850","85773","1333"
"19855","andyartii","arian (?,?)","https://pbs.twimg.com/profile_images/1965069646014361600/63AJof93.jpg","42910","1","13","850","41584","1334"
"21851","0xTowhid","Towhid.Sign??","https://pbs.twimg.com/profile_images/1953123630491029504/q_Y9qdgl.jpg","3635","1","13","849","3635","1335"
"21868","CiscoCANFT","Cisco | CryptoAlert","https://pbs.twimg.com/profile_images/1943783706801422336/lm1rp-1_.jpg","5812","1","13","849","5812","1336"
"22468","justbemeeky","??????","https://pbs.twimg.com/profile_images/1952846183279329280/-t52NVYh.jpg","4165","1","13","846","3445","1337"
"10614","Raffo2077","raffo ???? ??????? ?? ?? ??","https://pbs.twimg.com/profile_images/1906827318980452352/A5YSERnI.jpg","32966","1","13","842","28950","1338"
"20254","privaty011","Privaty ??","https://pbs.twimg.com/profile_images/1950977006306287616/4wR-RPUo.jpg","14793","1","13","842","8219","1339"
"23885","MrRosc","Rosc","https://pbs.twimg.com/profile_images/1704817086277570560/w4QceOi9.jpg","3205","1","13","841","3205","1340"
"12128","khalilov6666","Graham??? ??","https://pbs.twimg.com/profile_images/1947284050969833472/BSeLfxPA.jpg","26558","1","13","839","24594","1341"
"11986","gravypto","Gravi | ?: ??","https://pbs.twimg.com/profile_images/1967926371339902977/qDfcFoJ2.jpg","60845","1","13","838","59931","1342"
"23720","OceanOlan","ionov.eth","https://pbs.twimg.com/profile_images/1958163821119295489/971SdhHd.jpg","6363","1","13","837","6363","1343"
"3432","Febers4","Tat Thang","https://pbs.twimg.com/profile_images/1886306195222532096/GHmw3aic.jpg","494818","1","13","836","271999","1344"
"16610","torzyk87","torzykk ??","https://pbs.twimg.com/profile_images/1900536281039257601/0Z0neByN.jpg","40532","1","13","836","39626","1345"
"12707","cryppinfluence","Crypp | DeFi","https://pbs.twimg.com/profile_images/1916074200415997952/7XPT66dk.jpg","40572","1","13","835","40119","1346"
"28837","rh10_X","rh10_X","https://pbs.twimg.com/profile_images/1940494826463477760/qtAOfijL.jpg","7968","1","13","834","7968","1347"
"14040","mRezaJafariyan","hoper.ink(?,?)","https://pbs.twimg.com/profile_images/1966686831539310592/9ucVyiOA.jpg","31073","1","13","832","30163","1348"
"2209","ericzalusky","Eric Zalusky","https://pbs.twimg.com/profile_images/1889472725590151170/yxWe5SrP.jpg","159340","1","13","831","30968","1349"
"19788","aminsh7676","AMINz(?,?)","https://pbs.twimg.com/profile_images/1964234645488144384/th29MGEe.jpg","6104","1","13","830","6104","1350"
"29573","anita_petrova_","Anita ????","https://pbs.twimg.com/profile_images/1517624155264462850/p9sf6cIe.jpg","9698","1","13","830","9374","1351"
"22413","westkripto","West","https://pbs.twimg.com/profile_images/1936002310158557184/HOAwm35e.jpg","1253","1","13","829","1253","1352"
"8686","Alvioraxbt","Alviora","https://pbs.twimg.com/profile_images/1884605896824909824/NkCPL5Yc.jpg","24442","1","13","828","23273","1353"
"9291","liyinjyun","?????Bird??? .m?????? $FF","https://pbs.twimg.com/profile_images/1945156994400198666/DvyULZdc.png","38625","1","13","828","26885","1354"
"22709","Ben_nichoqu","Nichoqu ??","https://pbs.twimg.com/profile_images/1964477573624221696/dt3vmEWP.jpg","2553","1","13","828","2553","1355"
"21424","0xInitiator","Initiator","https://pbs.twimg.com/profile_images/1943592837024518144/8Hnjyrt0.jpg","143047","1","13","825","142248","1356"
"6533","AyoHolla19","SulAF????","https://pbs.twimg.com/profile_images/1937527602362580992/PwQ0L_sn.jpg","124901","1","13","824","42809","1357"
"26973","thompsonokeniyi","Maksbu ?? ?? ???","https://pbs.twimg.com/profile_images/1954957233000718337/ASE3aYO4.jpg","7577","1","13","822","7129","1358"
"1803","ZP_12_","ZP","https://pbs.twimg.com/profile_images/1711768719846772736/z84KMuTb.jpg","204836","1","13","821","90854","1359"
"12556","Abol02","Abel?????$MIM","https://pbs.twimg.com/profile_images/1966597665250054144/E0E1qscR.jpg","29753","1","13","821","29753","1360"
"19171","v1z1337","v1z","https://pbs.twimg.com/profile_images/1953156275077816320/XtYEyfoy.jpg","25029","1","13","821","24208","1361"
"3007","Walshy_Eth","Walshy.eth","https://pbs.twimg.com/profile_images/1902914752390533120/vbUdWhlq.jpg","153253","1","13","820","15786","1362"
"12825","Raychords_76","Ray_chords?? Building Alkanes","https://pbs.twimg.com/profile_images/1931381056948887552/4R49Bini.jpg","15776","1","13","819","14953","1363"
"17414","Guppy93Allan","Guppy93Allan??$KONG?? ?????","https://pbs.twimg.com/profile_images/1965478058502025216/8VwHhdHA.jpg","22509","1","13","819","21624","1364"
"20823","basedPavel","Pavil ????","https://pbs.twimg.com/profile_images/1917517920596303872/wsvb_iTF.jpg","76306","1","13","819","56724","1365"
"28028","WNK611","freeouyo","https://pbs.twimg.com/profile_images/1945897806385852416/OaZ8eWgG.jpg","2655","1","13","816","2655","1366"
"27542","Top_Crypto_NFT","Ultra.somi","https://pbs.twimg.com/profile_images/1925185582608584704/0Ho_axnI.jpg","2970","1","13","815","2137","1367"
"3148","AntMaE1","?ntares","https://pbs.twimg.com/profile_images/1937860246040367104/CGrn8_9H.jpg","416524","1","13","814","52824","1368"
"10599","ridegist","Ridegist","https://pbs.twimg.com/profile_images/1939580523510128640/N28PZru4.jpg","24289","1","13","810","19302","1369"
"13000","afanasiyeth","Walrus_Afanasiy","https://pbs.twimg.com/profile_images/1936551320275566593/009F_GlJ.jpg","35324","1","13","810","34430","1370"
"31246","ReNtHaL_VM","ReNtHaL","https://pbs.twimg.com/profile_images/1929582258043674624/CxEparN1.jpg","3582","1","13","810","2358","1371"
"12205","Neobtc_100k","NEO ?? ?? ??","https://pbs.twimg.com/profile_images/1728232821964328960/p80Sbcby.jpg","20917","1","13","809","20043","1372"
"27768","0xCallMeZara","Call Me Zara??","https://pbs.twimg.com/profile_images/1962884036411432960/r9rxw_Ru.jpg","809","1","13","809","809","1373"
"29210","TukiBtc","TuKi_Fantasy.top","https://pbs.twimg.com/profile_images/1873681026200772608/QOCqvOKD.jpg","35809","1","13","809","809","1374"
"22040","0xsepiata","sepi","https://pbs.twimg.com/profile_images/1945523702264745984/rpkcSZdh.jpg","94271","1","13","804","79139","1375"
"30573","VladSaienko","saiko_sun","https://pbs.twimg.com/profile_images/1922013357986414592/Q-UWUy3c.jpg","2341","1","13","804","2341","1376"
"18368","0xMiladETH","Milad","https://pbs.twimg.com/profile_images/1818196353421393920/vGgBrCDt.jpg","18076","1","13","803","17208","1377"
"30597","olej0hn","olej0hn","https://pbs.twimg.com/profile_images/1962067561169719296/Or6HBRGm.jpg","2214","1","13","803","2214","1378"
"30614","mirzalex","sahirama...","https://pbs.twimg.com/profile_images/1956035252385636358/yJCZu4x_.jpg","2340","1","13","802","2340","1379"
"11148","xdegenIII","xdegen","https://pbs.twimg.com/profile_images/1965404107490897920/9SOyRtLy.jpg","38567","1","13","800","37421","1380"
"21639","Vadim_Freesson","frissonmnia.base.eth","https://pbs.twimg.com/profile_images/1949825793254719491/qfvcdjb6.jpg","85357","1","13","800","51768","1381"
"31242","Amiralirasmi","AMIRali","https://pbs.twimg.com/profile_images/1960431816038285312/kSVlziHM.jpg","8970","1","13","800","800","1382"
"31048","ArtemAl7","ArtemAl | MONAD ?? $BARD","https://pbs.twimg.com/profile_images/1929450199560097792/rtNZ0eLA.jpg","1616","1","13","800","800","1383"
"30679","MilkAligator","Ali .ink(?,G)??,??","https://pbs.twimg.com/profile_images/1964994877504004096/qoIHsC3d.jpg","799","1","13","799","799","1384"
"22043","ceyyycey","ceycey.eth","https://pbs.twimg.com/profile_images/1936739925564534784/bdcIBCMC.jpg","802","1","13","798","802","1385"
"26301","itsnikantoniou","Nik","https://pbs.twimg.com/profile_images/1954838686282977280/ZtN92D97.jpg","4316","1","13","798","802","1386"
"15807","Susannafeisal","Susanna ? (?,?) | ??rAI ????","https://pbs.twimg.com/profile_images/1939205763827650560/RXLwHNiS.jpg","47936","1","13","797","35334","1387"
"31216","0xp1ng","FireCat","https://pbs.twimg.com/profile_images/1962941945069678592/SbfE-noa.jpg","2697","1","13","797","797","1388"
"31925","alssoee","alssoe","https://pbs.twimg.com/profile_images/1965765412777492480/Dm0RyWlQ.png","797","1","13","797","797","1389"
"16432","guldalifurkan","furkan","https://pbs.twimg.com/profile_images/1963005235003060224/3ug-a-Zr.jpg","4138","1","13","796","4138","1390"
"32072","MatthewreadHair","Meysam","https://pbs.twimg.com/profile_images/1791900153156153344/-48lRRf1.jpg","796","1","13","796","796","1391"
"16775","DinukiSeha2980","Fermina","https://pbs.twimg.com/profile_images/1958019036023070720/oXVsKjY3.jpg","35675","1","13","795","34812","1392"
"31057","0xTyrionreddy","Tyrionreddy ????","https://pbs.twimg.com/profile_images/1933800877875474432/gicEnIMw.jpg","795","1","13","795","795","1393"
"25719","sanyalyange","Name","https://pbs.twimg.com/profile_images/1932460555459231744/Tte1BuqF.jpg","27853","1","13","794","26974","1394"
"31963","romaha_gg","Romaha","https://pbs.twimg.com/profile_images/1393160056204668928/GQeypbup.jpg","1603","1","13","794","794","1395"
"4615","SesorisWeb3","Sesoris","https://pbs.twimg.com/profile_images/1803645086233927680/g2XytBOD.png","148618","1","13","793","59895","1396"
"29463","user_29463","0xbrendan.eth","https://euc.li/0xbrendan.eth","1111","1","13","793","1111","1397"
"32297","V7Dmytro","Dmytro V7 ????","https://pbs.twimg.com/profile_images/1964192408226168832/Nv36d9Kn.jpg","6253","1","13","793","793","1398"
"1729","generativepoet","Yorks","https://pbs.twimg.com/profile_images/1870231412827176960/ky7Y_ZLr.jpg","352853","1","13","792","64361","1399"
"15468","Nima2388","Nima","https://pbs.twimg.com/profile_images/1893312398502625280/9eWI9n-Y.jpg","875","1","13","792","875","1400"
"29428","coinslapper","Spazzero","https://pbs.twimg.com/profile_images/1957742266686271488/Kn7wwtIN.jpg","4492","1","13","792","792","1401"
"27454","haryoudheji","CryptoBae","https://pbs.twimg.com/profile_images/1774679579929587712/gAu-eHea.jpg","1087","1","13","791","1087","1402"
"6509","xBartega","Bartega","https://pbs.twimg.com/profile_images/1849679113222750209/33Hsjg_N.jpg","85582","1","13","790","22010","1403"
"30388","0xfeliszka","Feliszka","https://pbs.twimg.com/profile_images/1965056458057302016/aEzGjWrf.jpg","1218","1","13","790","790","1404"
"30501","ollexuss","olexus","https://pbs.twimg.com/profile_images/1951276857531203584/tV_8NXJN.jpg","790","1","13","790","790","1405"
"31440","sabmev","sabmev.nft.lens.(??, ??).ink","https://pbs.twimg.com/profile_images/1556236130256838657/33qb8Zre.jpg","8838","1","13","790","790","1406"
"32431","fly_pinkish","Fly Pinkish (???) (?,G)","https://pbs.twimg.com/profile_images/1823351351838912512/_l5_G3R3.jpg","790","1","13","790","790","1407"
"28940","Otothemooooooo","Colector","https://pbs.twimg.com/profile_images/1683846738283732992/Ej5nSgI9.jpg","1217","1","13","789","789","1408"
"29442","ivanivl22","Ivan","https://pbs.twimg.com/profile_images/1945825571327389696/u6I2Rnex.jpg","789","1","13","789","789","1409"
"31523","smsmmska","smsmmska.eth ??","https://pbs.twimg.com/profile_images/1823630299839827968/TYy8Ex7N.png","1215","1","13","789","789","1410"
"30471","fellow_cm","FELLOW ?? ??","https://pbs.twimg.com/profile_images/1910692208199483392/MCRbO6rQ.jpg","788","1","13","788","788","1411"
"32000","VowIMTX","Vow | ContributionDAO","https://pbs.twimg.com/profile_images/1961452235562659840/vduorQNv.jpg","788","1","13","788","788","1412"
"32320","Shawn_mooon","shawn.ip ??","https://pbs.twimg.com/profile_images/1936064186586722304/oJG9hbuB.jpg","3488","1","13","788","788","1413"
"25866","AlenS0910","AlenS","https://pbs.twimg.com/profile_images/1751325345150607361/PZaZcT4T.jpg","1054","1","13","787","1054","1414"
"30528","CentuDeFi","Centurion DeFi","https://pbs.twimg.com/profile_images/1932035710703316992/7upUmqdl.jpg","2540","1","13","787","2540","1415"
"30989","user_30989","yolll.eth","https://app.ethos.network/avatar/blockie/0x47bb35336F5D31f96DE79E71b500DAd936d9A484","787","1","13","787","787","1416"
"31719","deseraehunn","Mikhail","https://pbs.twimg.com/profile_images/1860056069445193728/zZoHmx75.jpg","1192","1","13","787","787","1417"
"30468","Ninquis","NINQUIS (?,G)","https://pbs.twimg.com/profile_images/1959988661405237248/cH38Tmjk.jpg","786","1","13","786","786","1418"
"32121","graphedino","Graphe ??","https://pbs.twimg.com/profile_images/1967433489042866176/ddbVi9Ji.jpg","786","1","13","786","786","1419"
"32160","anton_ud","Tony Magony","https://pbs.twimg.com/profile_images/1950475631914807296/IuvTVRdm.jpg","786","1","13","786","786","1420"
"32524","cryptosport00","Cryptosport0.hl .ink ( ) ??? ???? ?.g","https://pbs.twimg.com/profile_images/1943313260742066176/qVwCu1VA.jpg","786","1","13","786","786","1421"
"4624","moneydad","MAXIMUS","https://pbs.twimg.com/profile_images/1880286958246633472/iBZy8-ED.jpg","52096","1","13","785","42389","1422"
"3756","NFTiura","iura.eth????","https://pbs.twimg.com/profile_images/1894386658226708480/CbBWZ7Ih.jpg","211389","1","13","784","79255","1423"
"19417","goodhypeonly0","ecelannister.eth (?,?)","https://pbs.twimg.com/profile_images/1966766805671641088/WWbPzszX.jpg","51289","1","13","782","50448","1424"
"15605","elshan01539513","Elshan (?,?)","https://pbs.twimg.com/profile_images/1963735320182075392/sxw8AT4_.jpg","18588","1","13","781","17732","1425"
"19516","Ratgornft","Ratgor","https://pbs.twimg.com/profile_images/1867526337805627392/r0slnw5r.jpg","28037","1","13","779","27183","1426"
"32345","kodama_eth","kodama.eth","https://pbs.twimg.com/profile_images/1883835675570475008/wAAEoGq4.jpg","779","1","13","779","779","1427"
"15457","Somuchmorefun","MadCanny ?? Fock it Mode We Are (?,G)","https://pbs.twimg.com/profile_images/1902171882117275648/_zJTnubG.jpg","7884","1","13","778","7884","1428"
"17685","Aukan_2023","AukanCrypto ?","https://pbs.twimg.com/profile_images/1921393161273856000/z4i1ufl-.jpg","25641","1","13","778","24800","1429"
"32113","22cmdeamorrr","22cmdeamor","https://pbs.twimg.com/profile_images/1832525114572742656/BfvA_tQt.jpg","778","1","13","778","778","1430"
"15959","mveebveek","mvebvek ?? ??","https://pbs.twimg.com/profile_images/1966498794012397568/4Sf44Vb1.jpg","33434","1","13","777","32450","1431"
"30270","clin_borfaysa","Mike ????????","https://pbs.twimg.com/profile_images/1885770455279079424/qBgJv-O9.jpg","3556","1","13","777","3556","1432"
"19346","TheKryptoXpress","KryptoXpress","https://pbs.twimg.com/profile_images/1937447945508356096/oG0ysEgl.jpg","51603","1","13","772","51248","1433"
"23479","gugu203512","Gugu","https://pbs.twimg.com/profile_images/1945420875349540864/SxM-VOIK.jpg","79441","1","13","772","78618","1434"
"16425","missthedip","Mugetso","https://pbs.twimg.com/profile_images/1941481802939408384/4MRi5Q__.jpg","92703","1","13","770","87151","1435"
"15801","0xNehad","Nehad","https://pbs.twimg.com/profile_images/1968980983669301248/GxTX7aLQ.jpg","33016","1","13","769","32032","1436"
"1607","coffeexcoin","coffee","https://pbs.twimg.com/profile_images/1963365171193135104/rssPZvce.png","49107","1","13","768","36006","1437"
"6595","JordanKallman","Jordan Kallman","https://pbs.twimg.com/profile_images/1719077170109382656/IF2_meJb.jpg","73048","1","13","766","16738","1438"
"2549","SteveKBark","Steve ??","https://pbs.twimg.com/profile_images/1928802958776385536/Sb1bkAVD.jpg","243564","1","13","764","80297","1439"
"12217","0xfanii","fani","https://pbs.twimg.com/profile_images/1913159741540552704/-h9ttDRD.jpg","40702","1","13","763","39864","1440"
"18562","reza_7277","Reza Python","https://pbs.twimg.com/profile_images/1917870882355093504/lyPWPDyo.jpg","40240","1","13","763","39408","1441"
"20836","_Aggy_4426","Aggy","https://pbs.twimg.com/profile_images/1964585454801735688/l4pxS8ai.jpg","19923","1","13","762","19061","1442"
"1751","Carlitoswa_y","Carlitosway ??","https://pbs.twimg.com/profile_images/1934966779786186752/-WOUTIZ9.jpg","1024723","1","13","761","101643","1443"
"18828","CryptoWhaat","Massi","https://pbs.twimg.com/profile_images/1669349535192330241/ikz5rnpa.jpg","79895","1","13","760","79074","1444"
"4930","MetaPhalanx","Phalanx ????????? BIRB ARC ??","https://pbs.twimg.com/profile_images/1959226633899905024/aSwX2nFt.jpg","80354","1","13","756","73289","1445"
"4984","NortierNFT","Nortier","https://pbs.twimg.com/profile_images/1965501579315847168/wGG6Yr8J.jpg","148926","1","13","756","18322","1446"
"12561","sleekmahn","thatguy","https://pbs.twimg.com/profile_images/1935133345483988992/-iqd6Z3b.jpg","17271","1","13","754","16452","1447"
"6583","venture_launch","Venture Launch","https://pbs.twimg.com/profile_images/1956001347385405446/p6hDGblw.jpg","92617","1","13","753","23432","1448"
"26601","Boltbot12","Lorax","https://pbs.twimg.com/profile_images/1955232978583384064/ZCei45zN.jpg","15828","1","13","747","15565","1449"
"3216","Stroh_Crypto","Stroh","https://pbs.twimg.com/profile_images/1780460280822063104/COdNLnbg.jpg","60963","1","13","746","50825","1450"
"5538","LawalAyomiEth","JOHN ?? (?,?)","https://pbs.twimg.com/profile_images/1950908918156107777/fTE2U2PG.jpg","223604","1","13","746","42547","1451"
"16053","SolanaCoach","Mad Coach???","https://pbs.twimg.com/profile_images/1967119436290170880/N0py6hjs.jpg","19383","1","13","746","18572","1452"
"5211","itsmekathleenh","necron (??,??) ?? (??,??)","https://pbs.twimg.com/profile_images/1724706088459857920/ILB40R3E.jpg","159557","1","13","744","47636","1453"
"30677","Ilgianluu","gianlu","https://pbs.twimg.com/profile_images/1379728556947804160/Sfwom7gq.jpg","3621","1","13","736","3621","1454"
"20221","onay1973","G. ONAY (?,G) ?????,?????","https://pbs.twimg.com/profile_images/1863996250288189440/BFMVCRhe.jpg","9813","1","13","734","9006","1455"
"19471","Etron_dsd","Ava","https://pbs.twimg.com/profile_images/1959149461873336322/xpNq9KlU.jpg","11392","1","13","733","10591","1456"
"7426","Nftgirlzz","Becky Anomage (?????,?????)","https://pbs.twimg.com/profile_images/1899933839327191040/06ZakBjD.jpg","15519","1","13","732","11167","1457"
"6720","0x13Rembrandt","13R","https://pbs.twimg.com/profile_images/1922568394462711809/6_Y5Srw3.jpg","45280","1","13","730","17865","1458"
"3965","0xUncleSam","Sam ?? ??","https://pbs.twimg.com/profile_images/1888664029549182977/3cqMKG0C.jpg","325684","1","13","729","36716","1459"
"12512","0xprame","Aprame","https://pbs.twimg.com/profile_images/1902133501023154179/Y-5uY0iW.jpg","33374","1","13","726","31641","1460"
"19911","0xconrad1","Ani","https://pbs.twimg.com/profile_images/1939929930835337216/WL3bN-ci.jpg","28447","1","13","726","27646","1461"
"9345","SkyWeCare","??????","https://pbs.twimg.com/profile_images/1964422531000983552/JxwAYp3Q.jpg","46090","1","13","721","19093","1462"
"12580","kenodnb","Keno","https://pbs.twimg.com/profile_images/1674746505305944065/Sbs-QBkK.jpg","45728","1","13","721","44997","1463"
"9971","Kudabajingan","Kudabajingan (???) ?????,?????","https://pbs.twimg.com/profile_images/1943497072361246725/sYHfH1BZ.jpg","57134","1","13","718","46850","1464"
"5481","ssheyii","S??H??E??Y??I? ?? | DINERO 3.","https://pbs.twimg.com/profile_images/1916006196479447040/8QxNKDpV.jpg","145647","1","13","714","130314","1465"
"19488","WolfofBallaro","Alessio | Wolf of Ballar?","https://pbs.twimg.com/profile_images/1812588997694066689/X5izapUP.jpg","26640","1","13","714","25846","1466"
"5566","zhixp_eth","zhi","https://pbs.twimg.com/profile_images/1944861768066453504/U9YK8cAN.jpg","35286","1","13","713","22193","1467"
"17082","SvetitSvet68","LunaWhite ???? | ??rAI","https://pbs.twimg.com/profile_images/1939216776010649600/11Oxsr2M.jpg","26423","1","13","713","26423","1468"
"19281","cannibalxy3","revo","https://pbs.twimg.com/profile_images/1966897475572105216/l6FT-DjK.jpg","26968","1","13","713","26190","1469"
"19499","art_of_research","Art_Of_Research","https://pbs.twimg.com/profile_images/1727211993025638400/3RSk11OS.jpg","41621","1","13","713","23255","1470"
"17670","OmniManhattan","Manhattan (?,?)","https://pbs.twimg.com/profile_images/1941984225374195712/xczAn6wm.jpg","21519","1","13","710","21119","1471"
"18332","PudgyPsyduck","Head of Ache","https://pbs.twimg.com/profile_images/1958925252773519364/1L7_QTfv.jpg","21402","1","13","710","20634","1472"
"26052","ClockWork_eth","Alex DeLarge","https://pbs.twimg.com/profile_images/1955226507351130112/YscuOvku.jpg","6049","1","13","704","5772","1473"
"21237","Hamidhazr1","Hamdi (?,?)","https://pbs.twimg.com/profile_images/1963635624407162880/pw1lWF6i.jpg","18707","1","13","703","17929","1474"
"22832","artzarn","artzarn (?,?)","https://pbs.twimg.com/profile_images/1946503211138891777/fs67RhMZ.jpg","41128","1","13","703","40303","1475"
"2569","poogazeth","pooga","https://pbs.twimg.com/profile_images/1951664676716363776/UFp1S_ZU.jpg","40294","1","13","702","6245","1476"
"13561","vizzy_easy","Vizzy","https://pbs.twimg.com/profile_images/1913114095303139328/oYIeErwO.jpg","57331","1","13","700","57331","1477"
"21732","AnaPoklad","?anata??,???(?,?)?.ink","https://pbs.twimg.com/profile_images/1965479413136474112/Oav4GQsi.jpg","12866","1","13","700","12104","1478"
"20458","smartmoney61","A.?.K","https://pbs.twimg.com/profile_images/1963369697178419200/9LClymHE.jpg","80217","1","13","698","27790","1479"
"27558","OleksijSinkaruk","Dekos","https://pbs.twimg.com/profile_images/1903878045653434368/w3QJ5ijl.jpg","6061","1","13","697","5667","1480"
"7409","NattChil","Nattc","https://pbs.twimg.com/profile_images/1948033331372994560/auJGNDv7.jpg","52249","1","13","695","16782","1481"
"16319","H0ogie","Hoogie ($/acc) ??","https://pbs.twimg.com/profile_images/1966385384931069952/sLUw3W_L.jpg","23196","1","13","695","22441","1482"
"9475","LostinNFTspace","LostinNFTspace","https://pbs.twimg.com/profile_images/1927688003528298497/ToQNZWFC.jpg","87764","1","13","692","74591","1483"
"17776","queenmoon1337","MOON (power up/arc)","https://pbs.twimg.com/profile_images/1945306869574123520/jP1cOGN0.jpg","6026","1","13","691","5304","1484"
"16383","memosrETH","memosr","https://pbs.twimg.com/profile_images/1954820109697978368/hZKvOUjl.jpg","23488","1","13","690","22735","1485"
"3139","jingaling_eth","jingaling","https://pbs.twimg.com/profile_images/1951021961867341824/kHrPqLKg.jpg","143738","1","13","688","66310","1486"
"30284","Eveniy4","Defjnite ????$FF","https://pbs.twimg.com/profile_images/1928319938764156928/jHuvorya.jpg","3441","1","13","688","2382","1487"
"2059","kamtang","kamtang.eth","https://pbs.twimg.com/profile_images/1948549150288871425/-hs0aI41.jpg","153680","1","13","684","21727","1488"
"21186","hoomihero1","hoomihero.base.eth","https://pbs.twimg.com/profile_images/1950451496388042753/WV_qLAR6.jpg","18583","1","13","684","17825","1489"
"14098","sefiyed","Kamel","https://pbs.twimg.com/profile_images/1928823387901554688/yjM1m7sZ.jpg","35646","1","13","681","30984","1490"
"19253","bhrbkl35","bhrbkl","https://pbs.twimg.com/profile_images/1925554967378534400/icEVTDem.jpg","40488","1","13","678","34617","1491"
"21891","sajbrz","sajjadb","https://pbs.twimg.com/profile_images/1938291427294769152/kZz68Q7Q.jpg","27589","1","13","675","25230","1492"
"19836","schulemei","S T R O M E S","https://pbs.twimg.com/profile_images/1957100917611757568/zjDUPDH6.jpg","84085","1","13","674","83327","1493"
"20176","Alex_LFG_","ALEX_LFG","https://pbs.twimg.com/profile_images/1968244404667191296/US2R0Sa5.jpg","14805","1","13","674","14057","1494"
"20170","AirdropDuyuru","White Rabbit","https://pbs.twimg.com/profile_images/1929195287353942016/n0gmL0iu.jpg","45004","1","13","674","44254","1495"
"9140","kengdaica","Keng","https://pbs.twimg.com/profile_images/1928702413038661632/2jDxnG6o.jpg","99918","1","13","673","73838","1496"
"12437","Togbe0x","Togbe","https://pbs.twimg.com/profile_images/1772416122962194432/ZfAC2ZM5.jpg","52688","1","13","671","51995","1497"
"19380","eldoradoors","eldoradoors ? base.eth .ink","https://pbs.twimg.com/profile_images/1954980158672179200/_RS-FpeN.jpg","30365","1","13","671","22898","1498"
"1523","mondoggg","Mondoggg","https://pbs.twimg.com/profile_images/1952761422108061696/Zor602wQ.jpg","282326","1","13","669","31630","1499"
"24992","K10NDIKE","KlonDike","https://pbs.twimg.com/profile_images/1952092551906754560/l6lnhcui.jpg","52398","1","13","668","51532","1500"
"6512","imshuXP","Shu??","https://pbs.twimg.com/profile_images/1949703257791881216/N0JaHeNZ.jpg","91619","1","13","666","41934","1501"
"15739","FliperamaCripto","FliperamaCripto","https://pbs.twimg.com/profile_images/1963418078584139779/XWWx58P1.jpg","23363","1","13","666","18018","1502"
"19233","Franklinn311","Franklinn","https://pbs.twimg.com/profile_images/1938367302627405824/gOg2QSHh.jpg","16468","1","13","664","12324","1503"
"21403","PHybix","PHybix ????","https://pbs.twimg.com/profile_images/1958233845574066176/_IUbyZ8x.jpg","25539","1","13","662","24808","1504"
"6245","Yacine_mnrd","Yacine ??","https://pbs.twimg.com/profile_images/1953666374636646400/fYtRLSsq.jpg","77716","1","13","661","13380","1505"
"9162","namcamjav","NamCamm","https://pbs.twimg.com/profile_images/1939132791641210880/n4ASqfM6.jpg","37223","1","13","661","35572","1506"
"15478","kukuruza_btc","Kukuruza ?? Alkamon Trainer","https://pbs.twimg.com/profile_images/1899435895725408256/htVCSdOc.jpg","27219","1","13","660","26520","1507"
"9193","ducduongtran","Tr?n D??ng","https://pbs.twimg.com/profile_images/1862068182573535232/bN1gSyHY.jpg","77460","1","13","658","48937","1508"
"18851","DoomjakXBT","Doomjak ??","https://pbs.twimg.com/profile_images/1935562900430794754/wQCZeZdJ.jpg","31800","1","13","650","31177","1509"
"4185","PluriBanned","valo","https://pbs.twimg.com/profile_images/1896128613205807104/5w-3Dr6f.jpg","173677","1","13","645","97995","1510"
"15702","lorenzo_onx","lorenzo","https://pbs.twimg.com/profile_images/1927116816792338432/SJeVSkn2.jpg","22469","1","13","645","21750","1511"
"24092","kryptobeaver","Cryptobeaver","https://pbs.twimg.com/profile_images/1893908821426180097/wTtc_u1Q.jpg","11275","1","13","641","10607","1512"
"3297","0xSeinfeld","Seinfeld | MVHQ","https://pbs.twimg.com/profile_images/1909372270059175936/VD6yMEvq.jpg","141659","1","13","640","51048","1513"
"19413","toffix0xeth","toffix.crypto","https://pbs.twimg.com/profile_images/1885660719934308353/q6HPVozS.jpg","20809","1","13","639","20055","1514"
"21702","willfortheUSA","WillConway","https://pbs.twimg.com/profile_images/1966176663076519938/vX73KZqL.jpg","8159","1","13","635","7450","1515"
"22055","GeoSon_eth","geoson.eth","https://pbs.twimg.com/profile_images/1952485114845233152/-fxyzWs4.jpg","26525","1","13","635","17896","1516"
"7368","DAXIAGUA1","??? $M | ??","https://pbs.twimg.com/profile_images/1967648947775950848/jd0D4cUe.jpg","214243","1","13","634","134103","1517"
"26778","Kerulov","Kerulov.eth","https://pbs.twimg.com/profile_images/1950142629972185089/k6Vt9uNl.jpg","28487","1","13","627","27831","1518"
"3948","MTjericho","MTjericho ??????","https://pbs.twimg.com/profile_images/1935047224888860672/IL_8PBHU.jpg","176114","1","13","625","69907","1519"
"5761","danish_eth","Danish.eth","https://pbs.twimg.com/profile_images/1957460602533642241/RKBpZkU5.jpg","117758","1","13","624","51256","1520"
"6517","Syed_Nasir1","SyedNasir","https://pbs.twimg.com/profile_images/1912106844937445376/va7aKp7V.jpg","159295","1","13","624","80647","1521"
"15007","mojitoGMI","mojitoGMI","https://pbs.twimg.com/profile_images/1711791485903925248/1hw9andX.jpg","24757","1","13","624","24101","1522"
"23318","biff_buster","Biff Buster","https://pbs.twimg.com/profile_images/1517561114682396673/Z0H9MuQ_.jpg","17710","1","13","624","12135","1523"
"3340","tulipape","chucky","https://pbs.twimg.com/profile_images/1961672707499544576/hwvsBX8U.jpg","191730","1","13","622","38864","1524"
"6082","richardhu_wifi","RichardHu","https://pbs.twimg.com/profile_images/1826918509756223488/R_uRmbN2.jpg","52681","1","13","622","23986","1525"
"22022","0xHeisha","Vicaversa","https://pbs.twimg.com/profile_images/1939822165739573248/GVbL1cbX.jpg","22979","1","13","621","22271","1526"
"24524","FSparrowin24997","Francy's Crypto","https://pbs.twimg.com/profile_images/1956396509815099398/Oc5oZNXc.jpg","45357","1","13","621","44661","1527"
"6658","LgVuhungphi","ADoins","https://pbs.twimg.com/profile_images/1961074035108032512/cSfHSJ5I.jpg","141996","1","13","620","71363","1528"
"5838","missozo89","ozo","https://pbs.twimg.com/profile_images/1881393178659401728/swajn-tC.jpg","186126","1","13","618","100834","1529"
"22114","Mohaddeseh61","Mohia.eth?","https://pbs.twimg.com/profile_images/1783155970916470786/pD6FTU4_.jpg","34394","1","13","617","33363","1530"
"14074","thepeengwin","AL ?? ??","https://pbs.twimg.com/profile_images/1928200077492850688/vQu2sYkB.jpg","38805","1","13","615","38129","1531"
"19397","a_o_esteban","bakkalgazi (??)","https://pbs.twimg.com/profile_images/1929880557632065536/rLQdXYpc.jpg","122490","1","13","614","17629","1532"
"555","Silvaserger","Silvaserger","https://pbs.twimg.com/profile_images/1920923536194969600/9Q8EX2bA.jpg","77385","1","13","613","47308","1533"
"21059","reaatel","echoblader","https://pbs.twimg.com/profile_images/1951761635900608512/zsyxgYGi.jpg","15314","1","13","613","14602","1534"
"1362","dotdotnfts","ShepherdIII","https://pbs.twimg.com/profile_images/1948488712452800514/XINdKIc2.jpg","86932","1","13","612","24723","1535"
"22366","mehregan080","Mehregan","https://pbs.twimg.com/profile_images/1869612781177061376/cw4gL225.jpg","16205","1","13","611","15495","1536"
"24534","Swargo4444","?????? S | TAKER","https://pbs.twimg.com/profile_images/1917503015675723776/kD7P6xMp.jpg","68251","1","13","610","63628","1537"
"8092","ouyoung11","oooooyoung(??????? ???? )","https://pbs.twimg.com/profile_images/1594556171746443264/73Q8suY_.jpg","92342","1","13","609","49058","1538"
"23016","drramzoon1","ArshaM","https://pbs.twimg.com/profile_images/1945739029938421760/YETZimyE.jpg","21577","1","13","606","20911","1539"
"15393","monivong_eth","monivong ??????(?????,?????)","https://pbs.twimg.com/profile_images/1905033130282541056/EFBudyDO.jpg","25475","1","13","604","24848","1540"
"8536","ChrisEmmanuelK1","CR??I$","https://pbs.twimg.com/profile_images/1943539994708135937/Bt7pNDKW.jpg","116557","1","13","603","60553","1541"
"22034","Ruly_jack","Jacke Shiran ARB","https://pbs.twimg.com/profile_images/1682421644789178368/2oDZhvXw.jpg","15461","1","13","601","14762","1542"
"22062","AbdullahCban","Abdullah??????????,?????","https://pbs.twimg.com/profile_images/1946137872307785729/H43nbZcS.jpg","36991","1","13","601","8192","1543"
"1769","NonFungibleBean","Beans ????","https://pbs.twimg.com/profile_images/1787014422210154496/xJJtgxT3.jpg","232178","1","13","599","44598","1544"
"22771","AmirShin74","Amir (?,G)","https://pbs.twimg.com/profile_images/1900846918902673408/TheMEJAp.jpg","20312","1","13","598","19645","1545"
"20447","RahulKu94489554","Zaym","https://pbs.twimg.com/profile_images/1720366237329600512/17f87Xo_.jpg","14992","1","13","597","14191","1546"
"9748","Precomagic1","Precomagic ?? (?,G)","https://pbs.twimg.com/profile_images/1928120321493651456/mmQMd2w_.jpg","72232","1","13","596","47109","1547"
"15944","islakwcterlii","kuzey durden","https://pbs.twimg.com/profile_images/1902700475457183744/HJrq0ozw.jpg","28423","1","13","596","27707","1548"
"21210","khodeSL","SoHeiL (?,G)","https://pbs.twimg.com/profile_images/1881449374108049408/FpxR7zoT.jpg","19321","1","13","596","18559","1549"
"22609","onurazazi2","arfelex.eth","https://pbs.twimg.com/profile_images/1952640941744967680/VxguHdpb.jpg","6264","1","13","596","5574","1550"
"4548","AkiminoIndex","AkiminoIndex","https://pbs.twimg.com/profile_images/1936892490608459776/cyZsbvGl.jpg","130597","1","13","592","40281","1551"
"2242","0xDMI_","DMI","https://pbs.twimg.com/profile_images/1844446040562286593/mPqQwx6g.jpg","63781","1","13","591","23699","1552"
"9681","deadsea0x","deadsea.lvl?? (???) ?? ?","https://pbs.twimg.com/profile_images/1962692879526305796/DINd8JyZ.jpg","67655","1","13","591","42388","1553"
"22172","Sogito14","Sogito","https://pbs.twimg.com/profile_images/1953423538079092736/oph2dLwP.jpg","12421","1","13","591","11731","1554"
"20951","09Llirik","CryptoCactus??","https://pbs.twimg.com/profile_images/1965437383920197632/3EVTVclV.jpg","16768","1","13","590","16085","1555"
"24341","hriaznovden","Denys.casper (?,G)","https://pbs.twimg.com/profile_images/1900657927792254977/kGMQrYQm.jpg","27073","1","13","590","25783","1556"
"23060","ThanhVn1417135","SheraNguyen.base.eth","https://pbs.twimg.com/profile_images/1944352480919441408/u8BRQ_Qw.jpg","35667","1","13","588","35454","1557"
"25800","Mahmuttezcan","TheTezcan??","https://pbs.twimg.com/profile_images/1958241877070589952/4mXt6kry.jpg","33174","1","13","588","32514","1558"
"4945","Rohailshahzad01","Rohail Shahzad","https://pbs.twimg.com/profile_images/1791738628512555009/S82V63YB.jpg","20014","1","13","587","14606","1559"
"23302","marfinxx","marfin","https://pbs.twimg.com/profile_images/1962398676824801280/Q4q0JfST.jpg","16579","1","13","587","15909","1560"
"6326","krypto_woelfe","Robin Wolf | YouTuber","https://pbs.twimg.com/profile_images/1953187262885150720/7JecxYei.jpg","86296","1","13","586","41411","1561"
"12203","etrouble562","etrouble","https://pbs.twimg.com/profile_images/1935580925762338816/pU1aU3yt.jpg","10473","1","13","585","10087","1562"
"23232","meow_virtual","meow.virtual","https://pbs.twimg.com/profile_images/1932435575702749184/lr9I7LqX.jpg","17650","1","13","585","17650","1563"
"8987","newton4L","0xNewton","https://pbs.twimg.com/profile_images/1937777287295905792/w8g5hgVS.jpg","18543","1","13","584","16535","1564"
"9479","mrpooria2","Pooria??","https://pbs.twimg.com/profile_images/1956470544619982848/LQ8Vwt8H.jpg","118124","1","13","584","75640","1565"
"21917","erendeneri96","erendeneri","https://pbs.twimg.com/profile_images/1933524634361548800/xLQeIs1r.jpg","22368","1","13","582","21709","1566"
"21953","denisovgp","0xGregory","https://pbs.twimg.com/profile_images/1950170937724182529/JEuEoQ9t.jpg","23796","1","13","580","21599","1567"
"9697","CrippsOl","Boheme","https://pbs.twimg.com/profile_images/1915897207187795968/HyCWhrcn.jpg","46387","1","13","577","39310","1568"
"10852","minkmink_0","Minhduck.eth | ?? ??","https://pbs.twimg.com/profile_images/1944801113489772544/7pkjb206.jpg","46371","1","13","576","45372","1569"
"20986","bobbyboy656","Bobby","https://pbs.twimg.com/profile_images/1941096945440702464/dePv_AON.jpg","14970","1","13","576","14540","1570"
"19376","Amir_rz_k","amir?","https://pbs.twimg.com/profile_images/1816520450245025792/JksTFVTp.jpg","22345","1","13","575","15567","1571"
"21276","0xhallelujah_","Hallelujah (evm/acc)","https://pbs.twimg.com/profile_images/1915308146496856068/bqCDAVn3.jpg","13422","1","13","575","12786","1572"
"22253","AlexYakovlevvv","0xAlex","https://pbs.twimg.com/profile_images/1944290902748381184/HkTCYJKp.jpg","12178","1","13","575","11506","1573"
"9173","0xmulll","??Mul???????,???","https://pbs.twimg.com/profile_images/1947786280227774464/WL5-yUz1.jpg","82182","1","13","574","53323","1574"
"16004","heymike777","Mike | heymike.sol ????","https://pbs.twimg.com/profile_images/1891127388647342080/kGjLJz57.jpg","21113","1","13","574","20507","1575"
"22327","EdvinsG","EdvinsG ???? badplayz.eth ??,??","https://pbs.twimg.com/profile_images/1884282496398786560/TpgVL6OD.jpg","10770","1","13","574","10272","1576"
"18663","MrV_777","Mr V","https://pbs.twimg.com/profile_images/1699863166539427840/SMK2yhDe.png","48056","1","13","573","8333","1577"
"16026","LaGamercitaNFT","Gamercita","https://pbs.twimg.com/profile_images/1945905737990889473/tF-zQgPK.jpg","69549","1","13","572","68360","1578"
"17790","PaulB90063338","paulnty","https://pbs.twimg.com/profile_images/1952548136939048960/sYdKddlk.jpg","20672","1","13","572","20067","1579"
"8982","Ron17314593696","CryptoRon","https://pbs.twimg.com/profile_images/1946702159728295937/5LoIfkNu.jpg","63877","1","13","571","16989","1580"
"8107","XMnftt","????","https://pbs.twimg.com/profile_images/1941435349667840000/8Rviteyn.jpg","123445","1","13","566","40118","1581"
"6494","capital_3x","3x Capital","https://pbs.twimg.com/profile_images/1828437156395626497/dnF_rCfY.jpg","88445","1","13","565","16683","1582"
"23817","bladevsworld","blade ?? ???","https://pbs.twimg.com/profile_images/1945062877502611456/e7AzP8PH.jpg","14823","1","13","563","14163","1583"
"8512","Baisircrypto","Mr.Bai ??? $M | ??","https://pbs.twimg.com/profile_images/1945870552746618880/lHl1SQIc.png","94941","1","13","560","53797","1584"
"1808","notsofast","notsofast","https://pbs.twimg.com/profile_images/1893998683089215488/jyu0ulIF.png","171995","1","13","559","14386","1585"
"23986","vitaminbuterinn","vitaminbuterinn","https://pbs.twimg.com/profile_images/1903963544653295616/PDuEYj-W.jpg","7553","1","13","559","6889","1586"
"19311","killhann","KILL","https://pbs.twimg.com/profile_images/1882833971391959040/QoyeVt86.jpg","14753","1","13","556","14597","1587"
"20985","cryptojourney65","CryptoJourney","https://pbs.twimg.com/profile_images/1962200761724489728/YVhbUS9W.jpg","9338","1","13","552","8900","1588"
"23821","MahbobeRah55830","Mahbobe Rah ??","https://pbs.twimg.com/profile_images/1943742732872060928/tRovO_zO.jpg","17247","1","13","550","16601","1589"
"24059","siavashlatifi63","siavashlatifi","https://pbs.twimg.com/profile_images/1948109505608175616/wOCzJfs5.jpg","10299","1","13","550","9658","1590"
"24689","Ulaskurtuluss","U.K.ink (?,?)","https://pbs.twimg.com/profile_images/1930138754439626752/NmoEl6S5.jpg","17240","1","13","550","16616","1591"
"6541","0xKnownxd","Known Xd","https://pbs.twimg.com/profile_images/1963505844039135232/xxzeD4A3.jpg","111785","1","13","549","52865","1592"
"20020","andri_rizz","Andrea","https://pbs.twimg.com/profile_images/1939574319287320576/KJGUf4in.jpg","11461","1","13","546","10903","1593"
"22735","agilamorph","agila.base.eth(?,?)(?,G)Reddio","https://pbs.twimg.com/profile_images/1946952549837205504/4ipUeGn9.jpg","32608","1","13","546","24057","1594"
"4840","spencerdoteth","Spencer","https://pbs.twimg.com/profile_images/1939116131962191872/Sk9Aaxfi.jpg","95728","1","13","543","89048","1595"
"10610","_brentalexander","dancerr","https://pbs.twimg.com/profile_images/1892829807576010752/i4AewNXJ.jpg","41007","1","13","543","30066","1596"
"26551","herman_m8","Matys","https://pbs.twimg.com/profile_images/1879059214162685952/c19j8j_2.jpg","42706","1","13","541","42094","1597"
"12522","_twolight","twolight","https://pbs.twimg.com/profile_images/1954277437824798720/ypakncN5.jpg","15657","1","13","540","15084","1598"
"9705","aaiscoocking","Rez","https://pbs.twimg.com/profile_images/1965826132197912576/pz3x-wvt.jpg","52313","1","13","539","51110","1599"
"12755","akay8372","meliodas","https://pbs.twimg.com/profile_images/1945565317805096960/-H2gv3_Y.jpg","45002","1","13","538","41140","1600"
"13231","Virtusss18","Virtus.ink??","https://pbs.twimg.com/profile_images/1904970782649794560/3pG8Ds8Q.png","32160","1","13","538","31590","1601"
"19100","0xAngelbeast","Angelbeast","https://pbs.twimg.com/profile_images/1962798754018598912/XUHxeFuJ.jpg","25929","1","13","535","25324","1602"
"4001","yawaradoteth","Yawara","https://pbs.twimg.com/profile_images/1942090408110297088/rFcfgHzk.jpg","162083","1","13","534","60613","1603"
"15692","GMcryptodarcy","Darcy","https://pbs.twimg.com/profile_images/1758021167603146752/mC8FSl1V.jpg","27649","1","13","534","27083","1604"
"26959","Highlight_Cl","Mahmoud","https://pbs.twimg.com/profile_images/1963892528312197120/ZLANX4dz.jpg","122407","1","13","533","82134","1605"
"9177","baishaozu","???","https://pbs.twimg.com/profile_images/1908840788462845952/GEIKmJdH.jpg","62118","1","13","531","32884","1606"
"23637","0xoldboy","0xoldboy","https://pbs.twimg.com/profile_images/1943606537630396416/SxFF0yyd.jpg","28018","1","13","528","27419","1607"
"13731","callmeaoyama","Aoyama Choji","https://pbs.twimg.com/profile_images/1952957470609162244/5ihqVxDT.jpg","44033","1","13","526","44033","1608"
"9939","CryptoHindiO","Harsha Vardhan","https://pbs.twimg.com/profile_images/1933749872798404608/p0wWt7oP.jpg","31482","1","13","525","28479","1609"
"30460","Zhash991","Zhash","https://pbs.twimg.com/profile_images/1913751785975488512/Gr5agy2J.jpg","1792","1","13","522","1792","1610"
"1694","joshisskimming","p?ligas?? Building Alkanes","https://pbs.twimg.com/profile_images/1898061150702780418/xZi8EFxP.jpg","32350","1","13","521","20998","1611"
"16943","ProFiTFinance07","bluelotus99 ?????,???? Anomage?","https://pbs.twimg.com/profile_images/1919871582169939968/E7hTQxKU.jpg","28826","1","13","521","25983","1612"
"23196","Marzieh_Omidfar","0XMarzi","https://pbs.twimg.com/profile_images/1963883476790173696/M52Toefd.png","25244","1","13","521","20631","1613"
"8360","andypiggie","Piggie ??|Bird??????? $FF","https://pbs.twimg.com/profile_images/1931131903710822400/HTlclqUb.jpg","79167","1","13","517","48963","1614"
"24556","_Fantom23","Fantom23 $RVV?||? DeSpeed ?||? ??,?? | ??rAI ??","https://pbs.twimg.com/profile_images/1889620199717969920/BmJOMkuS.jpg","9008","1","13","517","8421","1615"
"6657","justAdeoniye","Niye","https://pbs.twimg.com/profile_images/1823990441617891328/HoCHBX54.jpg","93957","1","13","515","56990","1616"
"16778","testnetnodes","Testnetnodes (?,?)","https://pbs.twimg.com/profile_images/1920254242142498816/KcgBOjA5.jpg","35747","1","13","515","19697","1617"
"29089","sufidyanov","Sufidyanov.eth","https://pbs.twimg.com/profile_images/1876356653295001600/6_whMspa.jpg","4096","1","13","515","4096","1618"
"20982","dimamachine1337","dimamachine.eth","https://pbs.twimg.com/profile_images/1935684855762698240/7ZpxcpER.jpg","58184","1","13","514","57536","1619"
"24936","asra2465","Asra.","https://pbs.twimg.com/profile_images/1939598024830783488/khVJRrq_.jpg","23254","1","13","514","16296","1620"
"10613","grumpypickle","sassypantsninja.moca ??","https://pbs.twimg.com/profile_images/1966879730013270019/ZODZc-ez.jpg","44461","1","13","513","43241","1621"
"7625","rrifa01","0xasif.eth","https://pbs.twimg.com/profile_images/1947363270211604480/2ZvhKOxN.jpg","113608","1","13","509","59129","1622"
"11760","Coronita877","Coronita","https://pbs.twimg.com/profile_images/1923554519150997504/QbeKBoIX.jpg","132993","1","13","509","132432","1623"
"2298","0xAlexjultz","Alex | ?:","https://pbs.twimg.com/profile_images/1891038921959567360/fdPcZbLp.jpg","263296","1","13","508","117696","1624"
"5240","Web3NAPP","NAPP.eth","https://pbs.twimg.com/profile_images/1966982570056339456/Kogc9A-n.jpg","206009","1","13","508","73586","1625"
"2288","MuazXinthi","| ???? | (?,G) ???? ??","https://pbs.twimg.com/profile_images/1938003336667500544/ZvgLQxWJ.png","232171","1","13","503","27414","1626"
"17245","Cryptophileee","Cryptophile","https://pbs.twimg.com/profile_images/1684144237418369024/51KaJZzA.jpg","55612","1","13","503","43988","1627"
"19400","bbotakkkk","BOTAKEL","https://pbs.twimg.com/profile_images/1906801158053859328/uPXO_1z5.jpg","7428","1","13","501","6839","1628"
"13821","Majeeednft","Majeeed ??","https://pbs.twimg.com/profile_images/1850944973472174080/c5ZC0ayS.jpg","53736","1","13","499","51547","1629"
"22482","solcayeth","solcay","https://pbs.twimg.com/profile_images/1948487704531927041/2sFKRzi_.jpg","9503","1","13","499","8922","1630"
"4467","iambbrone","Broshi","https://pbs.twimg.com/profile_images/1918538580273803264/0mn4KaeW.jpg","36994","1","13","498","28577","1631"
"23417","rahim1370219","Rahim","https://pbs.twimg.com/profile_images/1948659064554000384/UCEWO0se.jpg","10434","1","13","494","9759","1632"
"24396","0x99998","sagala","https://pbs.twimg.com/profile_images/1857151363295444992/27IBUApD.jpg","17135","1","13","494","16578","1633"
"32556","aprender_bolsa","James | BPP??","https://pbs.twimg.com/profile_images/1767953946528882688/1hy1-9b3.jpg","494","1","13","494","494","1634"
"28789","justavlad","Vlad ????","https://pbs.twimg.com/profile_images/1907931305423130624/chF8h2K2.jpg","5979","1","13","493","5979","1635"
"19430","web3nani","Honey","https://pbs.twimg.com/profile_images/1947924703374675970/4QQ9cj6H.jpg","65962","1","13","492","65182","1636"
"24466","Kosstes0001","Konstantin Carpe diem","https://pbs.twimg.com/profile_images/1360697562878128130/SDpXmRmc.jpg","8869","1","13","492","8869","1637"
"10271","baimao_18CM","????","https://pbs.twimg.com/profile_images/1914934484266586112/N2-Iv7hY.jpg","34929","1","13","491","12194","1638"
"25697","Rezzi_sol","Rezzi","https://pbs.twimg.com/profile_images/1967119632705196032/EiZSRzby.jpg","22783","1","13","491","22230","1639"
"12314","xinyunfu1","Shallow ?? Sign ?? ??","https://pbs.twimg.com/profile_images/1867268895486410752/8MdwBr8h.jpg","32496","1","13","490","32496","1640"
"18590","Dabudda17","Dabudda | KIND","https://pbs.twimg.com/profile_images/1746904688253935616/uZHRhfL8.jpg","26230","1","13","490","25670","1641"
"11003","isaac_inya","Kingvalze.eth","https://pbs.twimg.com/profile_images/1950053542296686593/FmE_1EyE.jpg","30753","1","13","489","30555","1642"
"18957","nullstake","nullstake","https://pbs.twimg.com/profile_images/1957657901549662208/KmtXNhTf.jpg","27670","1","13","489","27149","1643"
"23620","AloneKi24285567","Ozzi.ano ?????,?????","https://pbs.twimg.com/profile_images/1966573844757413888/o4qTI9a1.jpg","7833","1","13","488","7284","1644"
"25578","nikoo_name","Hamraz(??,??)","https://pbs.twimg.com/profile_images/1949545331785375744/Gh3kIN5J.jpg","8255","1","13","487","7684","1645"
"21044","y_tolep","YTolep ??","https://pbs.twimg.com/profile_images/1891211835099017216/0cNHpOaA.jpg","101864","1","13","486","101420","1646"
"25899","rafl_ink","rafl.ink","https://pbs.twimg.com/profile_images/1957070993941233664/Ee37wZf5.png","11437","1","13","486","10969","1647"
"14013","Prometheus100x","Prometheus ?? Alkamon Trainer","https://pbs.twimg.com/profile_images/1707935703131205632/ldoYFqhC.jpg","25310","1","13","485","24794","1648"
"15963","kaplanLS","kaplanLS","https://pbs.twimg.com/profile_images/1959634472552329216/qbwcuhMc.jpg","17206","1","13","485","16660","1649"
"14877","Peri_83","Peri_","https://pbs.twimg.com/profile_images/1827762850632179712/CcYcoYqn.jpg","15368","1","13","484","14831","1650"
"30374","0xMlocker","Mlocker.eth","https://pbs.twimg.com/profile_images/1904642886437617664/1Hk01L-r.jpg","985","1","13","483","483","1651"
"17449","Kentmurphy00","0xKent (???)","https://pbs.twimg.com/profile_images/1964583959192297472/3eTe2O10.jpg","32014","1","13","482","31472","1652"
"31751","DeStikSsS","DeStikSsS (?,?)","https://pbs.twimg.com/profile_images/1832860551417937920/GRhsWXo3.jpg","478","1","13","478","478","1653"
"6117","2ez4_takagi","takagi^","https://pbs.twimg.com/profile_images/1886115631755644928/ttOIG8CC.jpg","67338","1","13","475","54526","1654"
"9742","Juz_eN","JuzeN","https://pbs.twimg.com/profile_images/1857376032376168448/Jup9WTBa.jpg","33979","1","13","475","32157","1655"
"11755","ay0the4th","zaheer ? (?,?)","https://pbs.twimg.com/profile_images/1877100249778356224/2HEken-M.jpg","37293","1","13","475","37293","1656"
"7994","catqpx","CaTQ","https://pbs.twimg.com/profile_images/1870542200490356736/LOEE97LN.jpg","90379","1","13","473","33275","1657"
"28053","barcoguidoo","flex","https://pbs.twimg.com/profile_images/1946093005183803392/3vEOI6xq.jpg","2656","1","13","473","2256","1658"
"1618","osamafaheemm","Osamafaheemm??","https://pbs.twimg.com/profile_images/1953104602460557312/nVAku5ae.jpg","481452","1","13","472","118855","1659"
"3933","frans6cur","Fran.Cisca (?,?)","https://pbs.twimg.com/profile_images/1962294375213400065/tJ4gZ7A-.jpg","184281","1","13","471","60128","1660"
"12572","lenioneall","Lenione","https://pbs.twimg.com/profile_images/1952334462433288192/HFKOU7Wl.jpg","32514","1","13","471","32038","1661"
"8680","SnailPrincessCh","Putri Keong (?,?)","https://pbs.twimg.com/profile_images/1799316028369096705/Kq60i3N9.jpg","117443","1","13","468","63138","1662"
"26147","x_xskn","Sava ??","https://pbs.twimg.com/profile_images/1945195764918951936/rwZcsUCA.jpg","13398","1","13","468","12874","1663"
"8060","Jy118888","JY | Bird??? $M | ??","https://pbs.twimg.com/profile_images/1967634232219697152/YxE621TH.jpg","110840","1","13","467","46750","1664"
"9145","RogerYangPing","??Johnnyroger | ????","https://pbs.twimg.com/profile_images/1948404435501383680/rddlzJja.jpg","67214","1","13","466","39939","1665"
"25381","Swindle966","??????????????","https://pbs.twimg.com/profile_images/1952450242252537856/276J_0aA.jpg","11661","1","13","466","11130","1666"
"24621","hosein__ghavam","1.eth ?? ?????,?????","https://pbs.twimg.com/profile_images/1966002549015601153/bXZfadfW.jpg","6646","1","13","465","6129","1667"
"31013","SanichVlad","Vladi? ??/acc ????","https://pbs.twimg.com/profile_images/1795735164779171840/3vkMn-bK.jpg","6141","1","13","465","3190","1668"
"6192","7Jai7","Jai","https://pbs.twimg.com/profile_images/1691375279925841920/fz873vT4.jpg","85663","1","13","464","28153","1669"
"27514","Shozef92457","shozef","https://pbs.twimg.com/profile_images/1956442664993263616/sbVE_12J.jpg","27350","1","13","464","27350","1670"
"1894","Chewie_xo","Chewie","https://pbs.twimg.com/profile_images/1963506807055241216/06rbYt__.jpg","217517","1","13","462","6360","1671"
"17632","Coinstampp","CoinStamp","https://pbs.twimg.com/profile_images/1937935906566012928/8txgYcQO.jpg","54211","1","13","462","46949","1672"
"21954","Nazisd_eth","Nazisd.eth","https://pbs.twimg.com/profile_images/1792347399135907840/yV2cT-ic.jpg","21783","1","13","461","21262","1673"
"9500","0x__Step","step","https://pbs.twimg.com/profile_images/1923819428149411840/osBNEop0.jpg","62746","1","13","460","57667","1674"
"8929","candyy2018","Candy?????? $FF","https://pbs.twimg.com/profile_images/1911473670007996416/V22Z9fOm.jpg","64464","1","13","459","19402","1675"
"8901","Jun666Xx","???????","https://pbs.twimg.com/profile_images/1944625444776521728/gDYXMvkT.jpg","141557","1","13","458","89632","1676"
"19142","Deg3n3ro2","f(Deg3n3ro) |Tabi ??| (?,?)","https://pbs.twimg.com/profile_images/1650226263494148096/6zb89jLo.jpg","3052","1","13","458","2642","1677"
"4483","btcking90","pepedememeci.btc","https://pbs.twimg.com/profile_images/1904152777636388864/aZ_gHFMR.jpg","236913","1","13","457","108144","1678"
"26679","cryptamurai","Cryptamurai","https://pbs.twimg.com/profile_images/1822070240316157953/lst_Kssi.jpg","2331","1","13","457","1758","1679"
"2291","i_amtan","iamtan","https://pbs.twimg.com/profile_images/1913974896998133760/HqZP5rq2.jpg","315157","1","13","455","95018","1680"
"4377","flb_xyz","FLB","https://pbs.twimg.com/profile_images/1883229281699979264/dHIvY1R5.jpg","75022","1","13","454","24814","1681"
"3996","0xmarcov_","marcov","https://pbs.twimg.com/profile_images/1968400111408406529/ZbxLVG4A.jpg","113919","1","13","453","25302","1682"
"16763","jp_kwatrokantos","kwatro kantos(??,??)","https://pbs.twimg.com/profile_images/1937256538579828738/M8-d3mO1.jpg","21599","1","13","453","21599","1683"
"26447","mas1ena","mas1ena ?? ?","https://pbs.twimg.com/profile_images/1958642413515284480/veH7j1gr.jpg","6248","1","13","453","453","1684"
"12665","ausdemaus","ausdemaus","https://pbs.twimg.com/profile_images/1897990916666748928/XE2F66Hx.jpg","30481","1","13","452","30001","1685"
"28939","polezaevroman","Roman Polezhaiev |","https://pbs.twimg.com/profile_images/1931440302205648896/a-sfARRi.jpg","55656","1","13","452","55441","1686"
"7064","420sahara","Sahara","https://pbs.twimg.com/profile_images/1920803157875322885/NRM-l46Q.jpg","17779","1","13","450","13732","1687"
"4107","Ninja69_Sol","Ninja","https://pbs.twimg.com/profile_images/1636713770453008385/tQXnGVpW.jpg","105723","1","13","449","25642","1688"
"22648","logscry","Moree.","https://pbs.twimg.com/profile_images/1821916571167813635/-bX6cHSg.jpg","7041","1","13","449","6490","1689"
"26600","Lianatyn","LIA","https://pbs.twimg.com/profile_images/1959394119618277377/ANG-G5Ca.jpg","5546","1","13","449","5059","1690"
"18768","sara__sn_","sara","https://pbs.twimg.com/profile_images/1963670645448888320/4PZ-vWyE.jpg","33507","1","13","448","28967","1691"
"11166","KysooG","Kyso","https://pbs.twimg.com/profile_images/1929514743813058560/_OJD6x8I.jpg","47443","1","13","447","39782","1692"
"22665","Starling_Spell","Star??????? ??","https://pbs.twimg.com/profile_images/1938953744495923200/HoYEqgIp.jpg","20403","1","13","447","19887","1693"
"21883","Ex10Ded","A.E. (?,G).ink","https://pbs.twimg.com/profile_images/1965008108511531008/j3wm4idy.jpg","15156","1","13","443","14640","1694"
"15892","Alloy_0110","Alloy0110?????","https://pbs.twimg.com/profile_images/1967382429984776192/k0nA4KY0.jpg","41392","1","13","442","40917","1695"
"22611","Plexxy12","Plexxy","https://pbs.twimg.com/profile_images/1929707345195552768/vS0ZA0ef.jpg","81628","1","13","442","81132","1696"
"5072","The_sugargirl","sugargirl.sats ??","https://pbs.twimg.com/profile_images/1688641947160674304/8Bh8gfmo.jpg","350747","1","13","441","17516","1697"
"24120","Magicianafk","Mushahid","https://pbs.twimg.com/profile_images/1890156495402332165/ZFOVM-Ra.jpg","21482","1","13","441","11758","1698"
"28417","d_bondar","Den Bond","https://pbs.twimg.com/profile_images/1944086940812222464/13dykH4b.jpg","8497","1","13","441","5444","1699"
"24226","bodkia22","bodeth","https://pbs.twimg.com/profile_images/1866459243596914688/mKo2utHR.jpg","67770","1","13","440","67770","1700"
"25829","kislimisli","misli","https://pbs.twimg.com/profile_images/1965496081770573824/4xOZoNa5.jpg","920","1","13","440","920","1701"
"13632","_SymphonySong","?K???? $FF","https://pbs.twimg.com/profile_images/1935568942002499584/IOWNwEkg.jpg","38839","1","13","439","38839","1702"
"16515","missoka247898","miss.oka ?????,?????","https://pbs.twimg.com/profile_images/1937962842029731840/eynRuPkS.jpg","17396","1","13","439","17396","1703"
"17605","Thakshila2000","Lucifer","https://pbs.twimg.com/profile_images/1874547754866806784/lnU-Zkm6.jpg","19723","1","13","438","19220","1704"
"28103","1gorrb","Igorrb (mainnet arc)","https://pbs.twimg.com/profile_images/1955728112567603206/tRPNhB4J.jpg","30617","1","13","438","26184","1705"
"22674","febarce_DeFi","febarce | DeFi","https://pbs.twimg.com/profile_images/1956409157168312321/M3lIDzoG.jpg","4464","1","13","437","4464","1706"
"4518","redmartinii_","R?D","https://pbs.twimg.com/profile_images/1950445305109106688/MWOt2J2w.jpg","123378","1","13","436","24603","1707"
"19179","0xTGO","O?I? ??","https://pbs.twimg.com/profile_images/1964395985817251840/rVySh-vX.jpg","19443","1","13","436","18543","1708"
"6204","mdecaeth","mdc","https://pbs.twimg.com/profile_images/1964634941599186944/RQD-LsW0.jpg","199244","1","13","435","78574","1709"
"4245","0xlykt","lykt.hl","https://pbs.twimg.com/profile_images/1882349987964825600/dGgAxZo_.jpg","113257","1","13","434","72396","1710"
"15280","jennynguyen68_","Jenny Nguyen","https://pbs.twimg.com/profile_images/1889984055867006977/w8y93XM2.jpg","24164","1","13","434","23745","1711"
"11407","CryptoboyTN","CryptoboyTN $GOD","https://pbs.twimg.com/profile_images/1588099833583149056/pLyHuxHS.jpg","10925","1","13","432","10300","1712"
"10333","4u_noname","legosats","https://pbs.twimg.com/profile_images/1962872378335318016/-XmhvUC2.jpg","74434","1","13","431","62589","1713"
"22687","FinanceGuy656","Finance Guy","https://pbs.twimg.com/profile_images/1818358260728053760/ifKZvioi.png","10760","1","13","431","10480","1714"
"16029","sinavkk","Sinavk Alpha?","https://pbs.twimg.com/profile_images/1864273813560598529/YW1Jgg7o.jpg","6633","1","13","430","6633","1715"
"8827","10000BRC","??.eth ?? ?? $FF","https://pbs.twimg.com/profile_images/1966557867785547777/1BIjYWfY.jpg","100434","1","13","429","49966","1716"
"21829","dzherommo","dzherommo | GoH","https://pbs.twimg.com/profile_images/1920722268377763840/AHsKg88j.jpg","116955","1","13","429","107009","1717"
"30506","skyyyc1e","skyyyc1e","https://pbs.twimg.com/profile_images/1573321778151280640/EzqJzGMo.jpg","3866","1","13","429","3866","1718"
"8205","superogers1","Superogers/?????","https://pbs.twimg.com/profile_images/1512628393728421890/35CHUl_0.png","74881","1","13","428","26156","1719"
"9158","ghozi_nurs","GGOzzY","https://pbs.twimg.com/profile_images/1965381091776503808/yAOjKYey.jpg","10780","1","13","428","6919","1720"
"14543","radtanapan","Radtanapan | BIP-420 ??","https://pbs.twimg.com/profile_images/1962410035683979264/GfwKjYPR.jpg","19684","1","13","428","7779","1721"
"31796","Sabrina94729","Ksu ?? ??","https://pbs.twimg.com/profile_images/1848728808267841536/V271Snph.jpg","683","1","13","426","426","1722"
"18676","dunik_7","dunik","https://pbs.twimg.com/profile_images/1874783436910571520/sHivdIrK.jpg","20277","1","13","425","19794","1723"
"15069","1sn4o","TOM","https://pbs.twimg.com/profile_images/1955534461724135425/5QyhmO4p.jpg","14104","1","13","424","14104","1724"
"22910","flyastronout","astronot","https://pbs.twimg.com/profile_images/1909056090459021312/EmDoRJHc.jpg","19851","1","13","424","19851","1725"
"25237","obito2396","Obito","https://pbs.twimg.com/profile_images/1961802159508307969/RmxqkbEy.jpg","29796","1","13","424","29296","1726"
"29443","Mrho3in1sti","0xho3in(?,?)(3/3)","https://pbs.twimg.com/profile_images/1939774572598808576/KuG1xtiL.jpg","4280","1","13","418","3889","1727"
"4756","lia_rocks888","Lia","https://pbs.twimg.com/profile_images/1912578172161294336/0cvPK0gX.jpg","263619","1","13","417","56390","1728"
"10139","oztrkarif09","Arif","https://pbs.twimg.com/profile_images/1945453295872442368/rANwdXzm.jpg","57426","1","13","417","37824","1729"
"14389","drawknifee","Drawknife ??? ??","https://pbs.twimg.com/profile_images/1704057140900442112/FlagC-Q4.jpg","19799","1","13","417","17644","1730"
"27995","pseryte","Pseryte","https://pbs.twimg.com/profile_images/1850502752713035776/ScOxL06j.jpg","417","1","13","417","417","1731"
"10504","bruce_glt","Bruce.Ron","https://pbs.twimg.com/profile_images/1956779758722887680/pCbgRXEK.jpg","25629","1","13","416","20634","1732"
"25915","Austimandalassu","??whynotdcash.hl","https://pbs.twimg.com/profile_images/1565835161404571649/DyuqwRje.jpg","34447","1","13","416","26393","1733"
"30852","RupeshKethavath","0xrupesh.eth","https://pbs.twimg.com/profile_images/1884648723390881792/XRXehWaW.jpg","416","1","13","416","416","1734"
"26740","nabi_sarvi","NabiYok??","https://pbs.twimg.com/profile_images/1953123384755130368/iNuAIlUl.jpg","952","1","13","415","668","1735"
"25968","dess_crypt0","dess","https://pbs.twimg.com/profile_images/1923486504573177856/gJage3bZ.jpg","10344","1","13","414","9860","1736"
"16202","Salimalitiko7","Salimalitiko","https://pbs.twimg.com/profile_images/1953197569577811968/1JyJwhdG.jpg","16835","1","13","413","16264","1737"
"30976","_qatqa","qatqa","https://pbs.twimg.com/profile_images/1959612901347528704/odt7Q71T.jpg","1453","1","13","413","413","1738"
"31791","cotscorp","??????","https://pbs.twimg.com/profile_images/1590455679713681410/rr17MmUt.jpg","413","1","13","413","413","1739"
"26010","gungner200","Gungner","https://pbs.twimg.com/profile_images/1922533183637139456/o5UIvAzq.jpg","1161","1","13","412","1161","1740"
"15258","Honey_Money35","Honey_Money","https://pbs.twimg.com/profile_images/1641784348822196225/pMl6OY10.jpg","43127","1","13","411","42684","1741"
"27738","mavibulut666","oktay","https://pbs.twimg.com/profile_images/1943373026579320832/Vz28PWQ5.jpg","2269","1","13","411","2269","1742"
"31229","Solboy_s","S??Levoy ?????","https://pbs.twimg.com/profile_images/1864065409353175040/x8dhfR3w.jpg","2456","1","13","411","2456","1743"
"31621","OnEnergy4","Energy agent.hl","https://pbs.twimg.com/profile_images/1965472715185274880/jzCqFdq_.jpg","1944","1","13","411","1944","1744"
"32582","AltcoinSatoshi","Altcoin Satoshi | TOKEN","https://pbs.twimg.com/profile_images/1457452680822067208/FurQsJFa.jpg","829","1","13","411","411","1745"
"3316","Sonoflasg","SonOfLasG ???????","https://pbs.twimg.com/profile_images/1966726583332556800/1idjNF7q.jpg","144773","1","13","410","62918","1746"
"15880","AH_Fomo","AH","https://pbs.twimg.com/profile_images/1741422418177245184/GcHdPzIf.jpg","20024","1","13","410","19583","1747"
"17127","deepe_eth","deepe","https://pbs.twimg.com/profile_images/1854750582063415300/rxBxFigH.jpg","685","1","13","410","685","1748"
"30263","hamedaslani133","gold man","https://pbs.twimg.com/profile_images/1491043413680078848/yJ3RDOY4.jpg","410","1","13","410","410","1749"
"31194","ElhamLhamsadr81","elhamsadr/ (?,?)","https://pbs.twimg.com/profile_images/1954134559693422592/gOWpIE_6.jpg","630","1","13","410","410","1750"
"31427","0xmusah","musa(???)","https://pbs.twimg.com/profile_images/1811148501646213120/q-KBLqat.jpg","834","1","13","410","410","1751"
"3592","MrningSt4rPrinc","MorningStar","https://pbs.twimg.com/profile_images/1895391509693784064/3AHTEf94.jpg","216258","1","13","409","90720","1752"
"30289","fenomen171","FeNomeN????","https://pbs.twimg.com/profile_images/1944830107526303744/_MDRA1id.jpg","4177","1","13","409","4177","1753"
"31481","LuckOnaT","ManCeR (?,?)","https://pbs.twimg.com/profile_images/1662478154760589312/vKjoLlQL.jpg","409","1","13","409","409","1754"
"28761","0xValentinX","vX","https://pbs.twimg.com/profile_images/1950990646774321153/ekDw8QX8.jpg","2205","1","13","408","2205","1755"
"29142","0xairdropfarmer","?????0xAirdropFarmer","https://pbs.twimg.com/profile_images/1946507525836152832/RaFBPHLe.jpg","3952","1","13","408","3146","1756"
"13012","Mrsnowlink","Mr snow - Based","https://pbs.twimg.com/profile_images/1878103358785081344/yhpNr5gG.jpg","18686","1","13","407","17755","1757"
"16013","qvu5203","jackvu??","https://pbs.twimg.com/profile_images/1941722809090113536/ucOBqEXg.jpg","13791","1","13","407","13353","1758"
"30784","stakeados","Stakeados","https://pbs.twimg.com/profile_images/1436744467369840646/zS8Jq1GE.jpg","407","1","13","407","407","1759"
"31980","NostromoGgunn","Nostromo (?,?)","https://pbs.twimg.com/profile_images/1958420544761577472/I5ZYQzpx.jpg","4327","1","13","407","407","1760"
"6966","inside_the_b","inside_the_b","https://pbs.twimg.com/profile_images/1408767611836395524/EntTA0a3.jpg","85507","1","13","406","48215","1761"
"30535","SebonPoint","SebOnPoint","https://pbs.twimg.com/profile_images/1962786341965410304/v0df7Flx.jpg","4365","1","13","406","1813","1762"
"3066","Therec87","Therec","https://pbs.twimg.com/profile_images/1893410127589580802/6PIFel7H.jpg","92455","1","13","405","18515","1763"
"19204","_mofisayo","T?? ???? F????? ??????","https://pbs.twimg.com/profile_images/1786147052344262656/WOurpgGZ.jpg","12763","1","13","405","7345","1764"
"24343","SherhanEth","Sherhan.eth {??}","https://pbs.twimg.com/profile_images/1795340851255619584/ONZQeXwW.jpg","16894","1","13","405","16420","1765"
"26115","G1avius","Glavius Maximus ??","https://pbs.twimg.com/profile_images/1960665184235630592/VeVpAq1O.jpg","6892","1","13","405","6892","1766"
"31038","suryanpillai","arya","https://pbs.twimg.com/profile_images/944374293760114688/VSgel5n-.jpg","405","1","13","405","405","1767"
"30693","0xmjqarai","mohamad javad","https://pbs.twimg.com/profile_images/1968185590781796352/uxlEXxv0.jpg","403","1","13","403","403","1768"
"24267","axe123111","nexyai.io Axe","https://pbs.twimg.com/profile_images/1923024851704692736/0uiYRShp.jpg","664","1","13","402","664","1769"
"28106","sekret_off","GabrielSosa","https://pbs.twimg.com/profile_images/1935738689486741504/qWnMD1MP.jpg","28157","1","13","402","27665","1770"
"31049","aryef93","aryef93|??,??","https://pbs.twimg.com/profile_images/1937724018259558400/jWOw_w0a.jpg","402","1","13","402","402","1771"
"31425","user_31425","oguzhany.eth","https://app.ethos.network/avatar/blockie/0xD9Fc7Cfc790E70Fd078Fb4b1EF6278C37db5F820","402","1","13","402","402","1772"
"12228","zkglsync","sync(?,G)???? $BARD","https://pbs.twimg.com/profile_images/1930515478461714432/BdNhs1gp.jpg","43862","1","13","401","43381","1773"
"27642","gregcardo","Cardo ?? ?? ? ??","https://pbs.twimg.com/profile_images/1647513760725184512/IkMqFIcb.jpg","401","1","13","401","401","1774"
"31154","cisiskrayst","Cisiskrayst","https://pbs.twimg.com/profile_images/1925909275911557120/ggCYgZ0b.jpg","401","1","13","401","401","1775"
"3662","gobelz_","gobelz ?? $MIM","https://pbs.twimg.com/profile_images/1816452259103789056/csUh32yk.jpg","319994","1","13","400","101589","1776"
"4389","LynnWinthrope","Shinnie","https://pbs.twimg.com/profile_images/1864307185859350537/rBQOB3OZ.jpg","93193","1","13","400","25186","1777"
"7433","SilenceDudeGrow","Silence Dude","https://pbs.twimg.com/profile_images/1909315838714183680/HXgf0EMS.jpg","76289","1","13","400","11656","1778"
"19864","0xNovadust","Novadust ??","https://pbs.twimg.com/profile_images/1919399118448762881/pjXLBqfY.jpg","5097","1","13","400","1104","1779"
"24564","osmy01","osmy","https://pbs.twimg.com/profile_images/1950314006826086401/kkF_Vt74.jpg","5155","1","13","400","5155","1780"
"26516","str_saeedeh","nikan .base.eth ?IP?(?,?) ?????,????? .ink? T?NSSI","https://pbs.twimg.com/profile_images/1963650630343692288/r1TIMDqc.jpg","525","1","13","400","525","1781"
"27637","FatahianHamed","websky (?,?) base.eth ??","https://pbs.twimg.com/profile_images/1771643602684325888/9PVNWsBp.jpg","400","1","13","400","400","1782"
"30800","shotrokN","shotrokN","https://pbs.twimg.com/profile_images/1964659103390736384/lAnnoZxk.jpg","400","1","13","400","400","1783"
"31744","AliskaCrypto","Elis ??","https://pbs.twimg.com/profile_images/1950876908511469568/1Qqp7gBs.jpg","2033","1","13","400","400","1784"
"17065","donglaochoicoin","??ng L?o Ch?i Coin ????","https://pbs.twimg.com/profile_images/1913620425218928641/NoJf8PTb.jpg","18572","1","13","399","18142","1785"
"32054","user_32054","rasali.eth","https://app.ethos.network/avatar/blockie/0x2D2a8cEe8113a969f2e3fC55922c42497fcC2519","399","1","13","399","399","1786"
"16798","ketoprakmateng","Tieknoww?","https://pbs.twimg.com/profile_images/1928495472290967555/JqXK97kT.jpg","17226","1","13","398","16796","1787"
"24152","imduchuyyy","imduchuyyy","https://pbs.twimg.com/profile_images/1943172649615790081/YCWhtU7D.jpg","404","1","13","398","404","1788"
"27047","Viroo1991","Viktor Ro","https://pbs.twimg.com/profile_images/1925060114744279040/V8pUIMK1.jpg","398","1","13","398","398","1789"
"27565","shlepozavrik","SHLEPOZAVRIK","https://pbs.twimg.com/profile_images/1436962826103500805/JMZqS9EH.jpg","14019","1","13","398","4803","1790"
"31892","ktoto168","kto-to","https://pbs.twimg.com/profile_images/1965488555884720128/dHA7i5lp.jpg","398","1","13","398","398","1791"
"31899","0xLetitbe","Let it be ????(?,G)","https://pbs.twimg.com/profile_images/1594733066076962821/HKUAv_PX.jpg","10292","1","13","398","398","1792"
"26470","0xkimia","kimi??(?,G)","https://pbs.twimg.com/profile_images/1956067405064441861/CQyKz4gL.jpg","12559","1","13","397","12098","1793"
"26945","Pedrozcrypto","Pedro","https://pbs.twimg.com/profile_images/1620875412271206412/_jD3eJcK.jpg","1239","1","13","397","1239","1794"
"32026","icechog","iceon ???(?,?)","https://pbs.twimg.com/profile_images/1945982369166422017/yx3rced3.jpg","802","1","13","397","397","1795"
"14600","foami","foami","https://pbs.twimg.com/profile_images/1951037495753216001/kjuXrUXD.jpg","30068","1","13","396","29640","1796"
"29229","YellowFishZ","YellowFish","https://pbs.twimg.com/profile_images/1877111184018608128/nfWlfeTc.jpg","7067","1","13","396","5045","1797"
"30431","DenisPanch1986","LuckPanch","https://pbs.twimg.com/profile_images/1955936132182560770/WDXt9IoR.jpg","3603","1","13","396","396","1798"
"12092","MoustacheEth","Moustache.eth","https://pbs.twimg.com/profile_images/1875569468610433024/sAMk2yl9.jpg","45083","1","13","395","44657","1799"
"15935","Ubn454","Makar_ar","https://pbs.twimg.com/profile_images/1465800765478522884/P6c6ldF0.jpg","36874","1","13","395","36444","1800"
"17945","web3_manny","MANU?L ??????","https://pbs.twimg.com/profile_images/1927537083142356992/6SfkIY-y.jpg","32544","1","13","395","32118","1801"
"23743","huyxduc","Jason","https://pbs.twimg.com/profile_images/1966581921837883392/uQM0Dh7k.jpg","17653","1","13","395","17653","1802"
"26976","BaranTekrargar","B A R A N","https://pbs.twimg.com/profile_images/1934620381232443392/IhWjFFr6.jpg","1472","1","13","395","1041","1803"
"27295","cryptowolf108","crypto wolf,(?,G)s","https://pbs.twimg.com/profile_images/1758341168658853888/JHqkHpqT.jpg","13388","1","13","395","12981","1804"
"2954","Bobzerrrrr","Pirate Bobzerrrrr","https://pbs.twimg.com/profile_images/1807079992536526848/2a7JMK24.jpg","229942","1","13","394","15504","1805"
"6569","Omni_Moose","Moose ???????","https://pbs.twimg.com/profile_images/1749962709867655168/3CAMa9Au.jpg","127765","1","13","394","94756","1806"
"24262","Xercsol","Xerc","https://pbs.twimg.com/profile_images/1951210435308646400/EIj29cVd.jpg","2219","1","13","394","1805","1807"
"30594","coskunkurtt","cahit c.","https://pbs.twimg.com/profile_images/1945719228448768000/Nlkt0mnR.jpg","2167","1","13","394","2167","1808"
"30622","0xyunus","0xyunus","https://pbs.twimg.com/profile_images/1957566563759886338/KUjKJu9l.jpg","394","1","13","394","394","1809"
"31628","Just_Yamap","Yamap","https://pbs.twimg.com/profile_images/1913543758139764736/4LEimmN_.jpg","1708","1","13","394","1708","1810"
"9392","Lara82175200","Crypto?(3/3)???| $M | ??","https://pbs.twimg.com/profile_images/1945837723572740096/erMc2MCb.png","60043","1","13","393","29189","1811"
"5530","Sovereign_87","Sovereign ?","https://pbs.twimg.com/profile_images/1908268984987688960/AjpWhHuf.jpg","75290","1","13","392","34040","1812"
"16349","okonexdiboy","Okonexdiboy","https://pbs.twimg.com/profile_images/1924414550205476864/fS2rprFl.jpg","39397","1","13","392","38966","1813"
"28318","du333_eth","du333.eth Building Alkanes ??","https://pbs.twimg.com/profile_images/1833257113948200960/X2oHj2sp.jpg","794","1","13","392","392","1814"
"4939","tzveva","Hotsince","https://pbs.twimg.com/profile_images/1947951832895983616/JVcHEC2v.jpg","1462","1","13","391","869","1815"
"16538","SajibDeb_bd","sajibdeb.eth ????","https://pbs.twimg.com/profile_images/1908209885575294976/YuO6ITMY.jpg","65084","1","13","391","64679","1816"
"3351","jiggamancj","cj","https://pbs.twimg.com/profile_images/1958352300109377536/RvPjRByx.jpg","237927","1","13","390","69211","1817"
"10091","yazeedlawal","yazeed.sol ???","https://pbs.twimg.com/profile_images/1901482122843467776/e3MGV_aW.jpg","19398","1","13","390","18492","1818"
"8972","Web300fa","?00FA ???? $FF","https://pbs.twimg.com/profile_images/1967050348469907458/XU0kYOm2.jpg","77887","1","13","389","26157","1819"
"26014","RetroValix","VALIX","https://pbs.twimg.com/profile_images/1954969839224659968/XTLLbabR.jpg","7066","1","13","389","6620","1820"
"27183","LegoUntethered","Lego","https://pbs.twimg.com/profile_images/1961616559517933568/RQPS_EoK.jpg","389","1","13","389","389","1821"
"30755","garibantaliban","Hodlmood #silversqueeze ???","https://pbs.twimg.com/profile_images/1924483681252450304/yIj4vZZ6.jpg","389","1","13","389","389","1822"
"30772","doganysuf","YusufDogan","https://pbs.twimg.com/profile_images/1653440526371127317/NHxuvs8N.jpg","50389","1","13","389","389","1823"
"31081","BanklessBros","Donkeyman","https://pbs.twimg.com/profile_images/1953376701917904896/HiBoMAmD.jpg","793","1","13","389","389","1824"
"32024","Sinanilek7","Cileksin ??","https://pbs.twimg.com/profile_images/1942311202714955776/IK3IuEzJ.jpg","389","1","13","389","389","1825"
"2145","Slam_Artist","Zumbah","https://pbs.twimg.com/profile_images/1933893002444808194/RLjfIQc4.jpg","306127","1","13","388","26211","1826"
"7622","avarinjung","Alizza Chu","https://pbs.twimg.com/profile_images/1964579548957384704/SD0GPHqZ.jpg","9447","1","13","388","6207","1827"
"13859","Ximix_N","Macwin","https://pbs.twimg.com/profile_images/1899388411477172224/TCAvnciP.jpg","82832","1","13","387","7382","1828"
"22142","burakarh216","Burak ????","https://pbs.twimg.com/profile_images/1946282981255237632/EdZxH9fD.jpg","26805","1","13","386","26369","1829"
"11244","0xBrian77","Brian ??","https://pbs.twimg.com/profile_images/1789266970258313216/dLtIGhGp.jpg","35371","1","13","385","34950","1830"
"5192","0xValmir","Valmir","https://pbs.twimg.com/profile_images/1930924462058188800/EwBXSLYr.jpg","88446","1","13","383","19334","1831"
"15556","_burak89","??u????k?","https://pbs.twimg.com/profile_images/1945250104757071872/ifpezX8C.jpg","18707","1","13","382","18298","1832"
"26111","0xNeodallas","neo | ????","https://pbs.twimg.com/profile_images/1928125254708219905/rDdxygkF.jpg","28539","1","13","382","997","1833"
"4252","afkboom","boom??","https://pbs.twimg.com/profile_images/1963407506686054409/zFmOsYPw.jpg","102335","1","13","378","58604","1834"
"4891","Badloaf1","9iNe??","https://pbs.twimg.com/profile_images/1963185229528539136/zeRyWbwC.jpg","82048","1","13","377","18339","1835"
"18973","death_degen","DeathDegen (???)","https://pbs.twimg.com/profile_images/1947809719772475392/oPlq3XEd.jpg","25101","1","13","377","24664","1836"
"20962","sashawhiteee","whiteee","https://pbs.twimg.com/profile_images/1937895795480477696/1NHEOoT7.jpg","57029","1","13","377","56562","1837"
"18126","U__anderson","anderson","https://pbs.twimg.com/profile_images/1963651046649008129/hy4Q1WZu.jpg","74928","1","13","376","66556","1838"
"1663","DragicMarkovic","Dragic","https://pbs.twimg.com/profile_images/1946653935420293120/yG4BWVHy.jpg","393925","1","13","375","104113","1839"
"13443","MannerBoy1981","Zealot","https://pbs.twimg.com/profile_images/1909115539915431938/-jM5Kbk4.jpg","15938","1","13","374","15433","1840"
"20604","stellarhobbes","stellarhobbes.eth","https://pbs.twimg.com/profile_images/1927802262551769088/jSmchCqj.jpg","14499","1","13","374","14499","1841"
"4327","CAPTA1NSCARLET","Captain Scarlet ??","https://pbs.twimg.com/profile_images/1825417662400249856/vZH0nEPA.jpg","130586","1","13","373","55647","1842"
"17295","CryptoDub_","DUBKING","https://pbs.twimg.com/profile_images/1895449881931657216/-5VPvPy4.jpg","20209","1","13","373","19806","1843"
"20182","Last_Resort_X","Last Resort X","https://pbs.twimg.com/profile_images/1907159405180715008/8XES2s4O.jpg","7459","1","13","373","7031","1844"
"6042","Crypto_unicat","HeatBlast","https://pbs.twimg.com/profile_images/1938206324992708610/ZPqx_8Qp.jpg","153520","1","13","372","55777","1845"
"17218","SamZNFT","SamZ","https://pbs.twimg.com/profile_images/1906702998962589696/RTDcaJHm.jpg","18802","1","13","371","18402","1846"
"22819","TataVoronchi","Tatusha","https://pbs.twimg.com/profile_images/1601566219555020803/aVRDZqK_.jpg","10897","1","13","371","10497","1847"
"14045","tylntml","Dirty","https://pbs.twimg.com/profile_images/1963297553346080769/VpFlAVes.jpg","16300","1","13","370","16300","1848"
"25903","decenterghost","gh?st","https://pbs.twimg.com/profile_images/1592804518651109376/m8nqlA_G.png","4349","1","13","369","3916","1849"
"27391","Ali88404751",".ink.base.eth"".fuel ??","https://pbs.twimg.com/profile_images/1859196437591945216/wfXW3tUX.jpg","2711","1","13","369","2289","1850"
"1667","SuperrSaiiyan","supersaiyan","https://pbs.twimg.com/profile_images/1907410709631115264/A2YaBVu-.jpg","260135","1","13","367","47034","1851"
"1959","calbear_eth","calbear","https://pbs.twimg.com/profile_images/1915068333025861632/J1Zleksj.jpg","354111","1","13","367","126943","1852"
"8717","like_it_ez","shimis","https://pbs.twimg.com/profile_images/1913626685024694272/9Shl0x08.jpg","56549","1","13","367","18861","1853"
"15922","khaibillbill","khaibill | ?:","https://pbs.twimg.com/profile_images/1939959997380640769/bJrxyEn-.jpg","35941","1","13","366","35544","1854"
"19033","SeymenYunus","Seymenyunus","https://pbs.twimg.com/profile_images/1943447691297476608/3MMhi4DQ.jpg","10169","1","13","366","9784","1855"
"22093","HeLLboy_Nft","HeLLboy ??","https://pbs.twimg.com/profile_images/1953585746805129216/tj04CAxn.jpg","53443","1","13","366","53026","1856"
"26748","mpshnik_17","Mak","https://pbs.twimg.com/profile_images/1890301684355682304/UV6Bd758.jpg","12318","1","13","366","11885","1857"
"27584","gogenjack","gogenjack ??/acc ??","https://pbs.twimg.com/profile_images/1535333329502887937/NcLK62Nb.jpg","2027","1","13","366","1602","1858"
"10905","farmercist_eth","Farmercist ?????","https://pbs.twimg.com/profile_images/1938597076490698752/1V6J79EO.jpg","35391","1","13","365","35391","1859"
"26449","yaghouteKaboud","@Afraa","https://pbs.twimg.com/profile_images/1945748398650294272/ycI9cK26.jpg","44881","1","13","365","34506","1860"
"29187","pipipilates","Pi Pi","https://pbs.twimg.com/profile_images/1518279620642021376/nLV6Drj7.jpg","28597","1","13","365","28203","1861"
"20415","aumeiqq","aume","https://pbs.twimg.com/profile_images/1940339073362579456/wnCars8M.jpg","16857","1","13","364","16507","1862"
"27313","elinajafariiii","elina","https://pbs.twimg.com/profile_images/1920887956216389632/g34W-5wF.jpg","6596","1","13","363","6150","1863"
"24572","0xSaulgoodman","Saul Goodman","https://pbs.twimg.com/profile_images/1946708829636370433/T90rChMS.jpg","23521","1","13","362","15230","1864"
"16265","khode_saman","SAMAN??","https://pbs.twimg.com/profile_images/1688470777190866944/COt5U5j-.jpg","13617","1","13","359","13189","1865"
"26819","jackismaa","jackism(?,?)Reddiobase.eth","https://pbs.twimg.com/profile_images/1946950960330272768/TwzsP2PC.jpg","3173","1","13","359","2766","1866"
"26878","yakovleva_anna","Anna_RVV","https://pbs.twimg.com/profile_images/1949056974424809472/JlgcI2zU.jpg","3506","1","13","359","3078","1867"
"27989","Emila010","EmilaEmi(??,??)","https://pbs.twimg.com/profile_images/1409559162074243076/RUyfke0M.jpg","13982","1","13","359","13814","1868"
"2894","Senti__23","Senti ??","https://pbs.twimg.com/profile_images/1701210495334707200/jXQL0GJv.jpg","243881","1","13","358","34676","1869"
"26497","mustafa52q","Mustafa","https://pbs.twimg.com/profile_images/1959705451336974336/YHcjI5hh.jpg","1191","1","13","358","761","1870"
"6614","Xunobita","Susie???","https://pbs.twimg.com/profile_images/1863056913702780928/a396PqWc.jpg","54348","1","13","357","27772","1871"
"17472","Khizar_qasim1","K H I Z A R ?","https://pbs.twimg.com/profile_images/1933335265994485760/tsDisD8_.jpg","10513","1","13","357","10097","1872"
"29388","Gustavo4ring","Gustavo Fring","https://pbs.twimg.com/profile_images/1943944715876868096/QW12hT8n.jpg","23423","1","13","357","11315","1873"
"9916","jeansonlau","Jeansonlau.ip ???? $FF","https://pbs.twimg.com/profile_images/1966925329894961157/FEeHcoF-.jpg","75421","1","13","356","62372","1874"
"4335","Sidhu1313Sidhu","SIDHU","https://pbs.twimg.com/profile_images/1958778454364856320/5lExEour.jpg","169522","1","13","355","23096","1875"
"27955","ny14co","Nycole","https://pbs.twimg.com/profile_images/1969134351326593024/0IgVir_O.jpg","18749","1","13","355","4222","1876"
"26190","kotovinvest","Kotov Invest","https://pbs.twimg.com/profile_images/1791778188122566656/L93imQyu.jpg","11270","1","13","353","11095","1877"
"4221","nrlartt","NRL","https://pbs.twimg.com/profile_images/1901796693378838528/cC482fMx.jpg","144184","1","13","352","52620","1878"
"16870","Kaanalizee","Yesboryes??","https://pbs.twimg.com/profile_images/1899956491223752704/WkMAEBhS.jpg","15457","1","13","352","13441","1879"
"12740","0xjayn3","Jayne?????","https://pbs.twimg.com/profile_images/1707877780631834624/NZLMEpY3.jpg","38698","1","13","351","38266","1880"
"16732","CryptoMoch1","Anomage | ????? | Gnomab | ? | ?????,?????| (?,?)","https://pbs.twimg.com/profile_images/1949942109357649920/uhRBheBI.png","14968","1","13","351","13090","1881"
"27899","MohajeriMasoud","Masoud","https://pbs.twimg.com/profile_images/1955011215190622208/qPGU-qiT.jpg","11804","1","13","350","1436","1882"
"31006","gioom_eth","gioom.eth","https://pbs.twimg.com/profile_images/1964989695198134272/yj4StBjQ.jpg","12179","1","13","349","349","1883"
"4397","TheCryptoGrit","Crypto Grit","https://pbs.twimg.com/profile_images/1950687402822959105/alrKnhGh.jpg","138275","1","13","347","30647","1884"
"27555","B__E__1823","0xbehnam... ??rAI | Morph ?? (?,?)","https://pbs.twimg.com/profile_images/1913204926219452416/PeoHcRkJ.jpg","5748","1","13","347","347","1885"
"2107","HansOtto69","whiteribbit","https://pbs.twimg.com/profile_images/1927591113285619712/5gyNRZbb.jpg","249387","1","13","346","39824","1886"
"6334","ProofOfTravis","Travis??","https://pbs.twimg.com/profile_images/1947588879378264064/VX-7syV7.jpg","34875","1","13","345","15365","1887"
"12730","Bozy3L","Bozy3L ??","https://pbs.twimg.com/profile_images/1876355356529463296/d_vXlvC6.jpg","6930","1","13","345","6582","1888"
"29135","valakasmeme","David","https://pbs.twimg.com/profile_images/1925905039773609985/FCZHOpeT.jpg","72729","1","13","345","72729","1889"
"28391","MashuraArtem","Artem Mashura","https://pbs.twimg.com/profile_images/1956304832953794561/gCHbcESO.jpg","6312","1","13","344","5894","1890"
"14592","BrungusDeluxe","BrungusDeluxe","https://pbs.twimg.com/profile_images/1774925300238893057/OsriMWkD.jpg","17906","1","13","343","17532","1891"
"29182","LoaLoalaw","Loa Law","https://pbs.twimg.com/profile_images/1528091014506102785/zF-sFvbB.jpg","28358","1","13","343","27987","1892"
"9656","bulanjengkol","bulan","https://pbs.twimg.com/profile_images/1930501481503039488/sHjxlNus.jpg","67895","1","13","342","42377","1893"
"17958","bakbar8519","bakbar hippo ??","https://pbs.twimg.com/profile_images/1965087159397834752/A_LEplQE.jpg","38859","1","13","342","38522","1894"
"9087","xamiguo","Samuel.G ???????????,??????","https://pbs.twimg.com/profile_images/1934261777316921344/m2ljJ0Ph.jpg","69332","1","13","341","43153","1895"
"16343","KapganBeg","Kapgan","https://pbs.twimg.com/profile_images/1947335144152436736/t7MlHeZL.jpg","28376","1","13","341","28376","1896"
"8715","ZKsKenny","Kenny J ??","https://pbs.twimg.com/profile_images/1934583802766163968/yw1B0u_h.jpg","126331","1","13","340","75841","1897"
"9566","matt__dreams","Matt???","https://pbs.twimg.com/profile_images/1956728018799390720/YrEaJhcJ.jpg","53013","1","13","339","47125","1898"
"12678","peanutphan_eth","peanutphan","https://pbs.twimg.com/profile_images/1960019676198846464/bHyawosA.jpg","25427","1","13","339","25057","1899"
"27045","ali04557544","amirbitbase.eth.nft.lens.fuel????(??, ??).ink","https://pbs.twimg.com/profile_images/1513320654996754438/_DFylEgl.jpg","14904","1","13","339","2875","1900"
"14749","Limb0NFT","Limbo","https://pbs.twimg.com/profile_images/1721912776287801344/F-ldZYgC.jpg","45581","1","13","338","45343","1901"
"26919","iamigorekk","iamigorekk","https://pbs.twimg.com/profile_images/1938100557966692352/s4Hz1yQq.jpg","479","1","13","336","479","1902"
"4040","AndreaFalconIT","Andrea Falcon","https://pbs.twimg.com/profile_images/1829272711475920897/iej3Fo61.jpg","116149","1","13","335","39582","1903"
"13587","Raised808","frontdown ??BUILDING ALKANES","https://pbs.twimg.com/profile_images/1924551282674536448/xzwP_5m_.jpg","34525","1","13","333","34195","1904"
"20663","lana_del_play","areyouhere (mibera/acc)","https://pbs.twimg.com/profile_images/1952430310253060096/-UfE6C9H.jpg","25423","1","13","332","25060","1905"
"24745","Mahsa_ahn","mahsa.base.eth","https://pbs.twimg.com/profile_images/1850915902281175040/lqO7_UlP.jpg","8407","1","13","332","8407","1906"
"1653","KingKen_eth","KingKen.eth","https://pbs.twimg.com/profile_images/1868874283604156418/YK7m6rH5.jpg","173554","1","13","331","4612","1907"
"11376","KuingBoy","???? ????","https://pbs.twimg.com/profile_images/1787507179387568128/_ceAvX_2.jpg","16493","1","13","331","15692","1908"
"20001","dhafaaprilian","dantecrz.bit?????","https://pbs.twimg.com/profile_images/1870673341801185280/Jce_ByMk.jpg","14809","1","13","331","14460","1909"
"28005","Morpheus_Fi","Crypto_Morpheus_Fi ??","https://pbs.twimg.com/profile_images/1959799399623557120/wG03ibsy.jpg","6862","1","13","330","2564","1910"
"4356","thunderxdxd","THUNDER??","https://pbs.twimg.com/profile_images/1890188436784529409/oZbo9BFM.jpg","296195","1","13","329","19607","1911"
"20948","0xS1mpl3r","s1mpl3r","https://pbs.twimg.com/profile_images/1949958045770924033/2tdNktS8.jpg","9117","1","13","329","8722","1912"
"26560","insomnia_vip","Insomnia","https://pbs.twimg.com/profile_images/1937236198101069825/Ar7VXSxQ.jpg","4787","1","13","329","4394","1913"
"27916","pana_306","pana????","https://pbs.twimg.com/profile_images/1891951851924328448/z7F9Ye0o.jpg","2849","1","13","328","2450","1914"
"27249","Fatimah64sh","Fatimah64sh","https://pbs.twimg.com/profile_images/1919512177255251969/Zwiinxmp.jpg","2309","1","13","327","2309","1915"
"11653","imortell0","imortell","https://pbs.twimg.com/profile_images/1896644435837947904/1qHvjOPs.jpg","70552","1","13","326","67264","1916"
"14638","Blum_OG","Blum","https://pbs.twimg.com/profile_images/1706990273740394496/irGG3-CU.jpg","32899","1","13","326","32580","1917"
"27595","mahdixwM","mahdiafh | ??rAI ??","https://pbs.twimg.com/profile_images/1924901522447466496/sptO3XSi.jpg","18420","1","13","326","3933","1918"
"15070","pymoj1","Moji","https://pbs.twimg.com/profile_images/1934133308520374272/IZRK5o52.jpg","92552","1","13","325","92232","1919"
"27697","la_midnight_la","midnight","https://pbs.twimg.com/profile_images/1957230876003090432/YQLcsmVV.jpg","6712","1","13","325","6316","1920"
"13692","NakoTurk","NakoTurk ??","https://pbs.twimg.com/profile_images/1442986923002265604/kNgvxOPu.jpg","29823","1","13","323","29383","1921"
"5389","goldensuspended","Golden","https://pbs.twimg.com/profile_images/1943399718408642561/x8bZOjO9.jpg","82327","1","13","320","15999","1922"
"18225","Naviapolan","Esthernot | ADL","https://pbs.twimg.com/profile_images/1925458389569810432/zUpUPBTb.jpg","9979","1","13","320","9627","1923"
"11279","theHaneth","theHan.eth","https://pbs.twimg.com/profile_images/1950663875843457024/l65_JovU.jpg","46163","1","13","319","44810","1924"
"23389","GraptorGur3639","Graptor","https://pbs.twimg.com/profile_images/1855167452453502976/SjNdPZnU.jpg","31337","1","13","319","27718","1925"
"27159","Orivex","Nova (??,??)(?G)","https://pbs.twimg.com/profile_images/1964745202788073472/Bt_nknQ7.jpg","22300","1","13","319","21918","1926"
"28087","MisGolii","goli","https://pbs.twimg.com/profile_images/1959718210577612800/7FfjNS-Y.jpg","3020","1","13","319","2625","1927"
"25897","rimabellll","muff1n","https://pbs.twimg.com/profile_images/1909903960283942912/jC2vIKYJ.jpg","5755","1","13","317","5513","1928"
"22233","0x0Ndr","Nader","https://pbs.twimg.com/profile_images/1901857435469369344/IVXEGSha.jpg","21236","1","13","316","12895","1929"
"2083","g_n_cassowary","cassowary","https://pbs.twimg.com/profile_images/1899175486946754560/j_EnJFru.jpg","237014","1","13","315","55996","1930"
"28000","behraddex1","behrad","https://pbs.twimg.com/profile_images/1644674493036519426/bkZr_-Ct.jpg","3047","1","13","314","2639","1931"
"11271","Shakib22223023","Shakib ??Monad ??","https://pbs.twimg.com/profile_images/1923255734239727616/bl6xeqdX.jpg","39474","1","13","312","38124","1932"
"10906","conanex247","Jane????/acc","https://pbs.twimg.com/profile_images/1888465572591251456/HPXp-3ev.jpg","41912","1","13","309","38432","1933"
"27554","wiliam_701","Wiliam","https://pbs.twimg.com/profile_images/1949794620373970944/Z5yNeMGr.jpg","4852","1","13","309","4479","1934"
"12494","bitcool1234","?? (bitcool) $M | ??","https://pbs.twimg.com/profile_images/1954391281167126528/729_fd0_.jpg","20806","1","13","306","19171","1935"
"5127","CryptoKamesh","? ??? ??(?,G)","https://pbs.twimg.com/profile_images/1878152167464558592/H6LcjIbT.jpg","258396","1","13","305","76353","1936"
"5402","Mepo2000","Mepo ??","https://pbs.twimg.com/profile_images/1772836615313817600/SYj2QKwO.jpg","3551","1","13","305","2324","1937"
"11269","Ankit81353992","Ankit|| WEB","https://pbs.twimg.com/profile_images/1923255420207894528/y2BbezZl.jpg","43581","1","13","305","42237","1938"
"11862","FanTechEth","FanTech","https://pbs.twimg.com/profile_images/1745371683090055168/vnDh3GPF.png","21081","1","13","305","20747","1939"
"28209","jokersse3","Frwdd","https://pbs.twimg.com/profile_images/1964243224978923520/O9P4V9P9.jpg","2959","1","13","305","2555","1940"
"1254","dapppunk","DappPunk","https://pbs.twimg.com/profile_images/1913386443768274944/Sn-KM5lY.jpg","288367","1","13","304","11735","1941"
"14766","Gerawrdoughhh","gerawrdough.eth","https://pbs.twimg.com/profile_images/1954014249035960320/x2taJ4dA.jpg","15824","1","13","303","15824","1942"
"25713","Crypt0_Invader","CryptoInvader","https://pbs.twimg.com/profile_images/1953385104589398016/tTSlN3Nn.jpg","8359","1","13","303","6053","1943"
"26833","Jafarizadi1988","??Jefee (??",,"39","1","13","302","951","1944"
"28221","azadazizi_eth","azadazizipoor.eth","https://pbs.twimg.com/profile_images/1746184096898797568/epoulIyr.jpg","4309","1","13","302","3934","1945"
"19237","hustlingle","tlingle","https://pbs.twimg.com/profile_images/1933027974892441600/jMU-p9Xp.jpg","9511","1","13","299","9154","1946"
"27130","kiruwaaaaaa","kiruwaaaa","https://pbs.twimg.com/profile_images/1965067536451469312/of8zGsNW.jpg","1145","1","13","299","934","1947"
"27375","XdaNTqBvGJ1KA2D","tasha.ip ?? tasha.base.eth .ink (?,G) ???? FrAI","https://pbs.twimg.com/profile_images/1928372699539070976/0SufBQu4.jpg","7427","1","13","298","3159","1948"
"23982","kykynamisha","Kykyna","https://pbs.twimg.com/profile_images/1777415060727459840/bEGqCgF3.jpg","22635","1","13","297","22278","1949"
"28980","vsdkk","vsdkk","https://pbs.twimg.com/profile_images/1956729793149276161/5BSbWFOn.jpg","18850","1","13","297","18482","1950"
"12489","zkfarhad","Farhad ????","https://pbs.twimg.com/profile_images/1957476239997825024/57JtMsoT.png","40652","1","13","296","40281","1951"
"1903","TheBigggggggg","The Big","https://pbs.twimg.com/profile_images/1703504887424696320/SKvQL-zZ.jpg","141170","1","13","295","20915","1952"
"28922","nofadsec","nofadsec","https://pbs.twimg.com/profile_images/1919702836104794112/fsvBR2A6.jpg","32387","1","13","295","32387","1953"
"3479","0xmarceleth","Marcel","https://pbs.twimg.com/profile_images/1968032444948320256/dHAQ6vRo.jpg","262184","1","13","294","63673","1954"
"17698","ChefCoinkong","Coinkong","https://pbs.twimg.com/profile_images/1963268001815224320/7ZrlC09b.jpg","28052","1","13","294","28052","1955"
"22379","PelinayPA","Pelin Ay","https://pbs.twimg.com/profile_images/1550158008507928576/a4ddq_-A.jpg","3310","1","13","294","2882","1956"
"26744","Kolot86692580","Kolot","https://pbs.twimg.com/profile_images/1846215618158092288/1e6agZ5d.jpg","7653","1","13","294","7261","1957"
"9321","Shuu__1412","Shuu","https://pbs.twimg.com/profile_images/1804936759199096832/wkeZ1Qcm.jpg","68957","1","13","293","42285","1958"
"9522","Turnerszzn","T??","https://pbs.twimg.com/profile_images/1945542063564398592/fGVzr3uG.jpg","47640","1","13","291","35318","1959"
"27504","vanillkka","vanillka","https://pbs.twimg.com/profile_images/1940108921332535297/rdgPXdOE.jpg","4563","1","13","290","4189","1960"
"4848","itsdakid3462","MrGetDough","https://pbs.twimg.com/profile_images/1959284894380822528/mwrPWeaX.jpg","139984","1","13","289","29019","1961"
"302","ethosAgent","Ethos Agent","https://pbs.twimg.com/profile_images/1923941477975052288/kzFj0sEP.jpg","97517","1","13","288","29018","1962"
"5195","tonychilla_eth","Tonychilla","https://pbs.twimg.com/profile_images/1953054043409989632/3ABbQgM0.jpg","225317","1","13","288","32698","1963"
"15138","BuddyFox33","BUDDYFOX","https://pbs.twimg.com/profile_images/1927854683042754560/3OaeFmws.jpg","29784","1","13","288","29474","1964"
"28108","kasyak0","Kasyak","https://pbs.twimg.com/profile_images/1933641536304029696/5IwCCMhz.jpg","26103","1","13","288","21787","1965"
"5856","WillHiro_","WillHiro","https://pbs.twimg.com/profile_images/1693057964154699776/1RrN_Zld.jpg","175478","1","13","287","85941","1966"
"10021","vinaheyy","vina","https://pbs.twimg.com/profile_images/1925252613764960256/TtawmTau.jpg","97785","1","13","284","59124","1967"
"22743","asalimasali1","noulifar (?,?)","https://pbs.twimg.com/profile_images/1946112802986352641/1s-wnqM-.jpg","14348","1","13","284","13957","1968"
"20886","Banlife_eth","Banlife","https://pbs.twimg.com/profile_images/1932184791849332738/v9ATKEgn.jpg","54945","1","13","283","54616","1969"
"26661","sanzendegi","zendegi ??/acc .ink ?????,?????","https://pbs.twimg.com/profile_images/1913268010736910337/Qx9kcSoN.jpg","659","1","13","283","283","1970"
"23276","romirom11","Romirom","https://pbs.twimg.com/profile_images/1946267120041369600/o7-LWfTc.jpg","48572","1","13","282","48303","1971"
"29078","somayyeh1990","nafasfarokhi","https://pbs.twimg.com/profile_images/1790724955996344321/Q1W0ez9c.jpg","633","1","13","281","281","1972"
"5196","DusaNFT","Dusan","https://pbs.twimg.com/profile_images/1907872304387796992/duApv2EM.jpg","149934","1","13","280","60724","1973"
"10018","satyaXBT","satyaxbt","https://pbs.twimg.com/profile_images/1966757835041370112/BkHdeWJZ.jpg","41593","1","13","280","31490","1974"
"26779","degmonk","degmonk","https://pbs.twimg.com/profile_images/1879476550002733057/FYfMYGz0.jpg","4341","1","13","280","1878","1975"
"15898","huutai9695n1","huutai9695 |??","https://pbs.twimg.com/profile_images/1961757091296890880/C9pUtW0c.jpg","8685","1","13","279","8378","1976"
"9117","StreamZ14","StreamZ ?? Alkamon Trainer","https://pbs.twimg.com/profile_images/1776751806732795904/mOkSfiq2.jpg","29219","1","13","278","20380","1977"
"5643","ghostcutter","ghostcutter.eth ?????????","https://pbs.twimg.com/profile_images/1967010541311782912/M2pGj95h.jpg","74268","1","13","275","22685","1978"
"23702","milana__be","Milana","https://pbs.twimg.com/profile_images/1960097141680136192/KQngt0ox.jpg","15549","1","13","275","15349","1979"
"27576","stronggirl1548","Maryamivtnkhah","https://pbs.twimg.com/profile_images/1940294241747337216/QRpF4wic.jpg","3515","1","13","275","3172","1980"
"6913","ALAYNA_NFTs","ALAYNA","https://pbs.twimg.com/profile_images/1957221234409615360/TEnWwBjh.jpg","58246","1","13","274","54227","1981"
"14089","Su_Porsche","Su PK","https://pbs.twimg.com/profile_images/1888883790514466816/dOSTPjmI.png","26495","1","13","273","26205","1982"
"18887","AMINII01","??????? Benjamin","https://pbs.twimg.com/profile_images/1645363039124766720/ckembtQF.jpg","12200","1","13","273","11468","1983"
"19437","SathishSaara","Saara Sathish","https://pbs.twimg.com/profile_images/1587414461820067843/wooMwOVS.jpg","18081","1","13","273","17444","1984"
"29110","elahd247699","eli Ri ?? | $M","https://pbs.twimg.com/profile_images/1939313630580789248/5NY_rLx2.jpg","638","1","13","273","273","1985"
"4655","Abss_90","Abs90 ????","https://pbs.twimg.com/profile_images/1832457123852161024/l48ksxIA.jpg","131083","1","13","271","52225","1986"
"9435","web3_viper","Venom Viper | KIND","https://pbs.twimg.com/profile_images/1829380597388554240/6O-_reu7.jpg","30535","1","13","271","29765","1987"
"10402","0xGiwax","0XGIWA","https://pbs.twimg.com/profile_images/1966163744280481792/8YhZiGPU.jpg","41670","1","13","271","39076","1988"
"4222","PepitoAmigo2","Gui","https://pbs.twimg.com/profile_images/1900704505739517952/HeJRNeMQ.jpg","17354","1","13","270","7245","1989"
"6120","Demigod_ik","Demigodik????","https://pbs.twimg.com/profile_images/1957801784652472320/MS2bupN2.jpg","25030","1","13","270","24611","1990"
"23759","DanilReso","Reso","https://pbs.twimg.com/profile_images/1799131644131147776/s8IKn0Nb.jpg","1185","1","13","270","867","1991"
"26567","0xBurndown","0xBurndown","https://pbs.twimg.com/profile_images/1768391884253052928/Zxpw6LbQ.jpg","34352","1","13","268","26182","1992"
"12412","vortexzone101","Vortex","https://pbs.twimg.com/profile_images/1937409655489110016/b3BEcTMh.jpg","28458","1","13","267","28140","1993"
"10672","ChopperuaCrypto","Chopper??","https://pbs.twimg.com/profile_images/1954251846677155840/uKTu1gWj.jpg","23538","1","13","266","13935","1994"
"23304","ReginaJenk49663","Regina","https://pbs.twimg.com/profile_images/1645837642527801349/DI26ZmrE.jpg","2037","1","13","265","2037","1995"
"10182","AshawoArt","Ashawo.art ?? ??","https://pbs.twimg.com/profile_images/1925092450348978176/h2_EqufB.jpg","32357","1","13","263","30054","1996"
"10910","Stopthefire01","stopthefire","https://pbs.twimg.com/profile_images/1841047615212777474/109IP2bf.jpg","46755","1","13","262","41585","1997"
"27278","2024MacBookPro","MacBook Pro","https://pbs.twimg.com/profile_images/1852315375893086208/_FfyQ4pq.jpg","4151","1","13","262","443","1998"
"28486","anast3se","anastese (?,G) ????","https://pbs.twimg.com/profile_images/1670901058397261827/bUk9gN--.jpg","26747","1","13","259","26420","1999"
"11296","Chutieunhii","Chutieunhi ??? | Bear Family","https://pbs.twimg.com/profile_images/1937727586853093376/sWPb3k4M.jpg","31485","1","13","258","29898","2000"
"4681","pgreyy","pg","https://pbs.twimg.com/profile_images/1803000862362464256/cmG0yI1B.jpg","211123","1","13","257","25804","2001"
"13207","rsklwtf","rskl","https://pbs.twimg.com/profile_images/1764940376652025856/6dDf42lZ.jpg","19857","1","13","257","15511","2002"
"1242","marweth","mar","https://pbs.twimg.com/profile_images/1949507128965668864/Q7BbIjU5.jpg","251316","1","13","256","28771","2003"
"6184","mrdejie","MrDejie","https://pbs.twimg.com/profile_images/1909161445461557248/OA9oVoQK.jpg","97821","1","13","255","94492","2004"
"12039","Fathermoca","Father.Moca | ???","https://pbs.twimg.com/profile_images/1940799824388894720/oqYEY97G.jpg","15393","1","13","255","15167","2005"
"11599","Xenith_01","Xenith","https://pbs.twimg.com/profile_images/1902675059308908545/W9Mq3HN3.jpg","37589","1","13","254","36952","2006"
"17994","ADM4211","ADM","https://pbs.twimg.com/profile_images/1942939113113436160/E4MzIWx9.jpg","55554","1","13","254","55326","2007"
"15297","loocsarp4u","RP ??","https://pbs.twimg.com/profile_images/1759038773889757184/AZfxr_LV.jpg","21874","1","13","253","21590","2008"
"14859","asjadgujjjar","Asjad (?,?) ??,??","https://pbs.twimg.com/profile_images/1963817390778564608/W-KyGfdZ.jpg","23444","1","13","252","23444","2009"
"19485","fernando_darshi","Darshii?? || never give up","https://pbs.twimg.com/profile_images/1963235027434803200/SbomNyRM.jpg","4053","1","13","252","3747","2010"
"4521","AkaiTrading","Akai","https://pbs.twimg.com/profile_images/1944410425212448769/Q-HblD-x.jpg","62711","1","13","251","32049","2011"
"8770","tabgnuh","tabgnuh","https://pbs.twimg.com/profile_images/1925715573515653120/ZkX_Qclb.jpg","68679","1","13","251","19518","2012"
"9565","kingg_dawn0","Kelvin_Azino ??","https://pbs.twimg.com/profile_images/1935722491986554880/AHUNJQ9L.jpg","38533","1","13","250","27825","2013"
"28586","sahar0fk","sahar","https://pbs.twimg.com/profile_images/1928908217209282561/yt5Zk1rx.jpg","3829","1","13","250","3531","2014"
"7927","0xmmdreza","0xmmdreza??","https://pbs.twimg.com/profile_images/1954281369095344128/NGdIU5sJ.jpg","44717","1","13","249","27023","2015"
"8502","Lin0668","0xLin???? $FF","https://pbs.twimg.com/profile_images/1952191539612143616/1uOGbK9t.jpg","64576","1","13","249","18542","2016"
"10365","luckythegenesis","0xLucky (??,??)","https://pbs.twimg.com/profile_images/1908067082576736258/aW4j2ySm.jpg","51697","1","13","249","49072","2017"
"2278","ItTakesElevenBD","Sick Ass Pen (Hero Journey Arc)","https://pbs.twimg.com/profile_images/1957817575582126080/y3dXniMa.jpg","181363","1","13","248","93921","2018"
"16586","Zimydem","Zimydem","https://pbs.twimg.com/profile_images/1938765734609592320/hsfO_FuX.jpg","17607","1","13","247","17334","2019"
"5889","adex4me","KENASH ??? ???????","https://pbs.twimg.com/profile_images/1708475858753662976/BBDOIF_W.jpg","209021","1","13","246","55723","2020"
"20915","Drei3180","Kraken","https://pbs.twimg.com/profile_images/1932482986563223552/bf0rJaKc.jpg","49770","1","13","246","49461","2021"
"25913","AlexWork777","Alex Bridgedoor","https://pbs.twimg.com/profile_images/1852360460000985088/vChMWbtb.jpg","5775","1","13","246","5519","2022"
"3124","speedbird_00","Speedbird","https://pbs.twimg.com/profile_images/1925626045186629633/Tv6LH8pR.jpg","244909","1","13","245","47981","2023"
"8347","_daxian","????|Bird???","https://pbs.twimg.com/profile_images/1932742551137918976/jbw55syQ.jpg","57517","1","13","245","17838","2024"
"8689","H2YSPACE","Zil","https://pbs.twimg.com/profile_images/1961073237938655232/-5g5F3Eq.jpg","75220","1","13","245","31279","2025"
"12465","SamVisc","???????","https://pbs.twimg.com/profile_images/1734989036203253760/YZeWVT19.jpg","34806","1","13","244","34806","2026"
"13229","Keremannn","Kerem Integrated ?? ?????,??? ?????,?????","https://pbs.twimg.com/profile_images/1968022409300353024/MP33On1m.jpg","12779","1","13","244","12496","2027"
"9159","katakitem32","Oepil ?,? .eth","https://pbs.twimg.com/profile_images/1963760230032199680/i3A33dmi.jpg","17452","1","13","243","10684","2028"
"15602","Bytek2121","Bytek(??,??)? .sui","https://pbs.twimg.com/profile_images/1965456801282875392/nTc-k6F7.jpg","16713","1","13","243","16414","2029"
"28796","chap1x__","chap1x","https://pbs.twimg.com/profile_images/1956038102629158912/fFQBUDPu.jpg","5925","1","13","243","4603","2030"
"11147","jnwadiaalor","phantom","https://pbs.twimg.com/profile_images/1886385530746654721/wu4-41GX.jpg","20357","1","13","242","18200","2031"
"27416","hisamooo2","Luca .","https://pbs.twimg.com/profile_images/1946211656419225600/nAGCjMWy.jpg","38616","1","13","241","26544","2032"
"6648","ICheyi","Lolajo (?,?)","https://pbs.twimg.com/profile_images/1932462340902903808/VF8wn0iE.jpg","144272","1","13","240","43689","2033"
"3421","0xdort","dort ??????","https://pbs.twimg.com/profile_images/1965051068825391104/bQvgvP8c.jpg","220210","1","13","239","23513","2034"
"12844","Levi1124","Levi","https://pbs.twimg.com/profile_images/1669914764410232832/L-xx_1Fc.jpg","19717","1","13","239","19717","2035"
"19475","n0tdapo","Adedapo :)","https://pbs.twimg.com/profile_images/1886653408947367936/5hG0LqxZ.jpg","1034","1","13","239","705","2036"
"26468","Ddossir","Ddossir","https://pbs.twimg.com/profile_images/1961556409188851712/ak3T9WRW.jpg","13904","1","13","239","12180","2037"
"29007","AirdropGunlugu","Airdrop G?nl??? ?? (?,?)","https://pbs.twimg.com/profile_images/1952788457199149056/cPmc66hj.jpg","2713","1","13","239","2430","2038"
"13122","CM_Armend","NFT Armend","https://pbs.twimg.com/profile_images/1831035820523855872/3ZqxzxgP.jpg","7902","1","13","238","7902","2039"
"16827","razzle_eth","razzle.eth","https://pbs.twimg.com/profile_images/1724435222400229376/DyCtVVca.jpg","16291","1","13","238","15534","2040"
"24531","Mary_n68","mary","https://pbs.twimg.com/profile_images/1959152049016143872/oan75nip.jpg","8582","1","13","238","393","2041"
"6496","b0ber_eth","B?BER","https://pbs.twimg.com/profile_images/1944061634638381056/LgzOdGF3.jpg","81153","1","13","237","47421","2042"
"24187","Gesoos_","Gesoos","https://pbs.twimg.com/profile_images/1957831634264162304/Dq3W4y2H.jpg","10898","1","13","237","361","2043"
"16546","HundredX100X","Lejupiter","https://pbs.twimg.com/profile_images/1960714754441232384/NSVYnOlU.jpg","29539","1","13","236","29539","2044"
"19097","0xTokyo_","Tokyo. (?,?)","https://pbs.twimg.com/profile_images/1783142263222407168/pXEEizoN.jpg","47442","1","13","236","43938","2045"
"13471","ffllegion","lleegion ??","https://pbs.twimg.com/profile_images/1948518198829252608/L0jnd7_1.jpg","23819","1","13","235","23525","2046"
"14619","chukuw__","caedos ?","https://pbs.twimg.com/profile_images/1968488474455195648/njWJVa7M.jpg","21758","1","13","235","21505","2047"
"4197","Jinnie2222","Jinnie","https://pbs.twimg.com/profile_images/1907042689834782720/SE0YDsG1.jpg","79281","1","13","234","25880","2048"
"17069","Cryptodrifter1","Cryptodrifter","https://pbs.twimg.com/profile_images/1941973906929430529/YvAYjedf.jpg","8125","1","13","234","7892","2049"
"12173","Degen_Fin","Fin","https://pbs.twimg.com/profile_images/1938303541220937729/o-uDtO4s.jpg","29522","1","13","233","29522","2050"
"20303","AetheriusEisen","Aether Reisenberg","https://pbs.twimg.com/profile_images/1902177456993529859/mbp91ALg.jpg","14189","1","13","231","13945","2051"
"31943","cryptologia22","Razdor","https://pbs.twimg.com/profile_images/1963294730151727105/mxr7zAGg.jpg","2607","1","13","231","231","2052"
"16705","LillyBr59319871","Artimas (???) | ??","https://pbs.twimg.com/profile_images/1955725876164780036/LI1LyuDG.jpg","14205","1","13","230","13955","2053"
"19042","0xdear9","0xdear.?th","https://pbs.twimg.com/profile_images/1875700834832617472/Icel6sBn.jpg","10008","1","13","229","6930","2054"
"4841","wajiha_hussain","EMMA","https://pbs.twimg.com/profile_images/1886842689884446720/HyQHTzYJ.jpg","33003","1","13","228","14070","2055"
"12710","emm_naseer","?? Emm??","https://pbs.twimg.com/profile_images/1850694355784269824/AD-frZGF.jpg","26856","1","13","228","26511","2056"
"12780","nft_ilkerY","ilkerY | Building Alkanes ??","https://pbs.twimg.com/profile_images/1899627369641529344/dBgKkTUs.png","30874","1","13","228","30874","2057"
"12803","DVMCARNAGE","CARNAGE","https://pbs.twimg.com/profile_images/1916100497745793024/79bbT04F.jpg","21966","1","13","228","21721","2058"
"17007","quang_chon_hrz","Herozen.base.eth (?,?) ??","https://pbs.twimg.com/profile_images/1929997122713382912/mmXPCo0S.jpg","10605","1","13","228","10354","2059"
"4132","0xbouncy","bouncy","https://pbs.twimg.com/profile_images/1802920275589136384/AfNW4VSp.jpg","30485","1","13","227","5913","2060"
"29834","dashhossein_","Hossein","https://pbs.twimg.com/profile_images/1952113554955366401/JXnetMEw.jpg","227","1","13","227","227","2061"
"6859","Hacked_Beat","Hacked Beat ??","https://pbs.twimg.com/profile_images/1944438185473273856/SZ4RPzsk.jpg","24991","1","13","226","21703","2062"
"16294","raftrxyz","Raftr","https://pbs.twimg.com/profile_images/1957753318387904514/xOqq2h9w.jpg","14692","1","13","225","14153","2063"
"23645","temcha2342","Andrew Temcha","https://pbs.twimg.com/profile_images/1775790706004566016/n4A4pP8C.jpg","36943","1","13","223","36752","2064"
"15729","Rafael0shi","Rafael?X ??","https://pbs.twimg.com/profile_images/1959098353213743105/qZVnHTaq.jpg","15682","1","13","222","15396","2065"
"15667","CNFTNEROO","nearar ???? (?,?)","https://pbs.twimg.com/profile_images/1931444497801453568/N2QHrLSw.jpg","20514","1","13","222","18570","2066"
"27320","PalecUrij","Iurii ?? ? ??","https://pbs.twimg.com/profile_images/1601818982687952897/c0xvFfQh.jpg","1776","1","13","221","1533","2067"
"29646","KaramiSiro72327","siros k.","https://pbs.twimg.com/profile_images/1643367094682001408/jbVwFLJC.png","517","1","13","221","221","2068"
"22998","benjifrankl1n","ben","https://pbs.twimg.com/profile_images/1876742142523047936/kti63zmo.jpg","13111","1","13","220","9690","2069"
"8496","yihan0202","Han ????","https://pbs.twimg.com/profile_images/1935334228461240320/0fJJzGkl.jpg","95019","1","13","219","34295","2070"
"22060","kitofcrypto","Kitlin","https://pbs.twimg.com/profile_images/1902693732568465408/xsUypa9L.jpg","4951","1","13","219","4951","2071"
"3577","yaokxbt","yeahokay","https://pbs.twimg.com/profile_images/1923964137568174080/NWxZrpW7.jpg","143139","1","13","218","18399","2072"
"16071","_Sqodato","s q o","https://pbs.twimg.com/profile_images/1786416782619680770/HmmcWbAW.jpg","11447","1","13","218","11211","2073"
"17333","NFTjp2","Joppeey ??","https://pbs.twimg.com/profile_images/1869400789195567104/mNmiZxVP.jpg","10295","1","13","216","10051","2074"
"17612","SONIA2K00","FIREREXZIMA??","https://pbs.twimg.com/profile_images/1919825081569837056/RI6jGs7l.jpg","18727","1","13","216","18493","2075"
"4831","SkeTchXPDotEth","SkeTchXP","https://pbs.twimg.com/profile_images/1963899125188976640/zDxVTF-W.jpg","189941","1","13","213","107318","2076"
"27751","KristiTwisters","Kristi Twisters","https://pbs.twimg.com/profile_images/1868718289016213504/NZCdq4TF.jpg","2929","1","13","213","2688","2077"
"27365","Sweetinskiy","Svitinskiy","https://pbs.twimg.com/profile_images/1962471707857276929/kFTwyxbw.jpg","2961","1","13","212","2700","2078"
"11193","0xStan_lee","KING STAN ??","https://pbs.twimg.com/profile_images/1729259720676896768/f4KhObft.jpg","40319","1","13","211","37953","2079"
"1765","wholisticguy","wholistic","https://pbs.twimg.com/profile_images/1626218775090700288/whg0AkV3.png","187088","1","13","210","412","2080"
"3502","zedweb3","z3d????","https://pbs.twimg.com/profile_images/1673765134072684553/Vl5b8uKV.jpg","135795","1","13","210","9688","2081"
"5398","web3_Salem","Salem??","https://pbs.twimg.com/profile_images/1907982768501309441/8YvfVj5Y.jpg","97100","1","13","210","27596","2082"
"12254","terra_gatsuki","Terra Gatsuki ????","https://pbs.twimg.com/profile_images/1655100423647240194/aBJcvKMg.jpg","24062","1","13","210","23362","2083"
"12579","Damian__web","???????????? ????(4 Month Arc)","https://pbs.twimg.com/profile_images/1935650363287203840/i88YdhkS.jpg","8351","1","13","210","8351","2084"
"15607","Guzzel_Sol","Guzzel MAD (?,G)??","https://pbs.twimg.com/profile_images/1903946531058700288/Hr2qn553.jpg","15172","1","13","210","14906","2085"
"17090","MtroX207","MtroX.","https://pbs.twimg.com/profile_images/1933932609819811840/9GxxSwzP.jpg","14302","1","13","210","14073","2086"
"19035","Viviluthfianti_","Vion","https://pbs.twimg.com/profile_images/1838681511769382912/yND9eXl4.png","15190","1","13","210","14558","2087"
"21073","dranikipunk","alyonafuria.eth","https://pbs.twimg.com/profile_images/1922406286513127424/gf35M_jE.jpg","3480","1","13","210","3274","2088"
"3997","nicoanto28","NicAnt ??","https://pbs.twimg.com/profile_images/1910987936566333440/006TsS2f.jpg","103566","1","13","207","29710","2089"
"7140","El__khalil","El-Khal?l (?,?)","https://pbs.twimg.com/profile_images/1956431640655237120/DCeoi3Bt.jpg","58004","1","13","207","12939","2090"
"7856","0xAladdinPrince","Aladdin.Prince|Bird????????","https://pbs.twimg.com/profile_images/1967406109356126208/NvDf7hf9.jpg","135048","1","13","207","65532","2091"
"15883","0xDarya_","0xDarya","https://pbs.twimg.com/profile_images/1944532132342140928/K8AFqV1k.jpg","18998","1","13","207","18765","2092"
"16110","6xgarap","0xgarap.base.eth","https://pbs.twimg.com/profile_images/1934476136647659520/nIy2yzGk.jpg","10153","1","13","207","10153","2093"
"18159","OUchrisNFTs","OUchris","https://pbs.twimg.com/profile_images/1957478982753964033/wmuCTF28.jpg","8967","1","13","207","8741","2094"
"14865","Blackjack_Demon","Blackjack Demon","https://pbs.twimg.com/profile_images/1779436896474517505/GUhBJG4B.jpg","22966","1","13","206","22732","2095"
"22103","xleva_eth","xLeva","https://pbs.twimg.com/profile_images/1914813957895757824/MmezeFCl.jpg","9690","1","13","206","9690","2096"
"8671","frostnova0x","Frostnova ?:","https://pbs.twimg.com/profile_images/1949189630169153536/o1PzyPj4.jpg","113778","1","13","205","63604","2097"
"8851","congge918","??.sats","https://pbs.twimg.com/profile_images/1954046716459823104/Ag2kqiuW.jpg","63852","1","13","205","17494","2098"
"14632","NikolayS67","Nikolay","https://pbs.twimg.com/profile_images/1940549424750485504/rXIZo9qt.jpg","23778","1","13","205","23558","2099"
"17683","Zoloto231","Zoloto23??","https://pbs.twimg.com/profile_images/1944088304409796609/vQHmK-NX.jpg","2458","1","13","205","2264","2100"
"17997","crzymn_","crazyman","https://pbs.twimg.com/profile_images/1946184297120944128/VocwYJZN.jpg","10865","1","13","205","8641","2101"
"21797","MrHecTony","HecTony","https://pbs.twimg.com/profile_images/1966533050914738176/WrFtFcl8.jpg","14642","1","13","205","11512","2102"
"25137","belovi4ka86102","Belovi4ka","https://pbs.twimg.com/profile_images/1948292441632563200/3ftFpF4l.jpg","8389","1","13","205","8389","2103"
"20699","AtriA33AirtA","Al","https://pbs.twimg.com/profile_images/1832486746723962880/xEnMsYNC.jpg","41513","1","13","204","41309","2104"
"21799","TanyaK44569","?? greenspace ?? ??,??","https://pbs.twimg.com/profile_images/1945510541071470593/vvpkAym_.jpg","14666","1","13","204","10379","2105"
"13006","EugenSEO","Eugene ??/acc (?,G) ???","https://pbs.twimg.com/profile_images/1887593958039007232/XnhEXGYr.jpg","122576","1","13","203","18154","2106"
"17114","nphatesyou","? ????","https://pbs.twimg.com/profile_images/1966528755674808320/wr6Dt66L.jpg","8567","1","13","203","8567","2107"
"29577","nazarksv","Nazarkk.eth","https://pbs.twimg.com/profile_images/1958838872483258368/tYEcihDu.jpg","5066","1","13","202","2941","2108"
"15000","NykCrypto","Nyk","https://pbs.twimg.com/profile_images/1796547585743921152/Ib6OgpYZ.jpg","26522","1","13","201","26305","2109"
"15479","PenguinWeb3","Penguin","https://pbs.twimg.com/profile_images/1944295243622326272/1ALANiNq.jpg","11990","1","13","201","11990","2110"
"17143","JennyNfts_","Jenny","https://pbs.twimg.com/profile_images/1910022155443503104/zkrr4I4W.jpg","12629","1","13","201","12410","2111"
"2319","RaptorNews3","Raptornews????","https://pbs.twimg.com/profile_images/1463203704350326788/VBaGGhz0.jpg","75121","1","13","199","2152","2112"
"9574","GeorgeInSolana","GeorgeInSolana ??","https://pbs.twimg.com/profile_images/1816890408795869184/9pb8UDd0.jpg","46324","1","13","199","19303","2113"
"30566","CryptoCall_N1","akan","https://pbs.twimg.com/profile_images/1618235296142835712/_QEBaQX8.jpg","6412","1","13","199","2127","2114"
"10850","0xxxsam","0xsam (kaito arc)","https://pbs.twimg.com/profile_images/1768057322914414592/RK28-Upt.jpg","18400","1","13","198","17480","2115"
"27403","azatoncuu","azat.jm","https://pbs.twimg.com/profile_images/1884012437755596800/qE_PyvvK.jpg","692","1","13","197","486","2116"
"20104","mmdr_eth","??","https://pbs.twimg.com/profile_images/1861353474266451968/Zvp_Yv9L.jpg","20959","1","13","196","20743","2117"
"20590","XRPJ4b1","J4b","https://pbs.twimg.com/profile_images/1911868591168704513/gTYZ9Wq2.jpg","13077","1","13","195","12865","2118"
"25907","bl888m_eth","bl888m (lain/acc)","https://pbs.twimg.com/profile_images/1959349731487801344/zERkr8TK.jpg","4360","1","13","195","4100","2119"
"17453","LoreKfw","Kfw.sol | $FAKE ??","https://pbs.twimg.com/profile_images/1964027522296799232/6XrVehH5.jpg","16436","1","13","194","16224","2120"
"18912","wussweb3","Wuss","https://pbs.twimg.com/profile_images/1940321284199460864/PkA2L0g3.jpg","7374","1","13","194","7161","2121"
"19414","0xM0RA","Mora ?? ??","https://pbs.twimg.com/profile_images/1922194780013957120/bs5PTwko.jpg","17625","1","13","194","11433","2122"
"2467","0xCygaar","cygaar","https://pbs.twimg.com/profile_images/1874970187780194304/rEKKc4YC.jpg","5619","1","13","193","5613","2123"
"6380","EnidWeb3","Enid ??","https://pbs.twimg.com/profile_images/1885450989336969216/KEpavNE7.jpg","28560","1","13","193","7816","2124"
"17622","ApewhaleNFT","Apewhale ??","https://pbs.twimg.com/profile_images/1691418269297582081/f_JVowWz.png","11050","1","13","193","10838","2125"
"18975","CryptoTvist","Tvist","https://pbs.twimg.com/profile_images/1964990339501920256/MZ6d3fHn.jpg","6720","1","13","193","6506","2126"
"16131","CaglahanEth","caglahan.somi","https://pbs.twimg.com/profile_images/1906731840276250624/XAzc_Keo.jpg","17156","1","13","192","16935","2127"
"5080","Frankie_NFT_","FR?NK!?","https://pbs.twimg.com/profile_images/1948475805236932609/fhEId4JN.jpg","147949","1","13","191","47463","2128"
"27012","d7angellc1","Dylan Angell","https://pbs.twimg.com/profile_images/1682688932083900417/MEDkJyCt.jpg","3245","1","13","191","3045","2129"
"10214","badger_eth","Badger.Eth","https://pbs.twimg.com/profile_images/1777677328468025344/WufS2pya.jpg","10230","1","13","190","8771","2130"
"19198","AndrzejGry","Andy","https://pbs.twimg.com/profile_images/1950650458340548609/THHUgq9C.jpg","12090","1","13","190","11888","2131"
"5876","zoli77Crypto","zoli","https://pbs.twimg.com/profile_images/1920812025854177280/OwmOXdbh.jpg","244295","1","13","189","86556","2132"
"7993","0xveins","Veins ?? TOKEN2049 ????","https://pbs.twimg.com/profile_images/1944565135386738688/6a_2U_Tt.jpg","170486","1","13","189","125501","2133"
"7793","Nomi_NFT","Nomi","https://pbs.twimg.com/profile_images/1901951268618190848/IhaA3ZKC.jpg","41287","1","13","189","30144","2134"
"9131","office2crypto","Office2Crypto.eth","https://pbs.twimg.com/profile_images/1903932175629922304/dUTf0UPI.jpg","17089","1","13","189","15609","2135"
"9318","The_Aliyyu","Aliu___","https://pbs.twimg.com/profile_images/1932130326387568640/6vuzidRr.jpg","35171","1","13","189","23931","2136"
"15805","0xnaire","Naireee","https://pbs.twimg.com/profile_images/1906562255187214336/YbXe__S6.jpg","13479","1","13","189","13273","2137"
"16440","ahirusora8","ahiru sora","https://pbs.twimg.com/profile_images/1536310425721384961/A5GzV3XD.jpg","15770","1","13","189","15566","2138"
"16458","khodwshm","khodwshm","https://pbs.twimg.com/profile_images/1968333429088436224/tZjEaPbl.jpg","12607","1","13","189","11785","2139"
"19021","SilentK0918","Silent Killer Anomage | ?????,?????","https://pbs.twimg.com/profile_images/1945444318313078784/UXzmZi0-.jpg","10170","1","13","189","9962","2140"
"9052","gaofei52100","Goofy?????","https://pbs.twimg.com/profile_images/1862445390722998273/chOnLT4Y.jpg","61802","1","13","188","24110","2141"
"19063","ufukless1","Ufuk 0______","https://pbs.twimg.com/profile_images/1884204848318423040/9HsaeCzi.jpg","10937","1","13","188","10730","2142"
"19067","fuckinares","A r e s","https://pbs.twimg.com/profile_images/1929240717097893888/2tUtrlw-.jpg","10788","1","13","188","10581","2143"
"19294","sukikiki69","Paipai","https://pbs.twimg.com/profile_images/1862693943915290624/JzamyJ0G.jpg","13787","1","13","188","13577","2144"
"19718","chithiya9","Chithira Ranthisa(???) ??,??(?,?)","https://pbs.twimg.com/profile_images/1965722691928989696/uvQsOaKg.jpg","10797","1","13","188","10594","2145"
"2582","flongie","flong.pcc.eth ????","https://pbs.twimg.com/profile_images/1599881567538667521/lvHC4TbD.png","129238","1","13","187","24223","2146"
"4870","Kundan_XP","KundanXP","https://pbs.twimg.com/profile_images/1857271145420181504/RE3LGMi3.jpg","107518","1","13","187","16860","2147"
"9535","N01_kene","Crypto journey (???) ??","https://pbs.twimg.com/profile_images/1933263425930485760/30U7uR2D.jpg","28744","1","13","187","14400","2148"
"12177","ayo_deji7","DAVE????","https://pbs.twimg.com/profile_images/1911884582468689921/eg248mlx.jpg","4621","1","13","187","4379","2149"
"16426","perxweb3",".perx","https://pbs.twimg.com/profile_images/1954218129095098368/w4lKTaAH.jpg","13586","1","13","187","13347","2150"
"9424","emrizblaq","bee (?,?)","https://pbs.twimg.com/profile_images/1901710276183158784/QpaIENEs.jpg","9958","1","13","186","9005","2151"
"16368","GargMohama52108","Mohamad Garg","https://pbs.twimg.com/profile_images/1923205577444032512/EjmEKWoj.jpg","14209","1","13","186","14010","2152"
"16777","0xcome","C?me To Papa(?,?)","https://pbs.twimg.com/profile_images/1898447440728231936/5m1fSvzz.jpg","16258","1","13","186","16021","2153"
"17879","CryptoKid1981","CryptoKid","https://pbs.twimg.com/profile_images/1955690913486823424/oiVfNjdh.jpg","8576","1","13","186","8372","2154"
"18351","Blenda576","Antis","https://pbs.twimg.com/profile_images/1943894908743385088/DUf_0ZTO.jpg","11431","1","13","186","11227","2155"
"19678","Pagalhax","pagalhax ??? ?????,?????,??? Anomage ??,?? ?? ??","https://pbs.twimg.com/profile_images/1927467297070833664/lj2Sr1lC.jpg","8883","1","13","186","8883","2156"
"11011","GoBigBabe","Byola","https://pbs.twimg.com/profile_images/1954308123277082624/_8U-bveU.jpg","10093","1","13","185","7639","2157"
"16633","0xndra","Indra","https://pbs.twimg.com/profile_images/1895756503975342080/9qB2ZxmB.jpg","7302","1","13","185","7051","2158"
"17493","neutize_","Neutize","https://pbs.twimg.com/profile_images/1954712203451633664/RhuWXaau.jpg","14811","1","13","185","14611","2159"
"16911","xcordeirro","cordeiro ????","https://pbs.twimg.com/profile_images/1963266102269775872/MpIFGX6D.jpg","22373","1","13","184","22155","2160"
"4595","Anton_Centr","Enzo","https://pbs.twimg.com/profile_images/1907886424172400640/rk4x7RyT.jpg","316094","1","13","183","75578","2161"
"10192","Gray_tofu","baongoc0133 ?? ?? (?????,?????)? gnoma","https://pbs.twimg.com/profile_images/1963059842643591170/MjMygRdo.jpg","7846","1","13","183","7559","2162"
"11367","flipoory","mustard.NAD ?","https://pbs.twimg.com/profile_images/1959670942994513920/e01ym9SR.jpg","12937","1","13","183","12725","2163"
"15876","rmdtyrskwn_","Radityeee ? ?? ????","https://pbs.twimg.com/profile_images/1818607286019149825/2JtpwTcc.jpg","11025","1","13","183","10826","2164"
"19996","eksan_eth","Eksan ?? | HUDL ?||? DeSpeed ?||?","https://pbs.twimg.com/profile_images/1956393341710733312/j0ssXZAj.jpg","11019","1","13","183","10817","2165"
"21069","0xwaguri","Waguri","https://pbs.twimg.com/profile_images/1941897364932796416/5Wm07dj0.jpg","11753","1","13","182","11552","2166"
"21435","cryptoPoti","CryptoPoti","https://pbs.twimg.com/profile_images/1927747227964878848/DWjvGBzn.jpg","25668","1","13","182","25473","2167"
"24600","DiMetelnuy","DiMetelnyi","https://pbs.twimg.com/profile_images/1790053700137865216/qYo6gQE6.jpg","47617","1","13","182","47386","2168"
"4029","checker4e","checker4e","https://pbs.twimg.com/profile_images/1948272208918335488/AzT5Xagl.jpg","178918","1","13","181","18479","2169"
"17458","Pickme4646","Meek DeFi","https://pbs.twimg.com/profile_images/1927788768238653441/N_ig3Tlp.jpg","10780","1","13","181","10780","2170"
"19854","jus___Dave","Dave????","https://pbs.twimg.com/profile_images/1937207239292375040/y2kUeWSV.jpg","4845","1","13","181","4845","2171"
"20351","misol302119","BRAVE | ??rAI ??","https://pbs.twimg.com/profile_images/1939693469087252480/E0OxDSCU.jpg","6710","1","13","181","6511","2172"
"5668","Howling__Husky","Howling Husky","https://pbs.twimg.com/profile_images/1953473430935748608/3a1LeyTW.jpg","79431","1","13","180","29511","2173"
"16678","Bassa_Walker","MPROiz","https://pbs.twimg.com/profile_images/1903459913902518272/beL9h3xK.jpg","15279","1","13","180","15050","2174"
"2725","Aiim3n","Aiim3n.eth ??","https://pbs.twimg.com/profile_images/1928105002314481664/BxZfNzg8.jpg","58663","1","13","179","1954","2175"
"4859","0xmakcyII","makcy","https://pbs.twimg.com/profile_images/1942945513336143873/bJg1R-vq.jpg","14694","1","13","179","14169","2176"
"6177","0xStrayCat","//StrayCat","https://pbs.twimg.com/profile_images/1780463454606024704/3q5DuORm.jpg","80729","1","13","179","19774","2177"
"8567","Mitoniz","MITOniz ??","https://pbs.twimg.com/profile_images/1878088147294212097/aSlbvtwa.jpg","34796","1","13","179","19211","2178"
"8526","0x_WUDAO","0x?????|Bluebird???$M | ??","https://pbs.twimg.com/profile_images/1946203663434674176/WOV4V1s6.png","119628","1","13","179","69765","2179"
"16040","0xMeshki","Amirhossein (?,?)","https://pbs.twimg.com/profile_images/1956173453582553098/ZniUg9Hf.jpg","82616","1","13","179","66387","2180"
"19562","0xbobaaa","0xbobaa ???? $FF","https://pbs.twimg.com/profile_images/1939754000066244608/gshN0_xY.jpg","20085","1","13","179","19845","2181"
"19901","LiiaGame","Liia","https://pbs.twimg.com/profile_images/1783885728767791104/wyDJn_RW.jpg","10371","1","13","178","10174","2182"
"24504","_uzayli_kiz","uzayli","https://pbs.twimg.com/profile_images/1896267164383895552/myM06Fe-.jpg","6265","1","13","178","6265","2183"
"6224","xmini0197","mini","https://pbs.twimg.com/profile_images/1929544795527225344/hAgXE1lm.jpg","122813","1","13","177","53677","2184"
"6756","LuoNFT","Luo","https://pbs.twimg.com/profile_images/1937822069733076992/1C4Yy5jx.jpg","25910","1","13","177","18969","2185"
"29666","carleonee707","Vito_Carleone","https://pbs.twimg.com/profile_images/1914609482824392704/j6OIurHP.jpg","177","1","13","177","177","2186"
"3112","saintlysatan","Saintlysatan","https://pbs.twimg.com/profile_images/1749622590551756800/cSCyCAdc.jpg","63044","1","13","176","2708","2187"
"11199","CoortezzEth","Coortezz.eth ????$FF","https://pbs.twimg.com/profile_images/1916469755281649664/pvKDiA0K.jpg","14613","1","13","176","6173","2188"
"19263","nira777541202","Nira ? Gnoma Anomage (?,G)base.eth TABI, ??","https://pbs.twimg.com/profile_images/1950160486143795201/cmQSrnI7.jpg","12005","1","13","176","11098","2189"
"19451","X0opusa","opusa?? ??","https://pbs.twimg.com/profile_images/1967163535487619072/1zm8EO8A.jpg","10300","1","13","176","7718","2190"
"24502","busiestboyy","sigma_boy????","https://pbs.twimg.com/profile_images/1944464182566436865/5UOmz1rN.jpg","7834","1","13","176","7591","2191"
"30663","mahnaz400377394","?????z? (?,G) | ??rAI ??","https://pbs.twimg.com/profile_images/1958604230161268736/4AtiJjD6.jpg","8378","1","13","176","176","2192"
"1722","AshleyBest","Ashley Best ??","https://pbs.twimg.com/profile_images/1514620815177760777/J76M5NvO.jpg","136464","1","13","175","5524","2193"
"19625","Gungzz45","Life Of Gungzz","https://pbs.twimg.com/profile_images/1963057324425412611/IJliTkPF.jpg","13421","1","13","175","12531","2194"
"6173","Antan7859","Antan","https://pbs.twimg.com/profile_images/1906734261920530432/pLSodwip.jpg","62329","1","13","174","22289","2195"
"16173","ogichain","ogichain","https://pbs.twimg.com/profile_images/1858900178096312321/dw1fYMCD.jpg","26996","1","13","174","26819","2196"
"16568","0x167167","0x","https://pbs.twimg.com/profile_images/1960699368329371648/i8SkgmKI.jpg","17458","1","13","174","15192","2197"
"17314","PermaKong","PermaKong","https://pbs.twimg.com/profile_images/1933621994957737984/p7MCTUJr.jpg","10148","1","13","174","10148","2198"
"18142","SkylineETH","SKYLINE??","https://pbs.twimg.com/profile_images/1964724965153927168/IUch8Z1S.jpg","8732","1","13","174","8732","2199"
"3550","KevTW_","Kev (?,G)??","https://pbs.twimg.com/profile_images/1931053227384143872/efHCJHFJ.jpg","87587","1","13","173","3195","2200"
"5010","soteleon2","Soteleon","https://pbs.twimg.com/profile_images/1965627883050655744/BSdFMZin.jpg","82581","1","13","173","34531","2201"
"5022","Avereth_Au","Avereth","https://pbs.twimg.com/profile_images/1928699011378327557/fujdetM9.jpg","16479","1","13","173","8661","2202"
"7240","Arsl__Nfts","Arsl | ???","https://pbs.twimg.com/profile_images/1925955515521089539/gxen_fYf.jpg","70983","1","13","173","13607","2203"
"13556","RealKennii","Kennii","https://pbs.twimg.com/profile_images/1799431731612700672/QbArQP5X.jpg","17871","1","13","173","17871","2204"
"2010","crunkwes","Wes ??????","https://pbs.twimg.com/profile_images/1958392642124836864/pb11A__f.jpg","135136","1","13","172","7519","2205"
"12874","bitcoinduke","Bitduke","https://pbs.twimg.com/profile_images/1960010029341237248/qrofKTBQ.jpg","45846","1","13","172","45676","2206"
"16039","odunugal","Lola O ??","https://pbs.twimg.com/profile_images/1961137119847391232/jT76ShOZ.jpg","16380","1","13","172","9554","2207"
"16198","paonx_eth","PAONE | ?:","https://pbs.twimg.com/profile_images/1936143497884573696/BY8sbxeu.jpg","35615","1","13","172","35615","2208"
"19298","ijavudeen4","Cryptoninja | (?,G) .ink","https://pbs.twimg.com/profile_images/1920073579175297024/IjBlIFuw.jpg","10424","1","13","172","10203","2209"
"19134","selphie_selvy","Selvy","https://pbs.twimg.com/profile_images/1735837058084868096/bDO32XOJ.jpg","37171","1","13","172","29681","2210"
"20724","Eneseth0","Enes.eth.ink (???)?????,???????","https://pbs.twimg.com/profile_images/1915409553593597952/aOP9l0ct.jpg","10426","1","13","172","9436","2211"
"2682","Nexory96","Nexory","https://pbs.twimg.com/profile_images/1875324248530493440/3wiBSdNN.jpg","69855","1","13","171","24305","2212"
"12826","vasdie","diegovas","https://pbs.twimg.com/profile_images/1959305845725945856/Dzk5awqT.jpg","28036","1","13","171","27736","2213"
"18937","Yash53500726","TA_TRADER ???? $FF","https://pbs.twimg.com/profile_images/1719349834833092608/ZKLb0tBc.jpg","9647","1","13","171","9458","2214"
"23395","88BRN88","beekeeper88 (?,G) .ink??,?? ??","https://pbs.twimg.com/profile_images/1963874289473454080/XRR3kPc2.jpg","44002","1","13","171","28291","2215"
"19147","umitmoney","?mit(?,?)","https://pbs.twimg.com/profile_images/1929138225257349120/EwqQfGZV.jpg","14841","1","13","170","14644","2216"
"27289","nilonademi","nilo base.eth ????","https://pbs.twimg.com/profile_images/1966513223722565634/jB3ysjNm.jpg","8808","1","13","170","8517","2217"
"9842","darius_026","DARIUS","https://pbs.twimg.com/profile_images/1927036162633285634/XvEXuaM4.jpg","48125","1","13","168","36745","2218"
"15891","mwt009","MWT","https://pbs.twimg.com/profile_images/1931642598608809984/_CLaPqlf.jpg","6066","1","13","168","5882","2219"
"30793","katii1899","Atefe","https://pbs.twimg.com/profile_images/1938704675366219776/PgLlrmQk.jpg","404","1","13","168","168","2220"
"5851","CryptoAntoneNFT","antone.","https://pbs.twimg.com/profile_images/1895784282502942720/IpGcqmpL.jpg","60824","1","13","167","27229","2221"
"16188","Glyster_","Glyster","https://pbs.twimg.com/profile_images/1878251441636143104/voO7biCi.jpg","32811","1","13","167","9377","2222"
"20030","ThiyagarajanSI","Thiyagarajan | ??rAI","https://pbs.twimg.com/profile_images/1938477415971622913/9vzcHNAH.jpg","46862","1","13","167","46638","2223"
"21335","alherii69","Alherii","https://pbs.twimg.com/profile_images/1955694474073423874/aILa6_Bc.jpg","6620","1","13","167","6435","2224"
"7117","Diggo709","Diggo","https://pbs.twimg.com/profile_images/1865380560576585728/04Rn973D.jpg","104127","1","13","166","36736","2225"
"11194","Been1575","0xBeast","https://pbs.twimg.com/profile_images/1950056059420217345/zGzZ93o5.jpg","36342","1","13","166","34655","2226"
"13588","0xddws","DdWs","https://pbs.twimg.com/profile_images/1943976447648952320/0lQWrz0O.jpg","19090","1","13","166","19090","2227"
"17052","gabeweed","Gabe","https://pbs.twimg.com/profile_images/1950554872660758528/d7-Ul5vE.jpg","12982","1","13","166","11947","2228"
"15321","IFudym","Igs","https://pbs.twimg.com/profile_images/1594166995150376960/mk809yPq.jpg","1319","1","13","165","1319","2229"
"22166","xx8ryu","0x8xx8.eth","https://pbs.twimg.com/profile_images/1893920291132407808/srcbLYpL.jpg","6699","1","13","165","3078","2230"
"7317","JanCrxpto","JanCrxpto","https://pbs.twimg.com/profile_images/1926724760697806848/tIskP1dj.jpg","79381","1","13","164","11118","2231"
"27139","ALFACREATIVE33","alfadanil (?,?)","https://pbs.twimg.com/profile_images/1890528137202507776/sdQFtZTJ.jpg","164","1","13","164","164","2232"
"3174","SparkyTime503","Sparky","https://pbs.twimg.com/profile_images/1929990470027096067/rKcIL3kO.jpg","53466","1","13","163","5877","2233"
"13484","sajid9989","sajid","https://pbs.twimg.com/profile_images/1649604931123544068/RByTrtis.jpg","47733","1","13","163","47482","2234"
"21629","0G_Cryptooo","OG.eth | ?????","https://pbs.twimg.com/profile_images/1949787772534816768/BKQEP29o.jpg","10080","1","13","163","9900","2235"
"13885","jordyNFT","jordy // steady fwog","https://pbs.twimg.com/profile_images/1958170536237801472/Re9Pe95o.jpg","12098","1","13","162","11920","2236"
"26130","0xd1namit","d1namit","https://pbs.twimg.com/profile_images/1928481542352896000/RjUfh61x.jpg","10562","1","13","161","10381","2237"
"27076","wantsomemorrre","Pudel ??","https://pbs.twimg.com/profile_images/1869067063114821632/CSoRDXVd.jpg","4301","1","13","161","4082","2238"
"29052","Big1Tasty","BiG_Tasty ?","https://pbs.twimg.com/profile_images/1912978162633310208/RmhukaoD.jpg","45359","1","13","161","45105","2239"
"19599","Maple_Skates","Maple????????","https://pbs.twimg.com/profile_images/1896317179164811264/OJmF9lac.jpg","5239","1","13","160","5063","2240"
"10225","shidiqxyz","shidiq.base.eth??","https://pbs.twimg.com/profile_images/1956744304132808704/DSf__Zzg.png","30578","1","13","159","8372","2241"
"19320","ezeyofficial","Ezzzzz.(???) (?,?)","https://pbs.twimg.com/profile_images/1639238327932006405/a7JlrkHr.jpg","8444","1","13","158","8270","2242"
"19103","WilbertAppuhamy","Wilbert ??","https://pbs.twimg.com/profile_images/1938824338750480384/w9zBbIKN.jpg","6516","1","13","158","6334","2243"
"19747","luckybgx","luckybgx","https://pbs.twimg.com/profile_images/1878025294935953408/WI1y3gNx.jpg","7841","1","13","158","7467","2244"
"1800","slowafk","slow","https://pbs.twimg.com/profile_images/1899889972863258624/i1ksGACZ.jpg","90794","1","13","157","17194","2245"
"13457","blackcap_eth","Blackcap","https://pbs.twimg.com/profile_images/1702971643037884416/vC7B4UOY.jpg","7282","1","13","157","7095","2246"
"19279","Aydinli42347","Aydinli ??","https://pbs.twimg.com/profile_images/1942127725377957888/e1Our9Ii.jpg","74638","1","13","157","9116","2247"
"23152","Sejo_LB","Sejo","https://pbs.twimg.com/profile_images/1951154329051648000/eIoOMHXv.jpg","8731","1","13","157","8557","2248"
"3814","EverythingB0x","Everything Blockchain ??/acc??","https://pbs.twimg.com/profile_images/1422538556388433925/oJxScrgu.jpg","122586","1","13","156","15111","2249"
"12630","0xbiying","??|?????|","https://pbs.twimg.com/profile_images/1959484906926657537/YzuA3bXs.jpg","10777","1","13","156","10777","2250"
"22147","nedawrp","Nedana (?,G)","https://pbs.twimg.com/profile_images/1948301061711626240/hYLDTjbR.jpg","10671","1","13","156","10190","2251"
"22256","Murf_ii","Murf_","https://pbs.twimg.com/profile_images/1795339588271243265/DTERiKUf.jpg","5484","1","13","156","5306","2252"
"22625","vladimir_NRW","Aristocrat","https://pbs.twimg.com/profile_images/1905339208882851840/tpy9DQG8.jpg","3805","1","13","156","3624","2253"
"4209","ninjakila01","ninjakeira","https://pbs.twimg.com/profile_images/1965736068407500800/U4TVB0Wa.jpg","623069","1","13","155","334266","2254"
"5315","aditya_rmurali","Aditya.ron ???? ?| KIND","https://pbs.twimg.com/profile_images/1751870736837578752/iNLj-5Yb.jpg","107601","1","13","155","21901","2255"
"16171","cryptoverseape","CryptoVerseApe(?IP?)","https://pbs.twimg.com/profile_images/1791368479972401153/zQUtRnCs.jpg","14360","1","13","155","14178","2256"
"19467","Xdogefam","Xdogefam","https://pbs.twimg.com/profile_images/1927734762090676225/acZi25ht.jpg","11503","1","13","155","10722","2257"
"21768","prokopkor","Verdigo93 ?????,???Anomage","https://pbs.twimg.com/profile_images/1960115426618195968/0egE6i12.jpg","27462","1","13","155","27281","2258"
"22803","SameeraD999","SameeraD | Anomage (?,?) (?????,?????) ??,?? ??","https://pbs.twimg.com/profile_images/1930532273293778944/Gd1lT6e7.jpg","4227","1","13","155","4074","2259"
"1740","DiveBarsRule","DiveBarsRule ????","https://pbs.twimg.com/profile_images/1963388622826045440/Ex9XVWGq.jpg","540257","1","13","153","217656","2260"
"4183","Dotctor1","Eliph ?? $Liz ??","https://pbs.twimg.com/profile_images/1708182660164583424/w7Le8nss.jpg","66176","1","13","153","15196","2261"
"6719","ansshere","anss","https://pbs.twimg.com/profile_images/1895731779547336704/Pe_2iMey.jpg","83295","1","13","153","48974","2262"
"7487","CindyYueng","???-?? $BARD","https://pbs.twimg.com/profile_images/1955208298850029569/Ioh-SkYC.jpg","109260","1","13","153","45354","2263"
"12782","pixlW_","pixlW","https://pbs.twimg.com/profile_images/1932902577345011712/Z1hBBKK7.jpg","37701","1","13","153","37701","2264"
"13741","_Pump_And_Dump_","Pump&Dump","https://pbs.twimg.com/profile_images/1963315231834173440/SwyhWaFa.jpg","31733","1","13","153","31483","2265"
"10476","_offmylawn","offmylawn ??","https://pbs.twimg.com/profile_images/1951371061318082560/dvkuLaAx.jpg","4580","1","13","152","3640","2266"
"2210","boldleonidas","Bold","https://pbs.twimg.com/profile_images/1795636010442985473/zxOfI_KX.jpg","154069","1","13","151","3912","2267"
"2185","nelipin","nelipin.eth","https://pbs.twimg.com/profile_images/1889441343878914048/sCrsPtP8.jpg","146529","1","13","151","7504","2268"
"6169","JJCrypto__","Boa.hl","https://pbs.twimg.com/profile_images/1966953709121699840/YMJ7qeLg.jpg","138624","1","13","151","47419","2269"
"19460","Syarifchelseafc","syariff | LT","https://pbs.twimg.com/profile_images/1708728940251258880/77BmpIJc.jpg","6939","1","13","151","6772","2270"
"22000","azaztrader01","azaztrader.sui??/acc","https://pbs.twimg.com/profile_images/1967608872522133504/2gsVrSqV.jpg","5705","1","13","151","5705","2271"
"22108","desolah_","Desola","https://pbs.twimg.com/profile_images/1910049666797850625/o76A-7on.jpg","4657","1","13","151","4482","2272"
"22044","0xdeepmouse","0xdeepmouse.eth","https://pbs.twimg.com/profile_images/1820878737920909312/usf-mHO7.jpg","7312","1","13","151","6356","2273"
"22514","Cabbarlinihat5","Nihat Cabbarli I ??","https://pbs.twimg.com/profile_images/1823688348768129024/3bpj2qaL.jpg","2860","1","13","151","2686","2274"
"22517","evilnakoshi","! Nakoshi","https://pbs.twimg.com/profile_images/1962574303335194624/NA11PuqY.jpg","1554","1","13","151","1406","2275"
"29473","CryptoB0hdan","RCOM","https://pbs.twimg.com/profile_images/1918233165329555456/u-k6tMuG.jpg","9843","1","13","151","9628","2276"
"31161","cristianematsu","Cris Cris","https://pbs.twimg.com/profile_images/860915037/cris.jpg","364","1","13","151","151","2277"
"11914","tweetsbycidiq","BigCidiq ??","https://pbs.twimg.com/profile_images/1937310289260670976/VT8KAznH.jpg","38312","1","13","150","38312","2278"
"19721","dakpluto","Dakpluto","https://pbs.twimg.com/profile_images/1864221682606518272/ks_nt_-b.jpg","3632","1","13","150","3459","2279"
"22682","MOKIE_25","MOKIE (???)","https://pbs.twimg.com/profile_images/1961523140720562179/i0Px_8Lq.jpg","5045","1","13","150","4871","2280"
"2456","BoredElonMusk","BORED","https://pbs.twimg.com/profile_images/1773418874014437378/N-AojrRc.jpg","310044","1","13","149","119839","2281"
"7900","dalaw_n","Da Law ??","https://pbs.twimg.com/profile_images/1497449275835305984/moCUAikk.jpg","99204","1","13","149","41236","2282"
"21745","IlyPolikutin","shegy","https://pbs.twimg.com/profile_images/1952880705836285952/WNuLtpUx.jpg","30453","1","13","149","30273","2283"
"23847","DmytroZinchenk2","DmYtro ???","https://pbs.twimg.com/profile_images/1968373289153159168/3h71IR1o.jpg","7645","1","13","149","7474","2284"
"9253","murkiwaters","Murkiwaters ?????(?,G)","https://pbs.twimg.com/profile_images/1931221420752920576/-8fRFzDA.jpg","17596","1","13","148","13004","2285"
"12506","0xHawre","Hawre.fuel","https://pbs.twimg.com/profile_images/1948839450257035264/8LZdcbH9.jpg","14175","1","13","148","14175","2286"
"22227","axiznet","Smit | HUDL ?||? DeSpeed ?||?","https://pbs.twimg.com/profile_images/1686278371091861504/YbtmZE9m.jpg","3979","1","13","148","3806","2287"
"22719","roxerdevol","Devil Roxer | ??rAI ??","https://pbs.twimg.com/profile_images/1947864991006396418/lSXoOTYs.jpg","4590","1","13","148","4417","2288"
"22817","nomad1xxx","Yefym","https://pbs.twimg.com/profile_images/1907760367054278656/ZV0_0kk1.jpg","3020","1","13","148","2920","2289"
"22766","CyberCrypto61","Cyber","https://pbs.twimg.com/profile_images/1961073003472568320/sx4uM7W7.jpg","41681","1","13","148","5008","2290"
"2272","Dashke_witch","Dashke","https://pbs.twimg.com/profile_images/1966398393569148928/BibpqxGD.jpg","203724","1","13","147","28143","2291"
"6659","Anastasis_Delta","Anastasis Delta","https://pbs.twimg.com/profile_images/1951597096173277185/VflEZODC.jpg","59636","1","13","147","21117","2292"
"14563","mah__1990","Majid.v ?","https://pbs.twimg.com/profile_images/1943556229629972480/u-ypxxOG.jpg","16487","1","13","147","12404","2293"
"17025","GuigsLuke","Guigs","https://pbs.twimg.com/profile_images/1952383980206018560/YnmWbU03.jpg","10946","1","13","147","10783","2294"
"23223","bil4enko1","bil4enko????$FF","https://pbs.twimg.com/profile_images/1889993223717715968/bnUr0QFY.jpg","10721","1","13","147","10721","2295"
"9267","AleyProbably","Ali","https://pbs.twimg.com/profile_images/1941199880048795648/bHlRFmcr.jpg","15225","1","13","146","14085","2296"
"19637","KontonNFT","O?uz","https://pbs.twimg.com/profile_images/1735224432329732096/VfRWUf_7.jpg","19401","1","13","146","19207","2297"
"22566","0xasellus","Asellus","https://pbs.twimg.com/profile_images/1967522719987015681/U7q8LJ11.jpg","6132","1","13","146","5958","2298"
"22546","peluhme1","Peluhmeh","https://pbs.twimg.com/profile_images/1808215680052867072/psj91Q9e.jpg","12099","1","13","146","11929","2299"
"23398","DeepReddy535909","Deep","https://pbs.twimg.com/profile_images/1952350514110418945/kBSDoxrz.jpg","4416","1","13","146","4243","2300"
"13609","Mido_269","Midodo??m?nad","https://pbs.twimg.com/profile_images/1957558747301285888/z9cF9ZPt.jpg","21210","1","13","145","21038","2301"
"20219","Gibranxyz","gibranxyz","https://pbs.twimg.com/profile_images/1958186323434762240/s23M1WCl.jpg","6823","1","13","145","6662","2302"
"26443","Alex_minted","Alex","https://pbs.twimg.com/profile_images/1888549184141172736/5L2EDn5E.jpg","1730","1","13","145","1730","2303"
"31682","kool60","Mehran","https://pbs.twimg.com/profile_images/1963074071542792192/2PC7sk8e.jpg","342","1","13","145","145","2304"
"10409","blod_nft","blod","https://pbs.twimg.com/profile_images/1854662346024595457/n6Qo81b9.jpg","57269","1","13","144","36709","2305"
"20028","liburterus7","bars","https://pbs.twimg.com/profile_images/1901051930786623488/LNsPaWaI.jpg","5062","1","13","144","4902","2306"
"21052","KHANSAHIL24","0xsahil.sol ?","https://pbs.twimg.com/profile_images/1858071257717342208/fzeU0X8U.jpg","12528","1","13","144","12366","2307"
"21737","kveightET","azrim liebert","https://pbs.twimg.com/profile_images/1863036284312113152/cZ8h4NIl.jpg","6858","1","13","144","6697","2308"
"22374","0xbasgaan","basgaan","https://pbs.twimg.com/profile_images/1933515136695681024/bnUTtcBI.jpg","1440","1","13","144","1273","2309"
"23448","tulenka5","tulenka","https://pbs.twimg.com/profile_images/1902164942305787904/6M8qmioF.jpg","3121","1","13","144","2954","2310"
"24192","hoholl8080","??? ???@IntractAmbassador ??? (?",,"66","1","13","144","4777","2311"
"24930","Simox2112","Simox??","https://pbs.twimg.com/profile_images/1953385413613113344/DNL32hSw.jpg","51074","1","13","144","50868","2312"
"26510","GamletSarangan","tonyy.stark (?,G)","https://pbs.twimg.com/profile_images/1938903330937278464/OKpcqM4i.jpg","10306","1","13","144","2169","2313"
"5956","BigMoLove","Big Mo Love ?","https://pbs.twimg.com/profile_images/1928525048148533248/D2AOsmBI.jpg","21192","1","13","143","15562","2314"
"7325","no_brain_x","No-brain(er)","https://pbs.twimg.com/profile_images/1950489918016233472/wJcaIcDx.jpg","16413","1","13","143","10253","2315"
"10553","boxi21993270","Boxi ?IP???","https://pbs.twimg.com/profile_images/1930486361406222336/aaJsL-WN.jpg","19485","1","13","143","11708","2316"
"13219","0Dluv","Dluv ??","https://pbs.twimg.com/profile_images/1905296161524547589/WFRy1Cwq.jpg","7429","1","13","143","7270","2317"
"15839","Jaden_UG","Jaden ?? ?? $BARD","https://pbs.twimg.com/profile_images/1931078739217268736/4Zp50fYf.jpg","11420","1","13","143","11420","2318"
"21482","RogerKrog","RogerKrog.TIBBIR","https://pbs.twimg.com/profile_images/1946492402094493696/y5pr3-cV.jpg","8900","1","13","143","8696","2319"
"22755","b3rt_one","b3rtone.eth","https://pbs.twimg.com/profile_images/1906811724935634944/Re6z7y3Y.jpg","6242","1","13","143","6080","2320"
"27316","birataturkcu88","BirT?rk_?????????????","https://pbs.twimg.com/profile_images/1674131427531673612/1J5cuzzB.jpg","572","1","13","143","368","2321"
"8252","ZF_lab","??Lab .eth??","https://pbs.twimg.com/profile_images/1904807983626018817/hqbkA9RO.jpg","5330","1","13","142","5075","2322"
"15383","lau_btc","LAU","https://pbs.twimg.com/profile_images/1764668283700006912/CZOD32Pj.jpg","17068","1","13","142","17068","2323"
"15989","crypto_yagiz","ya??z","https://pbs.twimg.com/profile_images/1695084882655854593/OL8PYYcG.jpg","16935","1","13","142","16935","2324"
"19068","0xgokdeniz","G?kdeniz(?,?)","https://pbs.twimg.com/profile_images/1957892606442033152/5lhoY6uO.jpg","5010","1","13","142","4855","2325"
"7242","0xdevinhoang","DevinHoang (?,G) ??","https://pbs.twimg.com/profile_images/1854014371305000960/mk2H5piC.jpg","27595","1","13","141","6790","2326"
"13279","moneyfet1sh","moneyfet1sh","https://pbs.twimg.com/profile_images/1920433835407286272/DdW40UMX.jpg","20168","1","13","141","20001","2327"
"16279","whimsioracle","WhimsiOracle ????????","https://pbs.twimg.com/profile_images/1846641712766001152/qxABuWdJ.jpg","41656","1","13","141","26455","2328"
"21389","dagee___","Dage ?","https://pbs.twimg.com/profile_images/1963348325073391619/X97pn11N.jpg","4550","1","13","141","4550","2329"
"23166","Lonewolf00011","First Adam????","https://pbs.twimg.com/profile_images/1938467737132531712/rspod7-R.jpg","2947","1","13","141","2947","2330"
"23172","ox3Marc","Marc","https://pbs.twimg.com/profile_images/1947162606524829696/QLW2-EEW.jpg","5874","1","13","141","5715","2331"
"23824","thejackal420","Sherlock","https://pbs.twimg.com/profile_images/1871123640839790592/ca2XVr6T.jpg","3537","1","13","141","3374","2332"
"25162","senya_xyz","Senya","https://pbs.twimg.com/profile_images/1968057280223490049/MN8ghUEh.jpg","11369","1","13","141","11197","2333"
"2535","ProofOfEly","Ely","https://pbs.twimg.com/profile_images/1899824667671576576/RVqjlLdW.jpg","109902","1","13","140","2377","2334"
"9139","qbiYl2XAKQLxykE","???????","https://pbs.twimg.com/profile_images/1931566117887336448/4T34e_-k.jpg","21889","1","13","139","16554","2335"
"10431","Jiiiklikli","Jiiiklikli - ??????????","https://pbs.twimg.com/profile_images/1920654766389985280/JbRCg0NW.jpg","51229","1","13","139","30494","2336"
"11276","hamidreza1521","Hl.ll .Hh = (Rotation) ??","https://pbs.twimg.com/profile_images/1740730890957828096/-mZtko9R.jpg","14960","1","13","139","13857","2337"
"15715","Inaari16","Inaari","https://pbs.twimg.com/profile_images/1874230957332443136/kZmAVFd3.jpg","4035","1","13","139","3872","2338"
"19705","shinzura06","Lyra (???)???","https://pbs.twimg.com/profile_images/1959196191696003073/Ast-7m_A.jpg","7400","1","13","139","7400","2339"
"21451","AaskorS","Shizuka","https://pbs.twimg.com/profile_images/1943276713888124928/PA86L-lt.jpg","4360","1","13","139","4205","2340"
"22269","Zcrylic","zcry (?,G)","https://pbs.twimg.com/profile_images/1452705743866515456/7Gk4XOzo.jpg","5265","1","13","139","5102","2341"
"23491","kofik111","Ruslan ??","https://pbs.twimg.com/profile_images/1946286778064748544/CPVKJX31.jpg","2648","1","13","139","2485","2342"
"23811","ArokMub","0xark (?,G)?(???)","https://pbs.twimg.com/profile_images/1911473915769057280/L0Txcy3B.jpg","5451","1","13","139","5288","2343"
"15960","artem_borovskij","broski","https://pbs.twimg.com/profile_images/1887505905958223872/xhsvNJP0.jpg","16170","1","13","138","15966","2344"
"17928","Alex_GPEG","Alex.GPEG ??","https://pbs.twimg.com/profile_images/1920900936144244737/dInmPnjQ.jpg","35221","1","13","138","35221","2345"
"28962","Dropazzo7","Dropazzo","https://pbs.twimg.com/profile_images/1944042139471556608/jBrXcBj5.jpg","138","1","13","138","138","2346"
"11837","SERENFT3","SEREN0??","https://pbs.twimg.com/profile_images/1928123886538772480/IGb44DdF.jpg","11855","1","13","137","11655","2347"
"13507","Conquerorr_1","Conqueror","https://pbs.twimg.com/profile_images/1928210235388301312/XX0EN64c.jpg","19263","1","13","137","19099","2348"
"13702","mfardecrouz","Aman","https://pbs.twimg.com/profile_images/1947300016395284480/NUXi6lMC.jpg","27955","1","13","137","27792","2349"
"16602","FreeHamster99","RainPod | ?: HUDL (?,G) (???) ?? ?","https://pbs.twimg.com/profile_images/1957528107793149955/qDpFH9ou.jpg","23541","1","13","137","16181","2350"
"17864","0xMOFRAD","MOFRAD?","https://pbs.twimg.com/profile_images/1963021542196940800/4Ie8LA9x.png","12687","1","13","137","4554","2351"
"20422","notunknownfr_","notunknownfr ?????,?????","https://pbs.twimg.com/profile_images/1965037437509619713/rnfh6Sat.jpg","34607","1","13","137","34607","2352"
"28744","max21e8","??????","https://pbs.twimg.com/profile_images/1958101083462447105/U4nyzaUF.jpg","1031","1","13","137","1031","2353"
"15761","bless_feed","Cogito.","https://pbs.twimg.com/profile_images/1918136579224133632/7ZjVsgQd.jpg","8606","1","13","136","8445","2354"
"20996","benshi2k6","larry ??","https://pbs.twimg.com/profile_images/1946321026545061888/HFPBVxPi.jpg","2675","1","13","136","2515","2355"
"21628","jp01050","JP","https://pbs.twimg.com/profile_images/1932743340505632768/JeyYHDvK.jpg","2748","1","13","136","2588","2356"
"23088","AmandaJ00087277","Amanda Johnson","https://pbs.twimg.com/profile_images/1646057189843558400/PHAVlKD_.jpg","1682","1","13","136","1682","2357"
"25078","arfffvxn","Arfan","https://pbs.twimg.com/profile_images/1946963430310916096/PWZXriPq.jpg","5650","1","13","136","5497","2358"
"9311","fair_boi_nedu","urieal.bit (?,?)","https://pbs.twimg.com/profile_images/1610259334742654982/5hEMj3k3.jpg","61899","1","13","135","36524","2359"
"9454","Anikets37307121","Mister singh","https://pbs.twimg.com/profile_images/1792972110949699584/DFk6Y3QI.jpg","72186","1","13","135","46515","2360"
"9499","Crypto_bn","Crypto ?? ?N","https://pbs.twimg.com/profile_images/1947566298676006912/5hcEjxgd.jpg","5912","1","13","135","5912","2361"
"9507","thedocx70","the doc","https://pbs.twimg.com/profile_images/1964986038939508736/si0X1YAR.jpg","43102","1","13","135","33848","2362"
"10116","mrsmiles65","blvcksimba???","https://pbs.twimg.com/profile_images/1901947081851285504/XGoNaaX6.jpg","43964","1","13","135","35289","2363"
"11820","Maxyz741","Maxyz741 ?","https://pbs.twimg.com/profile_images/1870226912007622656/2u-xCmL4.jpg","11174","1","13","135","11007","2364"
"20310","PorunoHimitsu","X | APH","https://pbs.twimg.com/profile_images/1944914919700242432/WmrkBopw.jpg","7514","1","13","135","7363","2365"
"22820","AbolyMahdyh","mahdyh7u","https://pbs.twimg.com/profile_images/1939998307314462720/N2B_V0sH.jpg","958","1","13","135","725","2366"
"27492","blurschain","blurschaiN","https://pbs.twimg.com/profile_images/1943678344232419328/50b-ZNjF.jpg","4256","1","13","135","1468","2367"
"9631","web3YJ","Crypto??","https://pbs.twimg.com/profile_images/1870482866611650562/SXWFgc7b.jpg","38050","1","13","134","32768","2368"
"16100","saeedophsk51944","Saeedophsky.base.eth ?? ?? ??","https://pbs.twimg.com/profile_images/1922934253760782336/p68Omyqu.jpg","11507","1","13","134","3456","2369"
"16047","Byemail_","!Bay ?:","https://pbs.twimg.com/profile_images/1964993237598498816/GdIqlUdo.jpg","1089","1","13","134","1089","2370"
"16567","PZhiaran","Patrick Zhiaran ????","https://pbs.twimg.com/profile_images/1284244418120253446/30k1y3VG.jpg","11364","1","13","134","11364","2371"
"17854","AlitaIntel","ALITA??","https://pbs.twimg.com/profile_images/1967014359445684224/R4xvoh_X.jpg","4212","1","13","134","4212","2372"
"20512","black_mufassa","Blackmufassa. Gnoma Anomage ? ?????,?????","https://pbs.twimg.com/profile_images/1598912264656093185/tNRcIOvb.jpg","7783","1","13","134","7632","2373"
"23218","viktoh_xxl","Viktoh_xxl (?????,?????)","https://pbs.twimg.com/profile_images/1918796520104583168/aA7PsGrD.jpg","5349","1","13","134","5197","2374"
"22989","BrrAnthony","G R A M","https://pbs.twimg.com/profile_images/1939728625965625344/hILrFRTc.jpg","17252","1","13","133","15752","2375"
"23881","shahafshari","SHAHAN ?? ?????,??????","https://pbs.twimg.com/profile_images/1963530261640986624/x_CKQpw7.jpg","927","1","13","133","827","2376"
"26478","mirnowq","mirnow","https://pbs.twimg.com/profile_images/1928127289780240384/IJoVGzca.jpg","1462","1","13","133","1302","2377"
"10414","JOSEonsol","JOSEon.sol","https://pbs.twimg.com/profile_images/1949358359477358593/PEBmVYp3.jpg","78086","1","13","132","30801","2378"
"16036","JimboCryptoLand","Jimbos Crypto Land","https://pbs.twimg.com/profile_images/1842145786118668288/uBLDoPGO.jpg","5070","1","13","132","5070","2379"
"20026","toerr_ishuman","Kashmir ?? ?? ?? ??","https://pbs.twimg.com/profile_images/1874679276173488128/gonO9Fw0.jpg","32684","1","13","132","32684","2380"
"23836","PriewPeter","peterpriew ?????","https://pbs.twimg.com/profile_images/1874366535630020612/leu5R80N.jpg","12409","1","13","132","12409","2381"
"24113","YuvarajSatya","YuvaRaj ???? (?,G) .ink ?????,?????","https://pbs.twimg.com/profile_images/1942426117371224064/LqBA3e6x.jpg","3065","1","13","132","2916","2382"
"10094","SHittoshii","ShiTT?shi","https://pbs.twimg.com/profile_images/1915145069180375040/KdnHiI3T.jpg","26284","1","13","131","14056","2383"
"16736","CredoRetard","Credo9????","https://pbs.twimg.com/profile_images/1942476995851333633/WzMaP4Hp.jpg","11508","1","13","131","11508","2384"
"22724","nilangabandara5","DHANU ??","https://pbs.twimg.com/profile_images/1958591372682043392/CyuKCLtK.jpg","2935","1","13","131","2935","2385"
"22992","FrostyBastos","Bastos????","https://pbs.twimg.com/profile_images/1888223767442100224/q5uL3rC2.jpg","4580","1","13","131","4580","2386"
"24639","qillakesya","acelots_??: ??????????.??*:?","https://pbs.twimg.com/profile_images/1899656555047555072/Ke45kgHz.jpg","1898","1","13","131","1750","2387"
"2676","rollinpinkpanda","Panda","https://pbs.twimg.com/profile_images/1924167178300936192/g2-0ERN4.jpg","108543","1","13","130","1639","2388"
"6916","ReDKeV32","ReDKeV","https://pbs.twimg.com/profile_images/1934096239252881408/6Yulm8iR.jpg","70410","1","13","130","43705","2389"
"8922","KEERIKKADAN_","KEERIKKADAN","https://pbs.twimg.com/profile_images/1958553282156392448/2BTI3F53.jpg","80199","1","13","130","35214","2390"
"9751","doom7991","doom(?,G)| NERO ??","https://pbs.twimg.com/profile_images/1938584243661324288/KGD07Ts2.jpg","38058","1","13","129","34840","2391"
"19797","justkennethape","kenneth.hl","https://pbs.twimg.com/profile_images/1862513384089899010/soBYcRaZ.jpg","8152","1","13","129","7588","2392"
"22440","0xKaptan","0xkaptan","https://pbs.twimg.com/profile_images/1843395299907182592/oSQ-9T9N.jpg","3446","1","13","129","3446","2393"
"24640","PhilV2dot1","Phil V2.1.ink ?? ??","https://pbs.twimg.com/profile_images/1884204538233602048/a6i9I2Yf.jpg","2552","1","13","129","2552","2394"
"28195","Yura__eth","YuRii ? ETH ??","https://pbs.twimg.com/profile_images/1961141654615715840/wVR8hNKC.jpg","30083","1","13","129","29906","2395"
"7236","gemg325","????.kongz.eth / dgm","https://pbs.twimg.com/profile_images/1955882509453156352/QtozxOkS.jpg","66919","1","13","128","36014","2396"
"12260","aminumahmud5","iamperil","https://pbs.twimg.com/profile_images/1845253324284567556/Ca6Ut2CP.jpg","46687","1","13","128","46687","2397"
"21923","akhmedovh07","MAJID","https://pbs.twimg.com/profile_images/1965306382141603840/wRZRX09V.jpg","4642","1","13","128","4493","2398"
"24399","potatoz4u","Potatoz4u","https://pbs.twimg.com/profile_images/1572713409086373889/YVmRxvfI.jpg","28282","1","13","128","28282","2399"
"32165","herewgaeth","herewga.hl","https://pbs.twimg.com/profile_images/1964122921992929280/NHqeCrQv.jpg","2117","1","13","128","128","2400"
"10163","68xlucky","LuckyGuy ????","https://pbs.twimg.com/profile_images/1965584176834641922/4dQ8kPp3.jpg","26783","1","13","127","24033","2401"
"10863","evelyn_bhaire","Evelynbhaire","https://pbs.twimg.com/profile_images/1769008907349798912/ZfLG_slr.jpg","39027","1","13","127","35837","2402"
"11465","superJinee","Jinee Monad","https://pbs.twimg.com/profile_images/1947993113185910784/7dWenVyL.jpg","19451","1","13","127","18776","2403"
"12690","LaunchDid","Newgate.bnb ?? (?,G)","https://pbs.twimg.com/profile_images/1966115119211192320/u1dnsHxl.jpg","11453","1","13","127","11453","2404"
"22143","smd01_","smd01_","https://pbs.twimg.com/profile_images/1868617339635126272/unHMYBcS.jpg","2790","1","13","127","2790","2405"
"24606","IvanBihun1","John Ra?","https://pbs.twimg.com/profile_images/1937541087792410624/poThl3m8.jpg","3351","1","13","127","3351","2406"
"25193","St_Lavr","St.DEFI ??","https://pbs.twimg.com/profile_images/1950535805262266368/F76QZK09.jpg","3010","1","13","127","3010","2407"
"9804","oceansbaby_","Crius???? $M | ??????","https://pbs.twimg.com/profile_images/1946240311199764480/GFHC1bDw.png","69245","1","13","126","43334","2408"
"12485","0xVegeeta","Vegeta","https://pbs.twimg.com/profile_images/1957316485539348480/7sYJjEdF.jpg","39562","1","13","126","36388","2409"
"15910","shinjaejin80","Jini","https://pbs.twimg.com/profile_images/1941846125335752704/0bxMYUs7.jpg","18880","1","13","126","18726","2410"
"21421","n0_vist","Sunset Guy","https://pbs.twimg.com/profile_images/1960335509772767232/hdsmYN4M.jpg","6332","1","13","126","6332","2411"
"22266","IAMAQIL95","AQIL","https://pbs.twimg.com/profile_images/1945157451789049867/d91cN-Xp.jpg","6515","1","13","126","6515","2412"
"22376","Hiroshi_crypt","Hiroshi","https://pbs.twimg.com/profile_images/1603416750888042496/7t4xffai.jpg","2843","1","13","126","2843","2413"
"7395","bossnft3","Luckpunk","https://pbs.twimg.com/profile_images/1912806435525906432/XynA145v.jpg","37462","1","13","125","20214","2414"
"7952","BaroOdyssey","Baro || Odyssey","https://pbs.twimg.com/profile_images/1781011949498912768/PjaG2-8f.jpg","4552","1","13","125","3097","2415"
"11842","brave_raf","Dr Rafa","https://pbs.twimg.com/profile_images/1938512181970276356/mWwM8Fu3.jpg","41775","1","13","125","36975","2416"
"23544","vidanage99","kavishka ?","https://pbs.twimg.com/profile_images/1944995294933893120/RA-zxr4s.jpg","4039","1","13","125","4039","2417"
"27997","MoonArack","MoonArack ??","https://pbs.twimg.com/profile_images/1942868177718784000/YVnyUdIS.jpg","29471","1","13","125","6801","2418"
"29832","plumpkintoots","Plump Kins","https://pbs.twimg.com/profile_images/1959248483288018944/u3P1WlyW.jpg","9642","1","13","125","8583","2419"
"11446","lavenil_","lav","https://pbs.twimg.com/profile_images/1945880818666094592/JvJPIoBy.jpg","58469","1","13","124","32629","2420"
"15552","putra_noveka","hananiah","https://pbs.twimg.com/profile_images/1961365093201186816/sdt5gafY.jpg","8536","1","13","124","8536","2421"
"22222","avarithhgrind","avarithh (locked/in)","https://pbs.twimg.com/profile_images/1934153069585207296/H6Gylajy.jpg","12075","1","13","124","12075","2422"
"22293","hassan_samimi","samimi ??","https://pbs.twimg.com/profile_images/1953536234782949376/4aLK5nY8.jpg","4100","1","13","124","4100","2423"
"23999","legonkov_a","zorn","https://pbs.twimg.com/profile_images/1899526535230484480/5jwETQPe.jpg","62818","1","13","124","12818","2424"
"4288","KimSaneee","KimS4ne","https://pbs.twimg.com/profile_images/1916889112726077440/-VEFUtce.jpg","18267","1","13","123","5769","2425"
"19387","luna_xbae","luna ?","https://pbs.twimg.com/profile_images/1952086191232241664/Ep8pBIfj.jpg","41248","1","13","123","41248","2426"
"8482","MounaimRa","Mounaim","https://pbs.twimg.com/profile_images/1964259969198436352/q89NFtGw.jpg","30385","1","13","122","28920","2427"
"10739","sheyiphillips1","Sheyi Phillips (???)","https://pbs.twimg.com/profile_images/1718382777396080640/Zz-hzMIu.jpg","29418","1","13","122","27343","2428"
"17020","BelissimmoWeb3","Belissimmo (???)","https://pbs.twimg.com/profile_images/1930689831970992128/GXf08Vjm.jpg","8817","1","13","122","8667","2429"
"19894","Mim5100","mahb00b","https://pbs.twimg.com/profile_images/1965454589043306496/HzVcEgxx.jpg","12364","1","13","122","12212","2430"
"23392","cyb3r_nodes","Cyb3r","https://pbs.twimg.com/profile_images/1879272951586889728/MacOoBbL.jpg","5515","1","13","122","5515","2431"
"23522","0x3mmnu3l","3mmnu3l.somi | ??'??","https://pbs.twimg.com/profile_images/1943879640889667584/p84BaVeO.jpg","5008","1","13","122","4842","2432"
"24707","eni__ola_","Eniola","https://pbs.twimg.com/profile_images/1908093041845383168/_BEyUr6c.jpg","1111","1","13","122","1111","2433"
"24811","DegenBarb1e","0xDegenDoll","https://pbs.twimg.com/profile_images/1927005677798494208/PGgqyy39.jpg","12656","1","13","122","12469","2434"
"11365","ihyseun","ihyseun.eth (?,?)","https://pbs.twimg.com/profile_images/1862426599452205056/H8OThmDB.jpg","29953","1","13","121","28743","2435"
"21669","7abbaboy","Abba","https://pbs.twimg.com/profile_images/1934302459943428097/VZsKR7gY.jpg","3707","1","13","121","3707","2436"
"23877","ELIZZYWORLD","IFEOLUWA","https://pbs.twimg.com/profile_images/1962155690912288768/-4Zm563Z.jpg","5553","1","13","121","5553","2437"
"25900","mskaushan","Marynka","https://pbs.twimg.com/profile_images/1955008668870615041/W-rP1o-a.jpg","16116","1","13","121","15936","2438"
"27212","BAhmadi430896","B.Ahmadi","https://pbs.twimg.com/profile_images/1954464669634105344/AHWpHqX3.jpg","2832","1","13","121","2832","2439"
"27559","droppredator","Vova DP","https://pbs.twimg.com/profile_images/1781216185951907840/azSTRtFJ.jpg","16848","1","13","121","16848","2440"
"14900","0xmr_staph","redacted","https://pbs.twimg.com/profile_images/1883749099591114752/8p_XIi74.jpg","36223","1","13","120","22106","2441"
"15617","zoop_t","Zoop","https://pbs.twimg.com/profile_images/1954937498162864128/95AisAx2.jpg","23528","1","13","120","22082","2442"
"15628","CryptoFloki","Floki","https://pbs.twimg.com/profile_images/1868489294752485376/VkQ5q4u6.jpg","16182","1","13","120","16182","2443"
"23800","bankshelby1","???K $????? ??","https://pbs.twimg.com/profile_images/1769139055369859073/u9bEPwwA.jpg","3243","1","13","120","3078","2444"
"24002","0xMarkus1337","Markus","https://pbs.twimg.com/profile_images/1947510652823552000/KrmChmmd.jpg","3599","1","13","120","3599","2445"
"25163","ninih_ola","Nini (?,G)","https://pbs.twimg.com/profile_images/1651579494145171458/rmNZdY_c.jpg","2697","1","13","120","2697","2446"
"26635","mah80000008","Mamoosh","https://pbs.twimg.com/profile_images/1953004813433688064/nUhq0jky.jpg","3258","1","13","120","3258","2447"
"3708","g3rmxyz","g3rm ??","https://pbs.twimg.com/profile_images/1964378805742514176/gkVx7M9g.jpg","700028","1","13","119","174575","2448"
"5971","nftsamuraii","Samurai`","https://pbs.twimg.com/profile_images/1924064640713003008/_btTpvPf.jpg","62420","1","13","119","60160","2449"
"13128","KarlKestis","KarlKestis (?,?)????","https://pbs.twimg.com/profile_images/1950990476275863552/piDJdXwf.jpg","30510","1","13","119","30510","2450"
"13653","youzi_chigua","??????????? $FF","https://pbs.twimg.com/profile_images/1889571689606029312/-Vvf5Sps.jpg","22534","1","13","119","22534","2451"
"14099","SharkKay420","PupBandito","https://pbs.twimg.com/profile_images/1926213267057250304/EixhkIAV.jpg","18713","1","13","119","18713","2452"
"17564","cromeshnik","Arhont","https://pbs.twimg.com/profile_images/1943748267742781440/PtMwhiD9.jpg","32926","1","13","119","32926","2453"
"19070","Avenue_Defi","Defi Avenue","https://pbs.twimg.com/profile_images/1926918875058147328/399TKPWa.jpg","26249","1","13","119","26078","2454"
"19896","santosh_as","Santosh (???)(?,?)","https://pbs.twimg.com/profile_images/1930536559587024896/-fy4xtqh.jpg","2915","1","13","119","2915","2455"
"23628","lithiumjk","erso.bjk |","https://pbs.twimg.com/profile_images/1901020790625017856/AU5YfTcL.jpg","2648","1","13","119","2648","2456"
"23977","0xRichardW","0xRichard","https://pbs.twimg.com/profile_images/1944886796711534592/0BEjFaj1.jpg","3285","1","13","119","3285","2457"
"25284","Poe12Lorenza","?? DORIAN NAGAMOTO ?????? ??","https://pbs.twimg.com/profile_images/1900940373343584256/hcnpSVE3.jpg","2344","1","13","119","2344","2458"
"18806","0xBumblebee","Bumblebee","https://pbs.twimg.com/profile_images/1809273539872067584/62f8EGZw.png","5937","1","13","118","5937","2459"
"19733","AlhalalCrypto","Alhalal Crypto Academy","https://pbs.twimg.com/profile_images/1521937626772692992/SX0gWm2D.jpg","3253","1","13","118","3253","2460"
"21998","TheBearBullish","Atakan.moca??","https://pbs.twimg.com/profile_images/1960464092348493824/IA-OnVrl.jpg","3994","1","13","118","3478","2461"
"3774","wagmigently","Karma","https://pbs.twimg.com/profile_images/1953153844503818240/q_mD9u45.jpg","33398","1","13","117","28998","2462"
"12330","fwtroyse","Troyse.defi/acc","https://pbs.twimg.com/profile_images/1953419652261990400/9x6WVaVr.jpg","27757","1","13","117","26492","2463"
"17416","SolPub2","SolPub","https://pbs.twimg.com/profile_images/1886386894470078464/RypnA14G.jpg","19598","1","13","117","16097","2464"
"18988","MythagoW3","MythagoW","https://pbs.twimg.com/profile_images/1952357493650132992/_A6jr7r8.jpg","723","1","13","117","723","2465"
"20708","Soundbites_Move","Soundbites ????","https://pbs.twimg.com/profile_images/1886494848749801472/2x0BIYZl.jpg","11213","1","13","117","11213","2466"
"29480","VoloCommander","Volodia ?ommander","https://pbs.twimg.com/profile_images/1917868202689789952/6ESiPp_r.jpg","11489","1","13","117","11489","2467"
"22395","Sanuda29","Sanuda Bandara ??","https://pbs.twimg.com/profile_images/1940694614601613312/CLDe9YF8.jpg","7391","1","13","116","7217","2468"
"22406","Sominft","0xartist base.eth (?,?) .ink??(?,G) ?????/acc ??","https://pbs.twimg.com/profile_images/1888798616652824576/r9lD3guH.jpg","31305","1","13","116","30114","2469"
"26372","atayumETH","Atayum.eth","https://pbs.twimg.com/profile_images/1960872257967767552/2OSttTFv.jpg","18368","1","13","116","8232","2470"
"10703","ameenfnf","ameenfnf","https://pbs.twimg.com/profile_images/1827462648335585280/m57l6jB6.jpg","33089","1","13","115","31999","2471"
"11097","w3b3grey","grey ????","https://pbs.twimg.com/profile_images/1953131387545919488/YlxMaQHV.jpg","1524","1","13","115","1219","2472"
"25887","flyyy111","fly","https://pbs.twimg.com/profile_images/1773719652444553216/-4E_Gnoa.jpg","13019","1","13","115","12846","2473"
"26692","Samanee0720","Samaneh","https://pbs.twimg.com/profile_images/1646090031193260032/NvkvrnwS.jpg","8815","1","13","115","8292","2474"
"28367","valebeogood","Valebegood","https://pbs.twimg.com/profile_images/1879952241668304896/8pMLfDqc.jpg","2034","1","13","115","1872","2475"
"2947","bogdanoffi","stakeyour.eth ????","https://pbs.twimg.com/profile_images/1882327993705738240/PvXNHBj4.jpg","106447","1","13","114","7870","2476"
"22612","ayomidey200","0x Trader","https://pbs.twimg.com/profile_images/1912344915331133441/qbbzpOAb.jpg","4280","1","13","114","4280","2477"
"22561","SchweppesGuy","MD ???????","https://pbs.twimg.com/profile_images/1905547934982119424/ZtRPAtKm.jpg","1499","1","13","114","1499","2478"
"27882","MakadaFt2","Ft2?ToMo","https://pbs.twimg.com/profile_images/1954250621919326208/5MFnsPXD.jpg","1094","1","13","114","1094","2479"
"29652","shans138300","????? AYLAR??","https://pbs.twimg.com/profile_images/1956461917448347648/doZ3YnYk.jpg","1930","1","13","114","1530","2480"
"5217","dfouk","dimifk???? - ??","https://pbs.twimg.com/profile_images/1943586208623267840/yAi1DEWq.jpg","73406","1","13","113","22687","2481"
"13681","janosijoz","Gordon.Sol","https://pbs.twimg.com/profile_images/1898812923104866304/fOj2s0fM.jpg","21974","1","13","113","21974","2482"
"12169","skysmilectx","skysmile|Bird???????","https://pbs.twimg.com/profile_images/1929170106954981379/gdsPMkHg.jpg","13688","1","13","112","13688","2483"
"14585","zhangyuge211206","?????","https://pbs.twimg.com/profile_images/1953864075794165761/8vM56R6D.jpg","12703","1","13","112","12703","2484"
"21269","0xbonson","bonson (???)","https://pbs.twimg.com/profile_images/1942840349732507649/iK8aLkBq.jpg","3956","1","13","112","3956","2485"
"5431","ipaperhand","Ammar","https://pbs.twimg.com/profile_images/1905402975289540608/UYvvVU7X.jpg","279127","1","13","111","96425","2486"
"12490","wsj213065538514","wsj_??","https://pbs.twimg.com/profile_images/1663147890045517826/aEXguYAC.jpg","27272","1","13","111","27272","2487"
"13811","sahar_zeinali","Sahar, (???)","https://pbs.twimg.com/profile_images/1572534074127929353/rVLEZRpW.jpg","37041","1","13","111","29541","2488"
"20080","Mashi2023","Mashi ?? ??","https://pbs.twimg.com/profile_images/1874329818398953472/3ZwfU0HB.jpg","6320","1","13","111","6320","2489"
"20901","Bits5_","bits5.lens","https://pbs.twimg.com/profile_images/1626294506361597952/eI5ahf6g.jpg","6528","1","13","111","6528","2490"
"21684","its_Alina_X","Alina","https://pbs.twimg.com/profile_images/1683791822101921793/BpecSdvt.jpg","20763","1","13","111","20763","2491"
"24158","Tehangekk","tehangek ????","https://pbs.twimg.com/profile_images/1946420571950194689/0zS9Q20C.jpg","5161","1","13","111","5161","2492"
"25573","Mentorunuz","Daemial","https://pbs.twimg.com/profile_images/1941785065995771904/pX2ODQDd.jpg","2838","1","13","111","2838","2493"
"26092","0xvangog","van gogh","https://pbs.twimg.com/profile_images/1966427773066502144/8nAhv_mi.jpg","6859","1","13","111","6859","2494"
"8144","Trader137878051","SUNNY10X","https://pbs.twimg.com/profile_images/1949908584021590017/2ZDbH8QI.jpg","75661","1","13","110","19276","2495"
"16487","HezalNfts","Hezal","https://pbs.twimg.com/profile_images/1895168540241530880/p_dsAeNH.jpg","8819","1","13","110","8819","2496"
"25785","Angello3400PRMR","Angello3400 ??","https://pbs.twimg.com/profile_images/1854988871550779393/jCJ3zV7r.jpg","9265","1","13","110","801","2497"
"26947","volynetspetro","Volinets.eth","https://pbs.twimg.com/profile_images/1960094873773584384/kQ7yJtxx.jpg","5536","1","13","110","5536","2498"
